Region,Governorate,Income_Category,Date,GDP_Per_Capita_USD,Organic_Waste_Percentage,Plastic_Percentage,Paper_Cardboard_Percentage,Glass_Percentage,Metal_Percentage,Other_Waste_Percentage,Recycling_Rate_Percentage,Population,Total_MSW_Generated_Tons_Month,Agricultural_Waste_Tons_Year,Construction_Demolition_Waste_Tons_Year,E_Waste_Tons_Year,Hazardous_Waste_Tons_Year,Medical_Waste_Tons_Year,Total_Annual_MSW_Tons_Year,Waste_Collection_Coverage_Population_Percentage,Waste_Collection_Coverage_Waste_Percentage,Compost_Treatment_Percentage,Incineration_Percentage,Data_Source
Alexandria Region,Alexandria,Middle/High Urban,2021-01,3690,58.6,9,3.4,4.1,7.5,17.4,12.2,5229853,141206,1596879,229629,4833,22580,5950,1718007,85.6,81.4,11.9,1.6,Alexandria Governorate - General Administration of Solid Waste
Alexandria Region,Alexandria,Middle/High Urban,2021-02,3690,59.1,15.7,10.3,0.5,0.5,13.9,12,5237175,141404,1596879,229629,4833,22580,5950,1720412,84.6,80.4,11.8,1.7,Alexandria Governorate - General Administration of Solid Waste
Alexandria Region,Alexandria,Middle/High Urban,2021-03,3690,54.6,16.2,12.8,6.2,1.7,8.6,12.6,5244507,141602,1596879,229629,4833,22580,5950,1722821,83.8,79.6,11.2,2.4,Alexandria Governorate - General Administration of Solid Waste
Alexandria Region,Alexandria,Middle/High Urban,2021-04,3690,67.5,15.8,0.5,0.6,0.5,15.1,13,5251850,167324,1653395,223697,4842,21969,6204,1725233,88.9,84.4,11.2,2.6,Alexandria Governorate - General Administration of Solid Waste
Alexandria Region,Alexandria,Middle/High Urban,2021-05,3690,58.6,14.3,10.3,3.6,0.6,12.7,12.4,5259202,141998,1653395,223697,4842,21969,6204,1727648,88.5,84.1,11.9,1.3,Alexandria Governorate - General Administration of Solid Waste
Alexandria Region,Alexandria,Middle/High Urban,2021-06,3690,51,14.5,12.1,1,8.9,12.5,12.6,5266565,177746,1653395,223697,4842,21969,6204,1730067,86.1,81.8,11.2,2.6,Alexandria Governorate - General Administration of Solid Waste
Alexandria Region,Alexandria,Middle/High Urban,2021-07,3690,63.3,10.6,1.8,5.8,4,14.4,13.4,5273938,177995,1583606,221016,4958,22908,6016,1732489,83.1,79,13.8,2.1,Alexandria Governorate - General Administration of Solid Waste
Alexandria Region,Alexandria,Middle/High Urban,2021-08,3690,54.4,13.1,7.9,2.9,6.5,15.2,13.2,5281322,178245,1583606,221016,4958,22908,6016,1734914,86.6,82.2,12.3,2.1,Alexandria Governorate - General Administration of Solid Waste
Alexandria Region,Alexandria,Middle/High Urban,2021-09,3690,71.5,14.8,10.3,0.6,1.9,0.9,12.9,5288716,142795,1583606,221016,4958,22908,6016,1737343,85.2,81,12.7,2.1,Alexandria Governorate - General Administration of Solid Waste
Alexandria Region,Alexandria,Middle/High Urban,2021-10,3690,58.8,13.8,13.3,3.3,4.9,5.8,13.4,5296120,142995,1585282,233022,4510,22599,6268,1739775,88.6,84.1,12.1,2.1,Alexandria Governorate - General Administration of Solid Waste
Alexandria Region,Alexandria,Middle/High Urban,2021-11,3690,59.2,6.8,5.5,3.4,8.6,16.5,13.1,5303534,143195,1585282,233022,4510,22599,6268,1742211,89.2,84.7,11.3,2.6,Alexandria Governorate - General Administration of Solid Waste
Alexandria Region,Alexandria,Middle/High Urban,2021-12,3690,61.7,14.2,7.8,2,5.1,9.2,13.3,5310959,143396,1585282,233022,4510,22599,6268,1744650,88.1,83.7,13.3,1.5,Alexandria Governorate - General Administration of Solid Waste
Alexandria Region,Alexandria,Middle/High Urban,2022-01,4295,56.3,11.1,13,7.7,0.5,11.4,13.7,5318395,143597,1653037,230988,4741,22373,5901,1747093,89.5,85.1,12.2,2,Alexandria Governorate - General Administration of Solid Waste
Alexandria Region,Alexandria,Middle/High Urban,2022-02,4295,50.1,5.4,5.6,13.3,5.1,20.6,12.9,5325840,143798,1653037,230988,4741,22373,5901,1749538,87.7,83.3,11.3,1.8,Alexandria Governorate - General Administration of Solid Waste
Alexandria Region,Alexandria,Middle/High Urban,2022-03,4295,59.2,10,8.3,6.2,4.6,11.6,13.2,5333297,143999,1653037,230988,4741,22373,5901,1751988,88.7,84.3,11.4,2.5,Alexandria Governorate - General Administration of Solid Waste
Alexandria Region,Alexandria,Middle/High Urban,2022-04,4295,50.8,23.6,8.5,2.3,3.1,11.6,13.8,5340763,170157,1644620,219276,4933,22031,5778,1754441,84.6,80.4,12.2,2,Alexandria Governorate - General Administration of Solid Waste
Alexandria Region,Alexandria,Middle/High Urban,2022-05,4295,57.1,18.2,9.6,0.5,2.5,12.1,13.7,5348240,144402,1644620,219276,4933,22031,5778,1756897,86.8,82.4,11.3,2.3,Alexandria Governorate - General Administration of Solid Waste
Alexandria Region,Alexandria,Middle/High Urban,2022-06,4295,58.9,16.7,10.1,0.5,0.5,13.4,14.4,5355728,180756,1644620,219276,4933,22031,5778,1759357,85.7,81.4,10.6,1.3,Alexandria Governorate - General Administration of Solid Waste
Alexandria Region,Alexandria,Middle/High Urban,2022-07,4295,66.9,13.3,9.4,1.8,3.4,5.2,14,5363226,181009,1687901,234492,4664,22799,6093,1761820,89.4,84.9,12.2,2.5,Alexandria Governorate - General Administration of Solid Waste
Alexandria Region,Alexandria,Middle/High Urban,2022-08,4295,53.4,11.1,15.3,0.7,4.1,15.5,13.9,5370734,181262,1687901,234492,4664,22799,6093,1764286,89.6,85.1,10.7,2.5,Alexandria Governorate - General Administration of Solid Waste
Alexandria Region,Alexandria,Middle/High Urban,2022-09,4295,58.4,17.2,9.4,2,0.5,12.5,15.3,5378253,145213,1687901,234492,4664,22799,6093,1766756,87.8,83.4,10.6,1.6,Alexandria Governorate - General Administration of Solid Waste
Alexandria Region,Alexandria,Middle/High Urban,2022-10,4295,46.4,13.1,10.1,5.4,6.8,18.2,14.7,5385783,145416,1706603,221303,4743,22208,5908,1769230,88.8,84.4,11.4,2.1,Alexandria Governorate - General Administration of Solid Waste
Alexandria Region,Alexandria,Middle/High Urban,2022-11,4295,48.5,15,7.4,7.5,6,15.6,14.9,5393323,145620,1706603,221303,4743,22208,5908,1771707,84.9,80.6,13.1,1.9,Alexandria Governorate - General Administration of Solid Waste
Alexandria Region,Alexandria,Middle/High Urban,2022-12,4295,58,10.6,4.7,4,9.5,13.2,14.5,5400874,145824,1706603,221303,4743,22208,5908,1774187,83.8,79.6,10.7,2.2,Alexandria Governorate - General Administration of Solid Waste
Alexandria Region,Alexandria,Middle/High Urban,2023-01,3700,57.3,15.7,8.6,9,0.5,8.9,15,5408435,146028,1722440,235439,4749,23628,5882,1776671,87.6,83.2,13.1,2,Alexandria Governorate - General Administration of Solid Waste
Alexandria Region,Alexandria,Middle/High Urban,2023-02,3700,52.7,9.8,11.4,5.2,4.5,16.4,15.3,5416007,146232,1722440,235439,4749,23628,5882,1779158,84.6,80.4,13.2,2,Alexandria Governorate - General Administration of Solid Waste
Alexandria Region,Alexandria,Middle/High Urban,2023-03,3700,59.8,8.2,11.7,1.7,0.5,18.2,15,5423589,172796,1722440,235439,4749,23628,5882,1781649,84.7,80.4,12.5,2.6,Alexandria Governorate - General Administration of Solid Waste
Alexandria Region,Alexandria,Middle/High Urban,2023-04,3700,52.4,16.4,9.1,5.4,7.1,9.5,15.8,5431182,146642,1712848,219952,4942,22572,6246,1784143,85.7,69.2,12.6,2.5,Alexandria Governorate - General Administration of Solid Waste
Alexandria Region,Alexandria,Middle/High Urban,2023-05,3700,52.1,12.1,11.7,4.2,7,12.8,15.5,5438786,146847,1712848,219952,4942,22572,6246,1786641,87.8,83.4,10.2,1.7,Alexandria Governorate - General Administration of Solid Waste
Alexandria Region,Alexandria,Middle/High Urban,2023-06,3700,47.4,17.7,6,8.5,2.6,17.7,15.8,5446400,183816,1712848,219952,4942,22572,6246,1789142,83.2,79.1,12.4,2.3,Alexandria Governorate - General Administration of Solid Waste
Alexandria Region,Alexandria,Middle/High Urban,2023-07,3700,56.2,13.7,11.2,5.1,0.5,13.4,15.8,5454025,184074,1680106,236717,4912,22511,6438,1791647,84.7,80.5,12.7,1.9,Alexandria Governorate - General Administration of Solid Waste
Alexandria Region,Alexandria,Middle/High Urban,2023-08,3700,52.5,13.8,5.3,0.5,9.4,18.4,16.8,5461661,184331,1680106,236717,4912,22511,6438,1794156,85.5,81.2,12.6,1.3,Alexandria Governorate - General Administration of Solid Waste
Alexandria Region,Alexandria,Middle/High Urban,2023-09,3700,54.2,13.2,8.7,6.1,0.5,17.3,16.3,5469307,147671,1680106,236717,4912,22511,6438,1796667,86,81.7,10.9,2.7,Alexandria Governorate - General Administration of Solid Waste
Alexandria Region,Alexandria,Middle/High Urban,2023-10,3700,58.3,12.2,10.6,1.7,4.6,12.6,16,5476964,147878,1671112,242837,4999,23095,6302,1799183,83.3,79.2,13.5,2.3,Alexandria Governorate - General Administration of Solid Waste
Alexandria Region,Alexandria,Middle/High Urban,2023-11,3700,55.7,17.3,7,3.4,4.8,11.8,16.8,5484632,148085,1671112,242837,4999,23095,6302,1801702,88.3,83.9,13.7,1.8,Alexandria Governorate - General Administration of Solid Waste
Alexandria Region,Alexandria,Middle/High Urban,2023-12,3700,56.5,14.9,14,1.6,0.5,12.6,16.2,5492310,148292,1671112,242837,4999,23095,6302,1804224,84.8,80.6,11.1,1.4,Alexandria Governorate - General Administration of Solid Waste
Alexandria Region,Alexandria,Middle/High Urban,2024-01,3200,48,14,4.9,12.3,7.6,13.2,16.9,5500000,148500,1639892,241182,4699,23850,6489,1806750,85.2,81,11.8,2.3,Alexandria Governorate - General Administration of Solid Waste
Alexandria Region,Alexandria,Middle/High Urban,2024-02,3200,61.5,6.7,20.7,1.7,2.5,6.9,16.1,5507700,148708,1639892,241182,4699,23850,6489,1809279,88.8,84.3,12.6,2.1,Alexandria Governorate - General Administration of Solid Waste
Alexandria Region,Alexandria,Middle/High Urban,2024-03,3200,66.8,8.9,10.7,1.9,0.5,11.3,16.6,5515410,175721,1639892,241182,4699,23850,6489,1811812,89.7,85.2,13.1,2.4,Alexandria Governorate - General Administration of Solid Waste
Alexandria Region,Alexandria,Middle/High Urban,2024-04,3200,52.8,7.3,6.4,6.3,12.4,14.9,17.3,5523132,149125,1790071,227662,4819,24469,5961,1814349,85.8,81.5,13.7,2.7,Alexandria Governorate - General Administration of Solid Waste
Alexandria Region,Alexandria,Middle/High Urban,2024-05,3200,53.2,11.8,10.2,2.8,6.8,15.1,17.6,5530864,149333,1790071,227662,4819,24469,5961,1816889,84.4,80.2,10.6,1.7,Alexandria Governorate - General Administration of Solid Waste
Alexandria Region,Alexandria,Middle/High Urban,2024-06,3200,52.6,10.4,13.5,3,0.4,20,17.6,5538607,186928,1790071,227662,4819,24469,5961,1819432,88.8,84.4,10.3,1.6,Alexandria Governorate - General Administration of Solid Waste
Alexandria Region,Alexandria,Middle/High Urban,2024-07,3200,44.2,9.2,6.8,12.7,9.2,18,17.6,5546362,187190,1706623,242323,4898,23893,6310,1821980,87.3,82.9,13.5,1.6,Alexandria Governorate - General Administration of Solid Waste
Alexandria Region,Alexandria,Middle/High Urban,2024-08,3200,47.8,19.8,10,7,3.3,12.1,17.6,5554126,187451,1706623,242323,4898,23893,6310,1824530,89.4,84.9,10.2,2.7,Alexandria Governorate - General Administration of Solid Waste
Alexandria Region,Alexandria,Middle/High Urban,2024-09,3200,51.2,11.1,11.5,5,2.6,18.6,17.3,5561902,150171,1706623,242323,4898,23893,6310,1827085,86.9,82.5,10.8,2.1,Alexandria Governorate - General Administration of Solid Waste
Alexandria Region,Alexandria,Middle/High Urban,2024-10,3200,45,15.2,13.1,8.8,2.7,15.2,17.7,5569689,150382,1662871,241259,5229,23930,6501,1829643,86.3,82,12.5,1.7,Alexandria Governorate - General Administration of Solid Waste
Alexandria Region,Alexandria,Middle/High Urban,2024-11,3200,55.3,17.6,8,4.8,9,5.3,17.9,5577486,150592,1662871,241259,5229,23930,6501,1832204,89.9,85.4,12.3,2.6,Alexandria Governorate - General Administration of Solid Waste
Alexandria Region,Alexandria,Middle/High Urban,2024-12,3200,51,18.2,13.8,5.9,1.1,10,18.7,5585295,150803,1662871,241259,5229,23930,6501,1834769,85.2,81,12.1,1.8,Alexandria Governorate - General Administration of Solid Waste
Alexandria Region,Alexandria,Middle/High Urban,2025-01,3350,52.4,18.6,7.3,4.2,0.5,17,18.5,5593114,151014,1729808,246774,4805,24490,6163,1837338,87.7,83.3,12.4,2.5,Alexandria Governorate - General Administration of Solid Waste
Alexandria Region,Alexandria,Middle/High Urban,2025-02,3350,66,15.3,4,0.6,3.6,10.5,17.8,5600945,151226,1729808,246774,4805,24490,6163,1839910,83.6,79.4,10.3,1.9,Alexandria Governorate - General Administration of Solid Waste
Alexandria Region,Alexandria,Middle/High Urban,2025-03,3350,72.8,4.9,7.1,4.3,1.4,9.6,18.8,5608786,178696,1729808,246774,4805,24490,6163,1842486,83.2,79.1,10.9,2.4,Alexandria Governorate - General Administration of Solid Waste
Alexandria Region,Alexandria,Middle/High Urban,2025-04,3350,50.1,8.7,8.6,11.3,3.3,18.1,18.6,5616638,151649,1709115,244959,4996,23961,6409,1845066,85.6,81.4,12,2.5,Alexandria Governorate - General Administration of Solid Waste
Alexandria Region,Alexandria,Middle/High Urban,2025-05,3350,58.9,17.7,0.5,2.7,8.5,11.7,18.6,5624502,151862,1709115,244959,4996,23961,6409,1847649,85.8,81.5,12.5,1.6,Alexandria Governorate - General Administration of Solid Waste
Alexandria Region,Alexandria,Middle/High Urban,2025-06,3350,60.5,18.2,7.8,2.1,0.5,10.9,19.3,5632376,190092,1709115,244959,4996,23961,6409,1850236,89.9,85.4,11.5,2.3,Alexandria Governorate - General Administration of Solid Waste
Alexandria Region,Alexandria,Middle/High Urban,2025-07,3350,56.9,16.6,4.9,7.2,6.2,8.3,19.6,5640261,190359,1757351,236593,4917,24721,6440,1852826,83.1,79,11.5,1.9,Alexandria Governorate - General Administration of Solid Waste
Alexandria Region,Alexandria,Middle/High Urban,2025-08,3350,54,12.9,11.4,0.9,4.7,16.1,19.7,5648158,190625,1757351,236593,4917,24721,6440,1855420,83.7,79.5,10.3,1.6,Alexandria Governorate - General Administration of Solid Waste
Alexandria Region,Alexandria,Middle/High Urban,2025-09,3350,48,17.9,8.9,7.5,3.5,14.2,19.2,5656065,152714,1757351,236593,4917,24721,6440,1858017,86.5,82.2,11.1,1.9,Alexandria Governorate - General Administration of Solid Waste
Alexandria Region,Alexandria,Middle/High Urban,2025-10,3350,52.3,15.3,7.5,0.5,10.6,13.7,19.5,5663983,152928,1802274,237089,5195,24509,6453,1860618,84.1,67.9,11.8,1.8,Alexandria Governorate - General Administration of Solid Waste
Alexandria Region,Alexandria,Middle/High Urban,2025-11,3350,54.9,12.2,5,10.4,0.5,17,19.8,5671913,153142,1802274,237089,5195,24509,6453,1863223,84.1,79.9,10.7,1.9,Alexandria Governorate - General Administration of Solid Waste
Alexandria Region,Alexandria,Middle/High Urban,2025-12,3350,53.1,9.6,10.4,0.4,11.1,15.4,20.3,5679854,153356,1802274,237089,5195,24509,6453,1865832,85.1,68.7,12.4,2.7,Alexandria Governorate - General Administration of Solid Waste
South Upper Egypt Region,Aswan,Lower Middle Income,2021-01,3690,56.7,10.2,9.9,2.8,11.1,9.3,11.9,1521412,22821,487858,62361,1408,6699,1692,277658,47.8,41.6,11.1,2.6,Ministry of Environment - National Waste Program in Upper Egypt
South Upper Egypt Region,Aswan,Lower Middle Income,2021-02,3690,55,12.6,9.3,3.5,2.5,17.2,11.7,1523542,22853,487858,62361,1408,6699,1692,278046,40.8,35,10.8,1.4,Ministry of Environment - National Waste Program in Upper Egypt
South Upper Egypt Region,Aswan,Lower Middle Income,2021-03,3690,61,15.2,0.5,5.4,0.5,17.3,11.8,1525674,22885,487858,62361,1408,6699,1692,278436,39.7,33.9,11.5,2.2,Ministry of Environment - National Waste Program in Upper Egypt
South Upper Egypt Region,Aswan,Lower Middle Income,2021-04,3690,62.1,8.5,8.1,1.3,7,13,12.7,1527810,27042,465601,65038,1391,6778,1684,278825,44.1,38.2,13,2.1,Ministry of Environment - National Waste Program in Upper Egypt
South Upper Egypt Region,Aswan,Lower Middle Income,2021-05,3690,59.2,13.8,10.3,3.9,6.1,6.6,13,1529949,22949,465601,65038,1391,6778,1684,279216,39.4,33.7,11.8,2.1,Ministry of Environment - National Waste Program in Upper Egypt
South Upper Egypt Region,Aswan,Lower Middle Income,2021-06,3690,56.4,12.8,12.9,3.3,0.5,14.1,12.7,1532091,22981,465601,65038,1391,6778,1684,279607,47.5,41.4,10.9,2.7,Ministry of Environment - National Waste Program in Upper Egypt
South Upper Egypt Region,Aswan,Lower Middle Income,2021-07,3690,51.6,5.4,13.1,6.2,4.7,19.1,13.2,1534236,23014,490126,66501,1378,6636,1809,279998,39.7,34,10.3,1.4,Ministry of Environment - National Waste Program in Upper Egypt
South Upper Egypt Region,Aswan,Lower Middle Income,2021-08,3690,61.5,8.3,11,2.9,0.6,15.9,13,1536384,23046,490126,66501,1378,6636,1809,280390,49.2,36.6,11.8,1.5,Ministry of Environment - National Waste Program in Upper Egypt
South Upper Egypt Region,Aswan,Lower Middle Income,2021-09,3690,64.4,6.8,10,0.6,4.7,13.4,12.8,1538535,23078,490126,66501,1378,6636,1809,280783,43.2,37.3,13.8,2.7,Ministry of Environment - National Waste Program in Upper Egypt
South Upper Egypt Region,Aswan,Lower Middle Income,2021-10,3690,49.3,15.8,10.4,0.4,7.5,16.6,13.3,1540689,23110,461763,65290,1326,6538,1782,281176,40.6,34.8,11.1,2.1,Ministry of Environment - National Waste Program in Upper Egypt
South Upper Egypt Region,Aswan,Lower Middle Income,2021-11,3690,54,17.6,7.4,0.5,0.5,20,13.9,1542846,23143,461763,65290,1326,6538,1782,281569,43.5,37.5,10,2.3,Ministry of Environment - National Waste Program in Upper Egypt
South Upper Egypt Region,Aswan,Lower Middle Income,2021-12,3690,55.2,14.4,11.2,2,1.4,15.8,13.5,1545006,23175,461763,65290,1326,6538,1782,281964,37.4,31.8,13.9,1.9,Ministry of Environment - National Waste Program in Upper Egypt
South Upper Egypt Region,Aswan,Lower Middle Income,2022-01,4295,55.3,7.3,11.1,8.6,6.6,11.2,14.2,1547169,23208,493558,68574,1320,6456,1812,282358,37.9,32.3,12.9,1.3,Ministry of Environment - National Waste Program in Upper Egypt
South Upper Egypt Region,Aswan,Lower Middle Income,2022-02,4295,46.7,10.8,14.9,6,5.3,16.2,12.7,1549335,23240,493558,68574,1320,6456,1812,282754,46.1,40,10.8,2.6,Ministry of Environment - National Waste Program in Upper Egypt
South Upper Egypt Region,Aswan,Lower Middle Income,2022-03,4295,56,13.1,12.3,1.7,0.5,16.4,14.2,1551504,23273,493558,68574,1320,6456,1812,283149,47.8,41.6,10.3,1.3,Ministry of Environment - National Waste Program in Upper Egypt
South Upper Egypt Region,Aswan,Lower Middle Income,2022-04,4295,59.4,7.4,11.8,9.3,2.6,9.5,14,1553676,27500,465768,65729,1409,6584,1763,283546,40.2,34.5,12.3,1.9,Ministry of Environment - National Waste Program in Upper Egypt
South Upper Egypt Region,Aswan,Lower Middle Income,2022-05,4295,63.3,12.2,8.5,6.4,0.6,9,14,1555851,23338,465768,65729,1409,6584,1763,283943,49.1,42.9,12.9,1.9,Ministry of Environment - National Waste Program in Upper Egypt
South Upper Egypt Region,Aswan,Lower Middle Income,2022-06,4295,50.3,11.6,10.3,10.3,3.1,14.5,14.3,1558030,23370,465768,65729,1409,6584,1763,284340,35.2,29.7,13.7,1.8,Ministry of Environment - National Waste Program in Upper Egypt
South Upper Egypt Region,Aswan,Lower Middle Income,2022-07,4295,51.5,15.9,7.8,4.2,2.5,18,13.6,1560211,23403,479025,68099,1462,6381,1816,284739,39,33.3,11.1,2.4,Ministry of Environment - National Waste Program in Upper Egypt
South Upper Egypt Region,Aswan,Lower Middle Income,2022-08,4295,55.1,4.2,10,6.3,3.9,20.5,14.4,1562395,23436,479025,68099,1462,6381,1816,285137,47.4,41.3,10.7,1.4,Ministry of Environment - National Waste Program in Upper Egypt
South Upper Egypt Region,Aswan,Lower Middle Income,2022-09,4295,62.9,11.7,0.8,3.4,7.7,13.4,14.8,1564582,23469,479025,68099,1462,6381,1816,285536,47.5,41.4,11.3,2.5,Ministry of Environment - National Waste Program in Upper Egypt
South Upper Egypt Region,Aswan,Lower Middle Income,2022-10,4295,52.9,13.8,5.6,6,9.1,12.5,15.4,1566773,23502,508069,67717,1440,6699,1836,285936,48.4,42.2,14,2.1,Ministry of Environment - National Waste Program in Upper Egypt
South Upper Egypt Region,Aswan,Lower Middle Income,2022-11,4295,53.4,13.1,1.5,5.6,5,21.4,14.7,1568966,23534,508069,67717,1440,6699,1836,286336,48.7,42.5,12.6,2.2,Ministry of Environment - National Waste Program in Upper Egypt
South Upper Egypt Region,Aswan,Lower Middle Income,2022-12,4295,59.6,15.8,7,2.7,0.5,14.4,14.8,1571163,23567,508069,67717,1440,6699,1836,286737,36,30.4,13.1,1.6,Ministry of Environment - National Waste Program in Upper Egypt
South Upper Egypt Region,Aswan,Lower Middle Income,2023-01,3700,57.8,14.9,7.7,4.7,1.7,13.3,15,1573363,23600,490473,68116,1403,6537,1756,287139,47.1,41,10.5,2,Ministry of Environment - National Waste Program in Upper Egypt
South Upper Egypt Region,Aswan,Lower Middle Income,2023-02,3700,55.7,13,12.9,3.6,1.6,13.2,15.7,1575565,23633,490473,68116,1403,6537,1756,287541,37.1,31.5,10.6,1.4,Ministry of Environment - National Waste Program in Upper Egypt
South Upper Egypt Region,Aswan,Lower Middle Income,2023-03,3700,57.4,11.1,17.3,0.5,1.8,11.9,15.6,1577771,27927,490473,68116,1403,6537,1756,287943,39.6,33.9,13,1.9,Ministry of Environment - National Waste Program in Upper Egypt
South Upper Egypt Region,Aswan,Lower Middle Income,2023-04,3700,54,11.4,10.9,0.5,6.9,16.3,15.4,1579980,23700,505867,65468,1442,6432,1835,288346,44.9,33.1,11,1.3,Ministry of Environment - National Waste Program in Upper Egypt
South Upper Egypt Region,Aswan,Lower Middle Income,2023-05,3700,54.4,4.2,6.5,3.3,14.3,17.3,15.9,1582192,23733,505867,65468,1442,6432,1835,288750,48.4,42.3,10.6,2.5,Ministry of Environment - National Waste Program in Upper Egypt
South Upper Egypt Region,Aswan,Lower Middle Income,2023-06,3700,55.7,11.6,11.2,5.7,0.6,15.2,15.9,1584407,23766,505867,65468,1442,6432,1835,289154,45,33.2,10.6,2.5,Ministry of Environment - National Waste Program in Upper Egypt
South Upper Egypt Region,Aswan,Lower Middle Income,2023-07,3700,51.8,8.4,10.9,6.8,6.2,15.9,16.4,1586625,23799,483844,68620,1372,6530,1803,289559,39.3,33.6,13.1,2.3,Ministry of Environment - National Waste Program in Upper Egypt
South Upper Egypt Region,Aswan,Lower Middle Income,2023-08,3700,55.1,16.1,11.5,4.6,0.6,12.2,15.8,1588846,23833,483844,68620,1372,6530,1803,289964,49,42.8,10.8,2.3,Ministry of Environment - National Waste Program in Upper Egypt
South Upper Egypt Region,Aswan,Lower Middle Income,2023-09,3700,53.7,21.7,10.9,1.7,0.5,11.6,16.2,1591071,23866,483844,68620,1372,6530,1803,290370,45.7,39.6,14,2.4,Ministry of Environment - National Waste Program in Upper Egypt
South Upper Egypt Region,Aswan,Lower Middle Income,2023-10,3700,57,10.1,12,2.2,3.5,15.1,16.2,1593298,23899,510610,64689,1430,6740,1750,290777,43.6,37.7,11.6,2,Ministry of Environment - National Waste Program in Upper Egypt
South Upper Egypt Region,Aswan,Lower Middle Income,2023-11,3700,48,9.4,14.8,7.1,5.4,15.3,15.9,1595529,23933,510610,64689,1430,6740,1750,291184,40.4,34.6,11.1,1.3,Ministry of Environment - National Waste Program in Upper Egypt
South Upper Egypt Region,Aswan,Lower Middle Income,2023-12,3700,54.2,19.7,9.6,5.9,0.5,10.2,16.8,1597763,23966,510610,64689,1430,6740,1750,291592,43.3,37.4,10.9,1.4,Ministry of Environment - National Waste Program in Upper Egypt
South Upper Egypt Region,Aswan,Lower Middle Income,2024-01,3200,61.4,21.7,0.6,3,0.6,12.7,16.9,1600000,24000,480976,70368,1403,7006,1773,292000,39.1,33.4,13.8,1.8,Ministry of Environment - National Waste Program in Upper Egypt
South Upper Egypt Region,Aswan,Lower Middle Income,2024-02,3200,51,17.6,10.8,0.5,6.9,13.2,16.9,1602240,24034,480976,70368,1403,7006,1773,292409,38.9,33.2,11.3,2.6,Ministry of Environment - National Waste Program in Upper Egypt
South Upper Egypt Region,Aswan,Lower Middle Income,2024-03,3200,65.8,8.6,6.6,0.5,3.3,15.1,17,1604483,28399,480976,70368,1403,7006,1773,292818,47.2,41.1,10.2,1.7,Ministry of Environment - National Waste Program in Upper Egypt
South Upper Egypt Region,Aswan,Lower Middle Income,2024-04,3200,66.9,15.7,0.5,5.3,0.5,11,16.6,1606729,24101,504825,65079,1492,6645,1762,293228,39.4,33.7,10.7,2.5,Ministry of Environment - National Waste Program in Upper Egypt
South Upper Egypt Region,Aswan,Lower Middle Income,2024-05,3200,59.6,11.7,5.1,5.4,0.6,17.6,17.1,1608978,24135,504825,65079,1492,6645,1762,293638,48.8,42.6,13,2.5,Ministry of Environment - National Waste Program in Upper Egypt
South Upper Egypt Region,Aswan,Lower Middle Income,2024-06,3200,64.5,7.8,8.9,0.5,2,16.3,17.4,1611231,24168,504825,65079,1492,6645,1762,294050,47,40.9,12.5,2.1,Ministry of Environment - National Waste Program in Upper Egypt
South Upper Egypt Region,Aswan,Lower Middle Income,2024-07,3200,48.3,10.9,11.1,11.6,8.2,9.8,17.3,1613487,24202,493859,65568,1508,6927,1875,294461,46.5,40.4,13.6,1.6,Ministry of Environment - National Waste Program in Upper Egypt
South Upper Egypt Region,Aswan,Lower Middle Income,2024-08,3200,57.3,12.9,7.2,6.5,0.6,15.6,17.6,1615746,24236,493859,65568,1508,6927,1875,294874,38.9,33.2,12,2.6,Ministry of Environment - National Waste Program in Upper Egypt
South Upper Egypt Region,Aswan,Lower Middle Income,2024-09,3200,59.1,12.6,6.3,8.6,0.5,12.8,18.1,1618008,24270,493859,65568,1508,6927,1875,295286,49.6,43.4,12,2.5,Ministry of Environment - National Waste Program in Upper Egypt
South Upper Egypt Region,Aswan,Lower Middle Income,2024-10,3200,55,12.9,10.5,6.3,2.8,12.6,18.8,1620273,24304,504917,70046,1503,6703,1880,295700,46.8,40.7,12.3,1.7,Ministry of Environment - National Waste Program in Upper Egypt
South Upper Egypt Region,Aswan,Lower Middle Income,2024-11,3200,54.6,10.6,13.1,1.2,6.3,14.2,18.2,1622541,24338,504917,70046,1503,6703,1880,296114,44,38,11,1.3,Ministry of Environment - National Waste Program in Upper Egypt
South Upper Egypt Region,Aswan,Lower Middle Income,2024-12,3200,54.9,15.8,7.1,6.5,3.8,11.9,18.4,1624813,24372,504917,70046,1503,6703,1880,296528,40.1,29.2,12.3,2.4,Ministry of Environment - National Waste Program in Upper Egypt
South Upper Egypt Region,Aswan,Lower Middle Income,2025-01,3350,52.8,13.9,13.3,7.1,4.4,8.5,18.4,1627087,24406,519493,70532,1522,7211,1757,296943,36.8,31.2,10.1,1.6,Ministry of Environment - National Waste Program in Upper Egypt
South Upper Egypt Region,Aswan,Lower Middle Income,2025-02,3350,61.8,6.9,12.9,5.3,0.5,12.7,17.7,1629365,24440,519493,70532,1522,7211,1757,297359,44.5,38.5,10.3,2.7,Ministry of Environment - National Waste Program in Upper Egypt
South Upper Egypt Region,Aswan,Lower Middle Income,2025-03,3350,55.5,16.1,6.5,2.7,0.4,18.8,18.7,1631646,28880,519493,70532,1522,7211,1757,297775,48.7,42.5,11.3,1.3,Ministry of Environment - National Waste Program in Upper Egypt
South Upper Egypt Region,Aswan,Lower Middle Income,2025-04,3350,48.8,13.6,9,3.3,5.9,19.4,18.8,1633931,24509,528828,67307,1440,6963,1772,298192,38,32.3,13.5,2.4,Ministry of Environment - National Waste Program in Upper Egypt
South Upper Egypt Region,Aswan,Lower Middle Income,2025-05,3350,51.1,14,10.1,7.3,0.9,16.4,19.9,1636218,24543,528828,67307,1440,6963,1772,298610,42.7,36.8,10.8,2.4,Ministry of Environment - National Waste Program in Upper Egypt
South Upper Egypt Region,Aswan,Lower Middle Income,2025-06,3350,59.9,17.2,7.2,3.2,3.9,8.6,19,1638509,24578,528828,67307,1440,6963,1772,299028,40.5,34.7,13,1.3,Ministry of Environment - National Waste Program in Upper Egypt
South Upper Egypt Region,Aswan,Lower Middle Income,2025-07,3350,62.3,13,11.1,1.6,0.5,11.5,19.3,1640803,24612,530565,67446,1455,6885,1879,299447,41.4,35.5,10.8,2.4,Ministry of Environment - National Waste Program in Upper Egypt
South Upper Egypt Region,Aswan,Lower Middle Income,2025-08,3350,53.3,14.7,10.1,5.2,1.5,15.2,19.3,1643100,24646,530565,67446,1455,6885,1879,299866,41.9,36.1,10.9,1.6,Ministry of Environment - National Waste Program in Upper Egypt
South Upper Egypt Region,Aswan,Lower Middle Income,2025-09,3350,58,15,12.3,4.9,0.5,9.3,19,1645400,24681,530565,67446,1455,6885,1879,300286,43.9,38,11.4,1.6,Ministry of Environment - National Waste Program in Upper Egypt
South Upper Egypt Region,Aswan,Lower Middle Income,2025-10,3350,48.9,11.1,10,9.1,4.9,16,20.1,1647704,24716,509109,73249,1456,7156,1929,300706,41.6,35.8,13.3,1.5,Ministry of Environment - National Waste Program in Upper Egypt
South Upper Egypt Region,Aswan,Lower Middle Income,2025-11,3350,54.6,9.6,9.7,0.7,8.9,16.6,20,1650011,24750,509109,73249,1456,7156,1929,301127,37.6,27.2,10.8,1.9,Ministry of Environment - National Waste Program in Upper Egypt
South Upper Egypt Region,Aswan,Lower Middle Income,2025-12,3350,58.8,18.3,1.9,6.3,0.5,14.2,20.2,1652321,24785,509109,73249,1456,7156,1929,301549,39.9,34.2,12.5,1.8,Ministry of Environment - National Waste Program in Upper Egypt
Middle Upper Egypt Region,Asyut,Lower Middle Income,2021-01,3690,50.7,14.4,10.1,8.6,0.6,15.5,12.6,4659324,69890,1414022,201201,4320,18996,5141,850327,42.1,36.2,11.2,1.4,National Solid Waste Management Program (NSWMP)
Middle Upper Egypt Region,Asyut,Lower Middle Income,2021-02,3690,59.1,6.8,6.5,3.5,7.7,16.4,11.5,4665847,69988,1414022,201201,4320,18996,5141,851517,49.9,43.7,10.9,2.4,National Solid Waste Management Program (NSWMP)
Middle Upper Egypt Region,Asyut,Lower Middle Income,2021-03,3690,49.5,11.8,17.3,4.3,1.7,15.4,12.5,4672379,70086,1414022,201201,4320,18996,5141,852709,42.5,36.6,14,1.8,National Solid Waste Management Program (NSWMP)
Middle Upper Egypt Region,Asyut,Lower Middle Income,2021-04,3690,58.6,9.9,10.6,2.6,5.3,13,13.3,4678920,82817,1521003,192568,4208,20692,5093,853903,49.8,43.5,11.4,2.1,National Solid Waste Management Program (NSWMP)
Middle Upper Egypt Region,Asyut,Lower Middle Income,2021-05,3690,57.7,9.9,6.7,7.9,2.7,15.1,12.1,4685471,70282,1521003,192568,4208,20692,5093,855098,40.7,34.9,10.6,2.3,National Solid Waste Management Program (NSWMP)
Middle Upper Egypt Region,Asyut,Lower Middle Income,2021-06,3690,51,15.5,7.1,3.2,5.7,17.4,12.5,4692031,70380,1521003,192568,4208,20692,5093,856296,46.5,40.4,11.7,1.9,National Solid Waste Management Program (NSWMP)
Middle Upper Egypt Region,Asyut,Lower Middle Income,2021-07,3690,52,20.3,11,0.5,4.3,12,12.8,4698599,70479,1393142,202687,4412,18958,5363,857494,49,42.8,12.3,1.6,National Solid Waste Management Program (NSWMP)
Middle Upper Egypt Region,Asyut,Lower Middle Income,2021-08,3690,59.1,13,10.6,0.6,7.1,9.5,12.7,4705177,70578,1393142,202687,4412,18958,5363,858695,46.6,34.4,13.9,1.3,National Solid Waste Management Program (NSWMP)
Middle Upper Egypt Region,Asyut,Lower Middle Income,2021-09,3690,47.1,13.3,14.9,2.4,5.4,16.8,12.5,4711765,70676,1393142,202687,4412,18958,5363,859897,39.6,33.9,11,2.1,National Solid Waste Management Program (NSWMP)
Middle Upper Egypt Region,Asyut,Lower Middle Income,2021-10,3690,60.7,12.1,5.7,0.5,1.9,19.1,13.2,4718361,70775,1471488,190650,4388,20496,5396,861101,38.5,32.8,12.3,1.3,National Solid Waste Management Program (NSWMP)
Middle Upper Egypt Region,Asyut,Lower Middle Income,2021-11,3690,54.3,16.4,6.5,4.8,6.1,11.9,12.9,4724967,70875,1471488,190650,4388,20496,5396,862306,47.6,41.4,11.7,2.4,National Solid Waste Management Program (NSWMP)
Middle Upper Egypt Region,Asyut,Lower Middle Income,2021-12,3690,51.6,10.6,11.8,4.7,3,18.3,13.7,4731582,70974,1471488,190650,4388,20496,5396,863514,36.9,31.3,11.5,1.5,National Solid Waste Management Program (NSWMP)
Middle Upper Egypt Region,Asyut,Lower Middle Income,2022-01,4295,53.4,9.3,8.7,3.3,3.1,22.1,13.2,4738206,71073,1431793,200012,4051,20008,5511,864723,41.2,35.4,10.1,1.7,National Solid Waste Management Program (NSWMP)
Middle Upper Egypt Region,Asyut,Lower Middle Income,2022-02,4295,73.4,6.2,9.7,0.6,2.3,7.7,14.3,4744840,71173,1431793,200012,4051,20008,5511,865933,35.5,30,11.6,1.8,National Solid Waste Management Program (NSWMP)
Middle Upper Egypt Region,Asyut,Lower Middle Income,2022-03,4295,56.4,7.5,12.5,4.2,4.5,14.9,13.6,4751482,71272,1431793,200012,4051,20008,5511,867145,43.3,37.4,10.1,2.1,National Solid Waste Management Program (NSWMP)
Middle Upper Egypt Region,Asyut,Lower Middle Income,2022-04,4295,54.3,14.5,16.8,5.4,1.2,7.8,13.9,4758134,84219,1508511,210307,4241,19881,5609,868359,41.1,35.3,13.8,2.2,National Solid Waste Management Program (NSWMP)
Middle Upper Egypt Region,Asyut,Lower Middle Income,2022-05,4295,47.8,13.6,12.9,4.6,5.7,15.4,14.4,4764796,71472,1508511,210307,4241,19881,5609,869575,36.2,30.7,10.6,1.3,National Solid Waste Management Program (NSWMP)
Middle Upper Egypt Region,Asyut,Lower Middle Income,2022-06,4295,59.4,10.6,10.7,0.5,3.1,15.7,13.8,4771467,71572,1508511,210307,4241,19881,5609,870793,48.6,42.4,10.9,1.4,National Solid Waste Management Program (NSWMP)
Middle Upper Egypt Region,Asyut,Lower Middle Income,2022-07,4295,54.5,6.5,10.4,8.6,5.3,14.8,14.5,4778147,71672,1560652,203094,4357,20945,5586,872012,43.6,32,12,2.7,National Solid Waste Management Program (NSWMP)
Middle Upper Egypt Region,Asyut,Lower Middle Income,2022-08,4295,64.1,20,6.1,0.6,3.4,5.8,15,4784836,71773,1560652,203094,4357,20945,5586,873233,48.1,42,10.8,1.8,National Solid Waste Management Program (NSWMP)
Middle Upper Egypt Region,Asyut,Lower Middle Income,2022-09,4295,57.2,16.7,7.9,2.4,2.4,13.4,14.1,4791535,71873,1560652,203094,4357,20945,5586,874455,42.1,36.3,13.7,1.9,National Solid Waste Management Program (NSWMP)
Middle Upper Egypt Region,Asyut,Lower Middle Income,2022-10,4295,53.8,14.6,8.8,7.5,4.4,11,14.9,4798243,71974,1482099,207468,4438,20447,5444,875679,39.4,33.7,12.8,1.9,National Solid Waste Management Program (NSWMP)
Middle Upper Egypt Region,Asyut,Lower Middle Income,2022-11,4295,59.9,7.4,9.4,7.8,0.5,15,15,4804960,72074,1482099,207468,4438,20447,5444,876905,49.2,43,13,1.9,National Solid Waste Management Program (NSWMP)
Middle Upper Egypt Region,Asyut,Lower Middle Income,2022-12,4295,55.7,9.1,9.2,3.1,0.7,22.2,15.4,4811687,72175,1482099,207468,4438,20447,5444,878133,45.6,39.6,13.4,2.1,National Solid Waste Management Program (NSWMP)
Middle Upper Egypt Region,Asyut,Lower Middle Income,2023-01,3700,53.5,17.1,8.7,0.5,3.5,16.7,14.7,4818424,72276,1493892,207489,4180,20101,5342,879362,41.6,35.7,11.9,1.5,National Solid Waste Management Program (NSWMP)
Middle Upper Egypt Region,Asyut,Lower Middle Income,2023-02,3700,48.9,15.7,17.9,3.9,0.4,13.1,14.8,4825170,72378,1493892,207489,4180,20101,5342,880594,38.4,32.7,10.3,1.3,National Solid Waste Management Program (NSWMP)
Middle Upper Egypt Region,Asyut,Lower Middle Income,2023-03,3700,55.9,15,4.3,12.2,5.9,6.6,15.7,4831925,85525,1493892,207489,4180,20101,5342,881826,46.9,40.8,11.2,2.6,National Solid Waste Management Program (NSWMP)
Middle Upper Egypt Region,Asyut,Lower Middle Income,2023-04,3700,54.8,16.7,15.2,0.5,6.3,6.5,15.7,4838689,72580,1467676,204094,4250,20638,5295,883061,41,35.2,12.4,1.7,National Solid Waste Management Program (NSWMP)
Middle Upper Egypt Region,Asyut,Lower Middle Income,2023-05,3700,57.7,18.1,8,0.5,3.7,12.1,15.8,4845464,72682,1467676,204094,4250,20638,5295,884297,43.5,37.6,12.9,2.3,National Solid Waste Management Program (NSWMP)
Middle Upper Egypt Region,Asyut,Lower Middle Income,2023-06,3700,63.3,10.3,7.4,0.5,4.1,14.4,16,4852247,72784,1467676,204094,4250,20638,5295,885535,46.2,40.1,11.1,1.3,National Solid Waste Management Program (NSWMP)
Middle Upper Egypt Region,Asyut,Lower Middle Income,2023-07,3700,50.4,13.7,13.9,3.1,4,14.9,15.7,4859040,72886,1523469,199030,4294,21641,5536,886775,45.2,39.2,10.1,2.5,National Solid Waste Management Program (NSWMP)
Middle Upper Egypt Region,Asyut,Lower Middle Income,2023-08,3700,47.9,19.8,7.7,6.2,5.8,12.6,16.2,4865843,72988,1523469,199030,4294,21641,5536,888016,43.2,37.3,10.8,1.4,National Solid Waste Management Program (NSWMP)
Middle Upper Egypt Region,Asyut,Lower Middle Income,2023-09,3700,63.5,15.1,4.6,2.9,0.6,13.3,16.4,4872655,73090,1523469,199030,4294,21641,5536,889260,47.1,41,10.9,1.8,National Solid Waste Management Program (NSWMP)
Middle Upper Egypt Region,Asyut,Lower Middle Income,2023-10,3700,44.8,15.3,14.5,7.1,7.1,11.1,16.1,4879477,73192,1471313,210984,4589,20397,5447,890505,39.2,33.5,12.5,2,National Solid Waste Management Program (NSWMP)
Middle Upper Egypt Region,Asyut,Lower Middle Income,2023-11,3700,51.9,9.6,12.3,4.8,2.7,18.7,17.2,4886308,73295,1471313,210984,4589,20397,5447,891751,39.8,34,14,1.4,National Solid Waste Management Program (NSWMP)
Middle Upper Egypt Region,Asyut,Lower Middle Income,2023-12,3700,55.1,9.2,6.8,6.5,6.9,15.5,16.9,4893149,73397,1471313,210984,4589,20397,5447,893000,39,33.3,13.8,2,National Solid Waste Management Program (NSWMP)
Middle Upper Egypt Region,Asyut,Lower Middle Income,2024-01,3200,58.7,18,11,0.7,0.5,11.2,16.3,4900000,73500,1484921,209955,4596,21739,5440,894250,39.7,33.9,13.2,1.3,National Solid Waste Management Program (NSWMP)
Middle Upper Egypt Region,Asyut,Lower Middle Income,2024-02,3200,49.8,17.2,9.8,7.5,1.7,14,17.2,4906860,73603,1484921,209955,4596,21739,5440,895502,43.3,37.4,11.3,2,National Solid Waste Management Program (NSWMP)
Middle Upper Egypt Region,Asyut,Lower Middle Income,2024-03,3200,65.6,5,8.3,8,4.2,9,16.7,4913729,86973,1484921,209955,4596,21739,5440,896756,38.6,32.9,12.9,2.1,National Solid Waste Management Program (NSWMP)
Middle Upper Egypt Region,Asyut,Lower Middle Income,2024-04,3200,53,13.1,11,0.6,4,18.4,17.5,4920608,73809,1556755,213970,4552,21556,5521,898011,48.9,42.7,10.7,2.7,National Solid Waste Management Program (NSWMP)
Middle Upper Egypt Region,Asyut,Lower Middle Income,2024-05,3200,64.6,4,5.2,3.1,5.7,17.3,17.8,4927497,73912,1556755,213970,4552,21556,5521,899268,45.6,39.6,10.5,2.7,National Solid Waste Management Program (NSWMP)
Middle Upper Egypt Region,Asyut,Lower Middle Income,2024-06,3200,60.5,12.2,9.1,1.2,6.2,10.8,17.2,4934396,74016,1556755,213970,4552,21556,5521,900527,48.7,42.5,12.4,2.6,National Solid Waste Management Program (NSWMP)
Middle Upper Egypt Region,Asyut,Lower Middle Income,2024-07,3200,61.6,14.6,10.1,1.5,0.5,11.7,18,4941304,74120,1485057,212276,4379,21167,5318,901788,45.8,39.8,10.5,1.8,National Solid Waste Management Program (NSWMP)
Middle Upper Egypt Region,Asyut,Lower Middle Income,2024-08,3200,59.3,3.7,10.1,8.3,5.7,12.9,17.9,4948222,74223,1485057,212276,4379,21167,5318,903051,45.9,39.9,10.3,2.1,National Solid Waste Management Program (NSWMP)
Middle Upper Egypt Region,Asyut,Lower Middle Income,2024-09,3200,50.9,9.8,9.6,9.2,6,14.5,18.2,4955149,74327,1485057,212276,4379,21167,5318,904315,49.6,43.3,10.3,1.8,National Solid Waste Management Program (NSWMP)
Middle Upper Egypt Region,Asyut,Lower Middle Income,2024-10,3200,54.9,16.3,3.3,3,5.3,17.2,18.8,4962086,74431,1591253,211776,4537,21981,5806,905581,44.8,38.8,10.3,2.2,National Solid Waste Management Program (NSWMP)
Middle Upper Egypt Region,Asyut,Lower Middle Income,2024-11,3200,59.1,14.3,9.5,6,0.5,10.7,18,4969033,74535,1591253,211776,4537,21981,5806,906849,44.2,38.2,13.3,2.7,National Solid Waste Management Program (NSWMP)
Middle Upper Egypt Region,Asyut,Lower Middle Income,2024-12,3200,57.1,13.8,2.9,6,6.4,13.9,18,4975990,74640,1591253,211776,4537,21981,5806,908118,35.9,30.3,12,2.1,National Solid Waste Management Program (NSWMP)
Middle Upper Egypt Region,Asyut,Lower Middle Income,2025-01,3350,64.2,10,8.3,2.5,2.5,12.5,18,4982956,74744,1624303,204972,4627,21317,5450,909389,39,33.3,12,2.6,National Solid Waste Management Program (NSWMP)
Middle Upper Egypt Region,Asyut,Lower Middle Income,2025-02,3350,45.5,9.7,8.8,8,10.6,17.4,18.2,4989932,74849,1624303,204972,4627,21317,5450,910663,36.8,31.2,10.9,2.2,National Solid Waste Management Program (NSWMP)
Middle Upper Egypt Region,Asyut,Lower Middle Income,2025-03,3350,58.8,9.9,9.3,11,2.3,8.6,18.7,4996918,88446,1624303,204972,4627,21317,5450,911938,46.7,40.6,10.9,2.3,National Solid Waste Management Program (NSWMP)
Middle Upper Egypt Region,Asyut,Lower Middle Income,2025-04,3350,55.9,16.6,13.1,3.4,5.9,5,18.9,5003914,75059,1616738,223014,4557,20306,5676,913214,49.2,42.9,12.2,1.7,National Solid Waste Management Program (NSWMP)
Middle Upper Egypt Region,Asyut,Lower Middle Income,2025-05,3350,55.8,16.1,6.8,0.6,0.5,20.2,19,5010920,75164,1616738,223014,4557,20306,5676,914493,45.3,39.3,11.2,1.3,National Solid Waste Management Program (NSWMP)
Middle Upper Egypt Region,Asyut,Lower Middle Income,2025-06,3350,50.9,13.5,12,9.8,2.5,11.3,19.4,5017935,75269,1616738,223014,4557,20306,5676,915773,39.3,33.6,13.2,2.4,National Solid Waste Management Program (NSWMP)
Middle Upper Egypt Region,Asyut,Lower Middle Income,2025-07,3350,60.1,19.4,9.9,0.5,0.5,9.6,19.2,5024960,75374,1594752,223928,4577,22106,5609,917055,44.3,38.3,10.4,1.3,National Solid Waste Management Program (NSWMP)
Middle Upper Egypt Region,Asyut,Lower Middle Income,2025-08,3350,61.8,12.1,8,1.1,3.6,13.5,19.9,5031995,75480,1594752,223928,4577,22106,5609,918339,41.4,30.3,10.6,2.5,National Solid Waste Management Program (NSWMP)
Middle Upper Egypt Region,Asyut,Lower Middle Income,2025-09,3350,52.3,17.6,15.3,0.5,4,10.4,19.4,5039040,75586,1594752,223928,4577,22106,5609,919625,35.6,30.1,13.7,2.6,National Solid Waste Management Program (NSWMP)
Middle Upper Egypt Region,Asyut,Lower Middle Income,2025-10,3350,52.8,13.6,8.7,4.7,5.5,14.7,20.7,5046094,75691,1500234,204121,4423,21077,5760,920912,41.1,30,13.9,1.3,National Solid Waste Management Program (NSWMP)
Middle Upper Egypt Region,Asyut,Lower Middle Income,2025-11,3350,58.9,11.7,4.8,0.8,12,11.9,20,5053159,75797,1500234,204121,4423,21077,5760,922202,42.6,36.8,13.6,2.6,National Solid Waste Management Program (NSWMP)
Middle Upper Egypt Region,Asyut,Lower Middle Income,2025-12,3350,49.7,13.8,9.3,3.1,8.4,15.7,19.6,5060233,75903,1500234,204121,4423,21077,5760,923493,36.6,31,12.2,1.5,National Solid Waste Management Program (NSWMP)
Alexandria Region,Beheira,Lower Middle Income,2021-01,3690,60.4,12.8,8.8,8.4,2,7.6,12.2,6370912,95564,1939558,263778,5819,26801,6879,1162691,37.9,32.3,13.4,2.2,Waste Management Regulatory Authority (WMRA) - Annual Report
Alexandria Region,Beheira,Lower Middle Income,2021-02,3690,56.3,6.7,18.9,0.5,2.5,15.2,12,6379832,95697,1939558,263778,5819,26801,6879,1164319,48.8,42.6,11.9,2.5,Waste Management Regulatory Authority (WMRA) - Annual Report
Alexandria Region,Beheira,Lower Middle Income,2021-03,3690,47.7,10.2,10.2,9.1,5.4,17.5,12.6,6388763,95831,1939558,263778,5819,26801,6879,1165949,36.6,31.1,12.5,2.4,Waste Management Regulatory Authority (WMRA) - Annual Report
Alexandria Region,Beheira,Lower Middle Income,2021-04,3690,52.9,12.9,9.6,5,7.6,12,12.6,6397708,113240,1942292,272837,5764,25893,7165,1167582,40.7,34.9,11.8,2.5,Waste Management Regulatory Authority (WMRA) - Annual Report
Alexandria Region,Beheira,Lower Middle Income,2021-05,3690,61.3,17.3,3.5,3.4,2.9,11.6,12.5,6406665,96100,1942292,272837,5764,25893,7165,1169216,49.7,43.5,12.4,1.7,Waste Management Regulatory Authority (WMRA) - Annual Report
Alexandria Region,Beheira,Lower Middle Income,2021-06,3690,56.6,8.3,9,5,8.1,13.1,12.4,6415634,96235,1942292,272837,5764,25893,7165,1170853,45.2,39.2,11.1,2.7,Waste Management Regulatory Authority (WMRA) - Annual Report
Alexandria Region,Beheira,Lower Middle Income,2021-07,3690,59,15.5,10.3,0.5,0.5,14.2,12.2,6424616,96369,2000001,263228,5539,27706,7064,1172492,43.3,37.3,12,2.2,Waste Management Regulatory Authority (WMRA) - Annual Report
Alexandria Region,Beheira,Lower Middle Income,2021-08,3690,52.2,16,12.6,3.3,0.5,15.5,12.7,6433610,96504,2000001,263228,5539,27706,7064,1174134,44.5,38.5,13.9,2.4,Waste Management Regulatory Authority (WMRA) - Annual Report
Alexandria Region,Beheira,Lower Middle Income,2021-09,3690,55.9,10.7,6.4,3.7,8.1,15.1,13.4,6442617,96639,2000001,263228,5539,27706,7064,1175778,41.6,35.8,13.5,1.6,Waste Management Regulatory Authority (WMRA) - Annual Report
Alexandria Region,Beheira,Lower Middle Income,2021-10,3690,59.9,7.7,13.6,1,3.9,13.9,13.3,6451637,96775,2014659,282948,6002,27976,7493,1177424,40.7,34.9,10.7,1.9,Waste Management Regulatory Authority (WMRA) - Annual Report
Alexandria Region,Beheira,Lower Middle Income,2021-11,3690,51.1,10.7,8.3,5,9.8,15.1,12.8,6460669,96910,2014659,282948,6002,27976,7493,1179072,35.7,30.2,12.7,2.5,Waste Management Regulatory Authority (WMRA) - Annual Report
Alexandria Region,Beheira,Lower Middle Income,2021-12,3690,62.6,14.7,8.9,0.6,1,12.3,13.6,6469714,97046,2014659,282948,6002,27976,7493,1180723,49.5,43.3,13.6,1.7,Waste Management Regulatory Authority (WMRA) - Annual Report
Alexandria Region,Beheira,Lower Middle Income,2022-01,4295,54.8,8.3,14.5,6.7,2.9,12.9,13.8,6478772,97182,2059208,287130,5805,27811,7377,1182376,46.5,34.4,13.7,2.2,Waste Management Regulatory Authority (WMRA) - Annual Report
Alexandria Region,Beheira,Lower Middle Income,2022-02,4295,53.5,14,14.3,1.1,0.5,16.6,13.3,6487842,97318,2059208,287130,5805,27811,7377,1184031,37,31.4,12.6,2.2,Waste Management Regulatory Authority (WMRA) - Annual Report
Alexandria Region,Beheira,Lower Middle Income,2022-03,4295,66,9.9,8.3,0.8,0.6,14.5,14,6496925,97454,2059208,287130,5805,27811,7377,1185689,48.4,35.9,11.3,1.8,Waste Management Regulatory Authority (WMRA) - Annual Report
Alexandria Region,Beheira,Lower Middle Income,2022-04,4295,62.4,10.7,7,3,3.7,13.2,14,6506021,115156,2029829,275444,5758,27418,7215,1187349,49.2,43,10.8,2.3,Waste Management Regulatory Authority (WMRA) - Annual Report
Alexandria Region,Beheira,Lower Middle Income,2022-05,4295,58.8,14.7,3.4,6,5.4,11.7,13.6,6515129,97727,2029829,275444,5758,27418,7215,1189011,36.7,31.1,14,1.4,Waste Management Regulatory Authority (WMRA) - Annual Report
Alexandria Region,Beheira,Lower Middle Income,2022-06,4295,57.2,14.8,11.3,0.6,0.6,15.6,14.4,6524250,97864,2029829,275444,5758,27418,7215,1190676,36.7,31.1,13.9,2.6,Waste Management Regulatory Authority (WMRA) - Annual Report
Alexandria Region,Beheira,Lower Middle Income,2022-07,4295,58.4,12.1,10.4,0.5,1.4,17.1,14.6,6533384,98001,2094271,285233,5580,27387,7035,1192343,36.3,30.8,11.3,2.4,Waste Management Regulatory Authority (WMRA) - Annual Report
Alexandria Region,Beheira,Lower Middle Income,2022-08,4295,61.3,7.3,9.3,0.6,4.5,17,14.9,6542531,98138,2094271,285233,5580,27387,7035,1194012,47.7,41.5,11.5,1.4,Waste Management Regulatory Authority (WMRA) - Annual Report
Alexandria Region,Beheira,Lower Middle Income,2022-09,4295,53.2,17.1,6,11.1,2.9,9.8,15.1,6551691,98275,2094271,285233,5580,27387,7035,1195684,44.9,38.9,12.1,1.7,Waste Management Regulatory Authority (WMRA) - Annual Report
Alexandria Region,Beheira,Lower Middle Income,2022-10,4295,52.1,14.6,8.6,3.6,9.6,11.3,14.2,6560863,98413,1968417,289786,5987,28388,7192,1197357,44.3,38.3,11.8,2.3,Waste Management Regulatory Authority (WMRA) - Annual Report
Alexandria Region,Beheira,Lower Middle Income,2022-11,4295,55.6,18.7,11.1,0.5,5,9.2,14.5,6570048,98551,1968417,289786,5987,28388,7192,1199034,38.2,32.5,11.8,2.4,Waste Management Regulatory Authority (WMRA) - Annual Report
Alexandria Region,Beheira,Lower Middle Income,2022-12,4295,52.3,8.2,18.7,8.4,0.4,12,15.3,6579246,98689,1968417,289786,5987,28388,7192,1200712,40,34.3,11.4,1.8,Waste Management Regulatory Authority (WMRA) - Annual Report
Alexandria Region,Beheira,Lower Middle Income,2023-01,3700,53,14.6,10.6,8.1,2.3,11.4,15.4,6588457,98827,2080878,290983,6033,29352,7329,1202393,38.6,33,13.4,1.7,Waste Management Regulatory Authority (WMRA) - Annual Report
Alexandria Region,Beheira,Lower Middle Income,2023-02,3700,54.9,16.7,11.4,5.1,6.3,5.7,15.5,6597681,98965,2080878,290983,6033,29352,7329,1204077,49.7,43.5,11,1.9,Waste Management Regulatory Authority (WMRA) - Annual Report
Alexandria Region,Beheira,Lower Middle Income,2023-03,3700,54,11.7,14,0.4,7.7,12.1,17,6606918,116943,2080878,290983,6033,29352,7329,1205763,38,32.3,11,1.6,Waste Management Regulatory Authority (WMRA) - Annual Report
Alexandria Region,Beheira,Lower Middle Income,2023-04,3700,51.9,17.7,10.9,5,3.6,10.9,15.8,6616167,99243,2103462,282761,5788,26740,7212,1207450,43.5,37.6,10.9,1.8,Waste Management Regulatory Authority (WMRA) - Annual Report
Alexandria Region,Beheira,Lower Middle Income,2023-05,3700,59.2,10.7,10.4,0.5,4.9,14.2,16.2,6625430,99381,2103462,282761,5788,26740,7212,1209141,39.2,33.5,13.7,2.2,Waste Management Regulatory Authority (WMRA) - Annual Report
Alexandria Region,Beheira,Lower Middle Income,2023-06,3700,54.5,13.8,4.3,11.6,2.6,13.3,16.3,6634706,99521,2103462,282761,5788,26740,7212,1210834,37.1,31.5,11.3,1.7,Waste Management Regulatory Authority (WMRA) - Annual Report
Alexandria Region,Beheira,Lower Middle Income,2023-07,3700,46.9,11.6,13.9,7.1,5.8,14.7,16.3,6643994,99660,2021200,285041,6174,28113,7639,1212529,45,39,11.5,1.9,Waste Management Regulatory Authority (WMRA) - Annual Report
Alexandria Region,Beheira,Lower Middle Income,2023-08,3700,56.8,7.4,9.6,3.2,7.4,15.7,16,6653296,99799,2021200,285041,6174,28113,7639,1214227,42.5,36.7,11.8,2.3,Waste Management Regulatory Authority (WMRA) - Annual Report
Alexandria Region,Beheira,Lower Middle Income,2023-09,3700,53.5,15.2,7,0.4,7.2,16.6,16.6,6662610,99939,2021200,285041,6174,28113,7639,1215926,37.9,32.3,10.7,1.7,Waste Management Regulatory Authority (WMRA) - Annual Report
Alexandria Region,Beheira,Lower Middle Income,2023-10,3700,44.1,16.6,10.1,4,8.3,16.9,16.1,6671938,100079,2140016,297185,6210,27697,7551,1217629,40.1,34.3,12.9,1.8,Waste Management Regulatory Authority (WMRA) - Annual Report
Alexandria Region,Beheira,Lower Middle Income,2023-11,3700,57.8,14.6,12.3,2.3,2.8,10.2,16.4,6681279,100219,2140016,297185,6210,27697,7551,1219333,46.7,40.6,13.7,1.8,Waste Management Regulatory Authority (WMRA) - Annual Report
Alexandria Region,Beheira,Lower Middle Income,2023-12,3700,56.8,12.1,7.8,4.9,1.8,16.6,16.5,6690633,100359,2140016,297185,6210,27697,7551,1221041,35.1,29.6,11.1,2,Waste Management Regulatory Authority (WMRA) - Annual Report
Alexandria Region,Beheira,Lower Middle Income,2024-01,3200,58.1,14.8,12.3,3.1,2.7,9,16.8,6700000,100500,2063709,277740,5773,27552,7455,1222750,42.3,36.5,10.7,2.6,Waste Management Regulatory Authority (WMRA) - Annual Report
Alexandria Region,Beheira,Lower Middle Income,2024-02,3200,50.5,13.9,10.7,7.5,3.4,14.1,17.8,6709380,100641,2063709,277740,5773,27552,7455,1224462,35.5,30,10.4,2,Waste Management Regulatory Authority (WMRA) - Annual Report
Alexandria Region,Beheira,Lower Middle Income,2024-03,3200,65.6,16.3,3.8,0.5,9.6,4.1,16.4,6718773,118923,2063709,277740,5773,27552,7455,1226176,36,30.4,10.2,2.5,Waste Management Regulatory Authority (WMRA) - Annual Report
Alexandria Region,Beheira,Lower Middle Income,2024-04,3200,54.8,17.4,9.5,2.5,3.5,12.3,17.5,6728179,100923,2078165,298652,5773,29820,7760,1227893,47.2,41.1,13.9,2.1,Waste Management Regulatory Authority (WMRA) - Annual Report
Alexandria Region,Beheira,Lower Middle Income,2024-05,3200,55.3,10.1,14.3,9.6,2.5,8.1,16.7,6737598,101064,2078165,298652,5773,29820,7760,1229612,42.9,37,13.5,2.3,Waste Management Regulatory Authority (WMRA) - Annual Report
Alexandria Region,Beheira,Lower Middle Income,2024-06,3200,56.6,12.8,12.7,0.5,0.5,16.8,17.3,6747031,101205,2078165,298652,5773,29820,7760,1231333,47.2,41.1,11,1.9,Waste Management Regulatory Authority (WMRA) - Annual Report
Alexandria Region,Beheira,Lower Middle Income,2024-07,3200,53.9,9.4,4.1,15.4,5.6,11.7,18,6756477,101347,2164819,292864,5928,28595,7323,1233057,38.2,32.5,10.6,1.7,Waste Management Regulatory Authority (WMRA) - Annual Report
Alexandria Region,Beheira,Lower Middle Income,2024-08,3200,55.7,11.6,12.5,4.3,3.2,12.7,17.7,6765936,101489,2164819,292864,5928,28595,7323,1234783,48.9,42.7,12.8,1.5,Waste Management Regulatory Authority (WMRA) - Annual Report
Alexandria Region,Beheira,Lower Middle Income,2024-09,3200,55.8,23,6.8,0.6,2.6,11.3,17.5,6775408,101631,2164819,292864,5928,28595,7323,1236512,44.9,33.1,10.5,2.2,Waste Management Regulatory Authority (WMRA) - Annual Report
Alexandria Region,Beheira,Lower Middle Income,2024-10,3200,51.3,14.6,12.8,6.7,1.6,13,17.7,6784894,101773,2029456,298587,5880,28942,7471,1238243,45.8,39.8,10.8,2.4,Waste Management Regulatory Authority (WMRA) - Annual Report
Alexandria Region,Beheira,Lower Middle Income,2024-11,3200,57.5,6.2,12.2,0.5,11.2,12.5,18.4,6794393,101916,2029456,298587,5880,28942,7471,1239977,40.4,29.4,13.2,2.1,Waste Management Regulatory Authority (WMRA) - Annual Report
Alexandria Region,Beheira,Lower Middle Income,2024-12,3200,55.3,9.6,7.3,13.3,6.8,7.7,18,6803905,102059,2029456,298587,5880,28942,7471,1241713,35.9,30.4,12.4,2.4,Waste Management Regulatory Authority (WMRA) - Annual Report
Alexandria Region,Beheira,Lower Middle Income,2025-01,3350,52.2,15,7.6,4.4,2.6,18.3,18.5,6813430,102201,2220983,290878,5836,29475,7647,1243451,41.7,35.8,11.3,2.2,Waste Management Regulatory Authority (WMRA) - Annual Report
Alexandria Region,Beheira,Lower Middle Income,2025-02,3350,55,14.1,8.6,0.5,12.2,9.5,18.5,6822969,102345,2220983,290878,5836,29475,7647,1245192,43.7,37.7,13.4,2.6,Waste Management Regulatory Authority (WMRA) - Annual Report
Alexandria Region,Beheira,Lower Middle Income,2025-03,3350,63,6.1,8.4,5.8,0.5,16.1,18.4,6832521,120936,2220983,290878,5836,29475,7647,1246935,47.9,41.7,13.6,2.6,Waste Management Regulatory Authority (WMRA) - Annual Report
Alexandria Region,Beheira,Lower Middle Income,2025-04,3350,51,16.4,14.3,1.5,3.1,13.7,19.7,6842087,102631,2038614,278264,5939,28113,7743,1248681,46.5,34.4,13,1.9,Waste Management Regulatory Authority (WMRA) - Annual Report
Alexandria Region,Beheira,Lower Middle Income,2025-05,3350,54.3,12.1,9.9,2.8,3.1,17.8,19.2,6851666,102775,2038614,278264,5939,28113,7743,1250429,42.6,36.7,13.3,1.4,Waste Management Regulatory Authority (WMRA) - Annual Report
Alexandria Region,Beheira,Lower Middle Income,2025-06,3350,56.1,15.1,12.4,3.1,4.1,9.1,18.3,6861258,102919,2038614,278264,5939,28113,7743,1252180,37.5,31.9,13.9,1.3,Waste Management Regulatory Authority (WMRA) - Annual Report
Alexandria Region,Beheira,Lower Middle Income,2025-07,3350,62.8,2,9.9,9,0.5,15.8,19.3,6870864,103063,2171892,285007,6337,30140,7917,1253933,41.8,36,11.1,2.1,Waste Management Regulatory Authority (WMRA) - Annual Report
Alexandria Region,Beheira,Lower Middle Income,2025-08,3350,56.6,12.3,14.8,5.1,0.5,10.6,19,6880483,103207,2171892,285007,6337,30140,7917,1255688,40.4,29.4,13,1.9,Waste Management Regulatory Authority (WMRA) - Annual Report
Alexandria Region,Beheira,Lower Middle Income,2025-09,3350,46.8,11.5,13.3,8.3,1.3,18.8,19.8,6890116,103352,2171892,285007,6337,30140,7917,1257446,44.7,38.7,10.3,1.5,Waste Management Regulatory Authority (WMRA) - Annual Report
Alexandria Region,Beheira,Lower Middle Income,2025-10,3350,54.5,8.9,7.1,0.5,9.2,19.9,19.3,6899762,103496,2181266,304558,6453,30527,7801,1259207,41.6,35.8,11.7,1.7,Waste Management Regulatory Authority (WMRA) - Annual Report
Alexandria Region,Beheira,Lower Middle Income,2025-11,3350,58.7,13.9,11.6,0.6,0.6,14.6,19.7,6909421,103641,2181266,304558,6453,30527,7801,1260969,36.7,31.1,10.7,2.4,Waste Management Regulatory Authority (WMRA) - Annual Report
Alexandria Region,Beheira,Lower Middle Income,2025-12,3350,53,11.2,10.5,9.3,1.8,14.1,20.1,6919095,103786,2181266,304558,6453,30527,7801,1262735,49.9,43.7,12.8,1.5,Waste Management Regulatory Authority (WMRA) - Annual Report
North Upper Egypt Region,Beni Suef,Lower Middle Income,2021-01,3690,58.7,15,7.4,4.5,5.1,9.4,11.5,3328088,49921,991208,137697,2946,14780,3869,607376,43.1,37.2,11.4,2.1,Waste Management Regulatory Authority - Governorates Report
North Upper Egypt Region,Beni Suef,Lower Middle Income,2021-02,3690,56.1,17.2,6.4,4.4,5.1,10.8,12,3332748,49991,991208,137697,2946,14780,3869,608227,37.7,32,12.7,1.9,Waste Management Regulatory Authority - Governorates Report
North Upper Egypt Region,Beni Suef,Lower Middle Income,2021-03,3690,58,13.9,4.2,5.7,0.5,17.6,12.1,3337414,50061,991208,137697,2946,14780,3869,609078,36.4,30.9,13.7,1.3,Waste Management Regulatory Authority - Governorates Report
North Upper Egypt Region,Beni Suef,Lower Middle Income,2021-04,3690,57.4,12.1,15,5.7,0.5,9.4,12.1,3342086,59155,1045751,143784,2959,14449,3623,609931,45.6,39.6,13.1,2.6,Waste Management Regulatory Authority - Governorates Report
North Upper Egypt Region,Beni Suef,Lower Middle Income,2021-05,3690,56.1,15.2,12,0.6,0.5,15.6,13.2,3346765,50201,1045751,143784,2959,14449,3623,610785,41.7,35.9,13.6,2,Waste Management Regulatory Authority - Governorates Report
North Upper Egypt Region,Beni Suef,Lower Middle Income,2021-06,3690,52,20.3,9.5,10.5,0.5,7.2,12.9,3351450,50272,1045751,143784,2959,14449,3623,611640,35.2,25.2,12.4,2.3,Waste Management Regulatory Authority - Governorates Report
North Upper Egypt Region,Beni Suef,Lower Middle Income,2021-07,3690,52.8,18.3,17.5,0.7,1.2,9.6,12.3,3356142,50342,1050715,147340,3038,14059,3646,612496,47.3,41.2,11.7,1.4,Waste Management Regulatory Authority - Governorates Report
North Upper Egypt Region,Beni Suef,Lower Middle Income,2021-08,3690,48.1,15.8,10.8,4.2,0.5,20.6,13.3,3360841,50413,1050715,147340,3038,14059,3646,613353,37,31.4,11.2,1.9,Waste Management Regulatory Authority - Governorates Report
North Upper Egypt Region,Beni Suef,Lower Middle Income,2021-09,3690,56.5,15.7,4.3,3.3,4.4,15.9,13.9,3365546,50483,1050715,147340,3038,14059,3646,614212,37.9,32.3,10.5,2.4,Waste Management Regulatory Authority - Governorates Report
North Upper Egypt Region,Beni Suef,Lower Middle Income,2021-10,3690,56.5,15.1,5.4,4.9,3.4,14.7,13.6,3370258,50554,1002325,149137,2937,14530,3765,615072,38.4,32.7,11.7,1.7,Waste Management Regulatory Authority - Governorates Report
North Upper Egypt Region,Beni Suef,Lower Middle Income,2021-11,3690,60.3,8.5,5.2,0.5,6.9,18.6,12.7,3374976,50625,1002325,149137,2937,14530,3765,615933,41.2,35.4,11,2.4,Waste Management Regulatory Authority - Governorates Report
North Upper Egypt Region,Beni Suef,Lower Middle Income,2021-12,3690,63,15.1,1.7,0.5,4,15.7,13.3,3379701,50696,1002325,149137,2937,14530,3765,616795,42.8,36.9,12.2,2.2,Waste Management Regulatory Authority - Governorates Report
North Upper Egypt Region,Beni Suef,Lower Middle Income,2022-01,4295,53.7,14.1,10,4.3,0.5,17.4,14.1,3384433,50766,1003400,145640,2905,14684,3802,617659,41.6,35.8,11.5,2.6,Waste Management Regulatory Authority - Governorates Report
North Upper Egypt Region,Beni Suef,Lower Middle Income,2022-02,4295,58.8,8.4,7.3,2.8,7.6,15.1,13.4,3389171,50838,1003400,145640,2905,14684,3802,618524,48.4,42.2,11.8,1.3,Waste Management Regulatory Authority - Governorates Report
North Upper Egypt Region,Beni Suef,Lower Middle Income,2022-03,4295,55,7.9,13.1,1.5,2.6,20,14.1,3393916,50909,1003400,145640,2905,14684,3802,619390,49.7,43.5,12.7,2.2,Waste Management Regulatory Authority - Governorates Report
North Upper Egypt Region,Beni Suef,Lower Middle Income,2022-04,4295,68.1,6.9,3.1,3.9,0.5,17.5,14.3,3398667,60156,1043196,139285,3182,14670,3704,620257,41.2,35.4,13.2,2.7,Waste Management Regulatory Authority - Governorates Report
North Upper Egypt Region,Beni Suef,Lower Middle Income,2022-05,4295,48.9,11.6,6.2,9.5,12.6,11.1,13.7,3403425,51051,1043196,139285,3182,14670,3704,621125,37.8,32.1,13.9,2.2,Waste Management Regulatory Authority - Governorates Report
North Upper Egypt Region,Beni Suef,Lower Middle Income,2022-06,4295,63.4,14.8,10,0.7,0.6,10.5,14.3,3408190,51123,1043196,139285,3182,14670,3704,621995,36.6,31.1,12.2,2.1,Waste Management Regulatory Authority - Governorates Report
North Upper Egypt Region,Beni Suef,Lower Middle Income,2022-07,4295,59.5,11.1,0.5,6.1,3,19.8,13.1,3412962,51194,1014616,145383,2946,14097,3732,622866,37.5,31.9,12.3,1.8,Waste Management Regulatory Authority - Governorates Report
North Upper Egypt Region,Beni Suef,Lower Middle Income,2022-08,4295,67.8,8.5,1.3,1.2,0.6,20.7,14.1,3417740,51266,1014616,145383,2946,14097,3732,623738,45.6,39.6,11.6,1.4,Waste Management Regulatory Authority - Governorates Report
North Upper Egypt Region,Beni Suef,Lower Middle Income,2022-09,4295,57.1,18,4.8,8.1,6,6,14.6,3422525,51338,1014616,145383,2946,14097,3732,624611,41.6,35.8,14,2.1,Waste Management Regulatory Authority - Governorates Report
North Upper Egypt Region,Beni Suef,Lower Middle Income,2022-10,4295,58.9,12.9,11.1,0.5,7.9,8.7,14.3,3427316,51410,1066002,145633,3102,14819,3891,625485,41.1,35.3,11.8,2.3,Waste Management Regulatory Authority - Governorates Report
North Upper Egypt Region,Beni Suef,Lower Middle Income,2022-11,4295,52,14.3,5.3,10.5,3.5,14.6,15.6,3432114,51482,1066002,145633,3102,14819,3891,626361,49.1,42.9,13.9,2.7,Waste Management Regulatory Authority - Governorates Report
North Upper Egypt Region,Beni Suef,Lower Middle Income,2022-12,4295,51.4,22.1,5.4,8.5,0.5,12.1,14.5,3436919,51554,1066002,145633,3102,14819,3891,627238,37.7,32.1,10.1,2,Waste Management Regulatory Authority - Governorates Report
North Upper Egypt Region,Beni Suef,Lower Middle Income,2023-01,3700,55.2,16.1,4.6,7.8,6.8,9.5,15,3441731,51626,1082166,148928,3165,14563,3760,628116,40,34.3,10.4,2.7,Waste Management Regulatory Authority - Governorates Report
North Upper Egypt Region,Beni Suef,Lower Middle Income,2023-02,3700,63.1,7.3,7.9,5.9,0.5,15.3,15.4,3446550,51698,1082166,148928,3165,14563,3760,628995,46.6,40.6,13.4,1.8,Waste Management Regulatory Authority - Governorates Report
North Upper Egypt Region,Beni Suef,Lower Middle Income,2023-03,3700,55.4,10.7,11.6,2.6,3.4,16.2,16.1,3451375,61090,1082166,148928,3165,14563,3760,629876,38.5,32.8,11.8,1.6,Waste Management Regulatory Authority - Governorates Report
North Upper Egypt Region,Beni Suef,Lower Middle Income,2023-04,3700,61.6,16.7,5.6,6.2,0.5,9.3,15,3456207,51843,1119197,139436,3039,14437,3763,630758,49,42.8,12.4,2.5,Waste Management Regulatory Authority - Governorates Report
North Upper Egypt Region,Beni Suef,Lower Middle Income,2023-05,3700,57.9,9.7,13.6,7.4,0.5,10.9,16.2,3461045,51916,1119197,139436,3039,14437,3763,631641,41.7,30.4,10.5,1.5,Waste Management Regulatory Authority - Governorates Report
North Upper Egypt Region,Beni Suef,Lower Middle Income,2023-06,3700,52.1,11.6,12.4,3.2,0.8,19.9,15.9,3465891,51988,1119197,139436,3039,14437,3763,632525,47.6,41.5,10.1,2.2,Waste Management Regulatory Authority - Governorates Report
North Upper Egypt Region,Beni Suef,Lower Middle Income,2023-07,3700,48.1,18.2,8,3.8,0.9,20.9,15.6,3470743,52061,1112389,147912,3177,15100,3849,633411,43.7,37.7,11.2,1.4,Waste Management Regulatory Authority - Governorates Report
North Upper Egypt Region,Beni Suef,Lower Middle Income,2023-08,3700,56.2,14.4,13.4,0.6,0.6,14.9,16.3,3475602,52134,1112389,147912,3177,15100,3849,634297,47,40.9,12.7,1.8,Waste Management Regulatory Authority - Governorates Report
North Upper Egypt Region,Beni Suef,Lower Middle Income,2023-09,3700,53.8,10,8.8,6.9,1.7,18.9,16.4,3480468,52207,1112389,147912,3177,15100,3849,635185,49.5,43.3,13.8,1.3,Waste Management Regulatory Authority - Governorates Report
North Upper Egypt Region,Beni Suef,Lower Middle Income,2023-10,3700,60.3,9.2,20.3,1.6,0.6,8,16.2,3485341,52280,1109974,145065,3242,15160,3949,636075,40.6,34.8,10.5,1.3,Waste Management Regulatory Authority - Governorates Report
North Upper Egypt Region,Beni Suef,Lower Middle Income,2023-11,3700,57.7,11.1,8.4,3.2,6.8,12.8,16.5,3490220,52353,1109974,145065,3242,15160,3949,636965,39,33.3,12.6,1.3,Waste Management Regulatory Authority - Governorates Report
North Upper Egypt Region,Beni Suef,Lower Middle Income,2023-12,3700,57,11.8,12.4,6.2,2.6,10.1,16.5,3495106,52427,1109974,145065,3242,15160,3949,637857,48.4,42.3,11.5,2,Waste Management Regulatory Authority - Governorates Report
North Upper Egypt Region,Beni Suef,Lower Middle Income,2024-01,3200,49.9,13.1,6.6,4.1,6.8,19.5,16.8,3500000,52500,1109237,141702,3179,15226,3780,638750,35.2,29.7,12,1.3,Waste Management Regulatory Authority - Governorates Report
North Upper Egypt Region,Beni Suef,Lower Middle Income,2024-02,3200,52.5,18.1,6.6,6,7.6,9.2,17.2,3504900,52574,1109237,141702,3179,15226,3780,639644,36.8,31.2,13.4,2,Waste Management Regulatory Authority - Governorates Report
North Upper Egypt Region,Beni Suef,Lower Middle Income,2024-03,3200,52.6,17.3,5.5,0.4,7.8,16.3,17.7,3509806,62123,1109237,141702,3179,15226,3780,640540,43.1,37.2,11.4,2.3,Waste Management Regulatory Authority - Governorates Report
North Upper Egypt Region,Beni Suef,Lower Middle Income,2024-04,3200,53.5,11.9,7.5,4.7,8.6,13.8,16.7,3514720,52721,1113444,153728,3139,14353,3995,641436,36,30.5,13.6,1.6,Waste Management Regulatory Authority - Governorates Report
North Upper Egypt Region,Beni Suef,Lower Middle Income,2024-05,3200,64.6,9.4,9.8,2.5,0.5,13.2,18.2,3519641,52795,1113444,153728,3139,14353,3995,642334,37.7,32.1,12.6,1.6,Waste Management Regulatory Authority - Governorates Report
North Upper Egypt Region,Beni Suef,Lower Middle Income,2024-06,3200,48.5,12.6,15.6,5,6.4,12,16.7,3524568,52869,1113444,153728,3139,14353,3995,643234,43.5,37.6,13.9,1.5,Waste Management Regulatory Authority - Governorates Report
North Upper Egypt Region,Beni Suef,Lower Middle Income,2024-07,3200,55.2,19.7,10.8,0.4,0.6,13.2,17.5,3529503,52943,1142776,145306,3182,15020,4118,644134,38.2,32.5,10.4,2.7,Waste Management Regulatory Authority - Governorates Report
North Upper Egypt Region,Beni Suef,Lower Middle Income,2024-08,3200,54.7,15.1,11.2,3.8,0.5,14.6,17.9,3534444,53017,1142776,145306,3182,15020,4118,645036,43.1,37.2,12.1,2.6,Waste Management Regulatory Authority - Governorates Report
North Upper Egypt Region,Beni Suef,Lower Middle Income,2024-09,3200,55.4,15,10.6,7,1.4,10.6,18,3539392,53091,1142776,145306,3182,15020,4118,645939,45.4,39.4,10.3,1.9,Waste Management Regulatory Authority - Governorates Report
North Upper Egypt Region,Beni Suef,Lower Middle Income,2024-10,3200,56,13.2,8.9,9.5,1.2,11.4,17.8,3544347,53165,1115001,150886,3265,15060,4017,646843,39.9,34.1,12.2,2,Waste Management Regulatory Authority - Governorates Report
North Upper Egypt Region,Beni Suef,Lower Middle Income,2024-11,3200,57.4,10.2,9.7,5.1,0.4,17.1,18,3549309,53240,1115001,150886,3265,15060,4017,647749,45.6,39.6,12.9,1.5,Waste Management Regulatory Authority - Governorates Report
North Upper Egypt Region,Beni Suef,Lower Middle Income,2024-12,3200,54.2,17.9,6.8,4.1,2.9,14,18.1,3554278,53314,1115001,150886,3265,15060,4017,648656,43.2,37.3,13.6,2.7,Waste Management Regulatory Authority - Governorates Report
North Upper Egypt Region,Beni Suef,Lower Middle Income,2025-01,3350,62.3,16.7,5.3,6.9,0.6,8.2,18.2,3559254,53389,1129325,157835,3253,14446,3865,649564,45.9,39.9,11.8,1.8,Waste Management Regulatory Authority - Governorates Report
North Upper Egypt Region,Beni Suef,Lower Middle Income,2025-02,3350,55.4,10,5.6,8.4,4.1,16.5,18.8,3564237,53464,1129325,157835,3253,14446,3865,650473,49.8,43.6,10.1,1.8,Waste Management Regulatory Authority - Governorates Report
North Upper Egypt Region,Beni Suef,Lower Middle Income,2025-03,3350,54.2,20.7,6.6,9.8,2.3,6.5,18.8,3569227,63175,1129325,157835,3253,14446,3865,651384,44.4,32.6,13.6,2.1,Waste Management Regulatory Authority - Governorates Report
North Upper Egypt Region,Beni Suef,Lower Middle Income,2025-04,3350,59.9,14.6,6,0.5,2.9,16,18.5,3574224,53613,1151247,151082,3310,15741,3904,652296,49.1,42.9,10.5,2.5,Waste Management Regulatory Authority - Governorates Report
North Upper Egypt Region,Beni Suef,Lower Middle Income,2025-05,3350,49.9,18.6,8.7,0.5,7.4,14.9,19.3,3579228,53688,1151247,151082,3310,15741,3904,653209,45.6,39.6,13.4,1.9,Waste Management Regulatory Authority - Governorates Report
North Upper Egypt Region,Beni Suef,Lower Middle Income,2025-06,3350,57.5,13.9,9.3,3,4.6,11.6,19.2,3584239,53764,1151247,151082,3310,15741,3904,654124,36.1,30.5,12.8,1.9,Waste Management Regulatory Authority - Governorates Report
North Upper Egypt Region,Beni Suef,Lower Middle Income,2025-07,3350,51.3,15.1,9.2,3.8,7.4,13.3,19.5,3589257,53839,1134226,149589,3271,15588,4113,655039,40.4,34.6,10.1,2,Waste Management Regulatory Authority - Governorates Report
North Upper Egypt Region,Beni Suef,Lower Middle Income,2025-08,3350,55.1,10.4,11.5,5.1,6.4,11.4,19.6,3594282,53914,1134226,149589,3271,15588,4113,655956,37.7,27.2,10.7,2.7,Waste Management Regulatory Authority - Governorates Report
North Upper Egypt Region,Beni Suef,Lower Middle Income,2025-09,3350,55.8,16.7,11.1,0.5,8.5,7.4,19.2,3599314,53990,1134226,149589,3271,15588,4113,656875,39.6,33.9,11.9,1.8,Waste Management Regulatory Authority - Governorates Report
North Upper Egypt Region,Beni Suef,Lower Middle Income,2025-10,3350,55.8,7.4,16.5,0.5,7.1,12.7,19.4,3604353,54065,1129652,152069,3340,14974,3907,657794,43.4,37.5,10.1,2.5,Waste Management Regulatory Authority - Governorates Report
North Upper Egypt Region,Beni Suef,Lower Middle Income,2025-11,3350,55.5,14,12.7,0.5,0.5,16.8,20,3609399,54141,1129652,152069,3340,14974,3907,658715,47.4,41.3,13.3,2.4,Waste Management Regulatory Authority - Governorates Report
North Upper Egypt Region,Beni Suef,Lower Middle Income,2025-12,3350,48.3,10.5,21.7,0.5,7.4,11.5,20.1,3614452,54217,1129652,152069,3340,14974,3907,659637,42.2,36.3,12.1,1.4,Waste Management Regulatory Authority - Governorates Report
Greater Cairo Region,Cairo,Middle/High Urban,2021-01,3690,51,13.7,12.5,2.9,9.7,10.2,12,9794089,264440,3063377,421840,8831,43648,11137,3217358,88.1,83.7,12.7,2.2,Waste Management Regulatory Authority (WMRA) - Greater Cairo Report
Greater Cairo Region,Cairo,Middle/High Urban,2021-02,3690,59.8,14.5,5.8,3.1,3.9,12.9,12.6,9807801,264811,3063377,421840,8831,43648,11137,3221863,86.1,81.8,12,1.4,Waste Management Regulatory Authority (WMRA) - Greater Cairo Report
Greater Cairo Region,Cairo,Middle/High Urban,2021-03,3690,59.1,8.7,13.2,6.7,2.6,9.7,12.1,9821532,265181,3063377,421840,8831,43648,11137,3226373,83.9,79.7,13.4,2.2,Waste Management Regulatory Authority (WMRA) - Greater Cairo Report
Greater Cairo Region,Cairo,Middle/High Urban,2021-04,3690,63.6,11.8,2.9,0.5,0.5,20.6,12.6,9835282,313353,2965921,424568,8807,41834,11130,3230890,88.2,83.8,13,1.8,Waste Management Regulatory Authority (WMRA) - Greater Cairo Report
Greater Cairo Region,Cairo,Middle/High Urban,2021-05,3690,52.1,14.5,11,4.2,7.9,10.4,12.4,9849052,265924,2965921,424568,8807,41834,11130,3235414,89.1,84.6,12.9,2.6,Waste Management Regulatory Authority (WMRA) - Greater Cairo Report
Greater Cairo Region,Cairo,Middle/High Urban,2021-06,3690,50.7,14.5,4.3,14.6,2.7,13.1,12.6,9862840,266297,2965921,424568,8807,41834,11130,3239943,85.8,81.5,13.7,2.7,Waste Management Regulatory Authority (WMRA) - Greater Cairo Report
Greater Cairo Region,Cairo,Middle/High Urban,2021-07,3690,58.4,15.9,9.7,4.2,0.5,11.3,13.2,9876648,266669,3161946,418260,9003,43908,11465,3244479,89.7,85.2,11,1.6,Waste Management Regulatory Authority (WMRA) - Greater Cairo Report
Greater Cairo Region,Cairo,Middle/High Urban,2021-08,3690,52.8,13.4,13.4,3.4,0.5,16.5,13.2,9890476,267043,3161946,418260,9003,43908,11465,3249021,88.5,84.1,12.1,1.3,Waste Management Regulatory Authority (WMRA) - Greater Cairo Report
Greater Cairo Region,Cairo,Middle/High Urban,2021-09,3690,48.6,13,7.4,6.4,13.1,11.4,13.4,9904322,267417,3161946,418260,9003,43908,11465,3253570,84.8,80.5,10.7,2.6,Waste Management Regulatory Authority (WMRA) - Greater Cairo Report
Greater Cairo Region,Cairo,Middle/High Urban,2021-10,3690,54.1,11.5,13.3,0.5,3.9,16.7,13.7,9918188,267791,3052367,413541,8892,40616,11272,3258125,88.2,83.8,13.9,1.3,Waste Management Regulatory Authority (WMRA) - Greater Cairo Report
Greater Cairo Region,Cairo,Middle/High Urban,2021-11,3690,52.7,15.3,11.4,0.4,5.7,14.4,13.3,9932074,268166,3052367,413541,8892,40616,11272,3262686,86.5,82.2,12,1.6,Waste Management Regulatory Authority (WMRA) - Greater Cairo Report
Greater Cairo Region,Cairo,Middle/High Urban,2021-12,3690,67,7.1,8.2,0.6,0.6,16.5,13.8,9945979,268541,3052367,413541,8892,40616,11272,3267254,89,84.5,10.5,1.3,Waste Management Regulatory Authority (WMRA) - Greater Cairo Report
Greater Cairo Region,Cairo,Middle/High Urban,2022-01,4295,49.3,21.9,8.8,8.5,0.5,11.1,13.5,9959903,268917,2962295,436921,9183,43389,11402,3271828,84.9,80.7,13.6,1.8,Waste Management Regulatory Authority (WMRA) - Greater Cairo Report
Greater Cairo Region,Cairo,Middle/High Urban,2022-02,4295,56,9.3,8.2,3.2,2,21.4,13.8,9973847,269294,2962295,436921,9183,43389,11402,3276409,83.2,79.1,12,2.7,Waste Management Regulatory Authority (WMRA) - Greater Cairo Report
Greater Cairo Region,Cairo,Middle/High Urban,2022-03,4295,53.9,14,11.5,6,2.6,12,13.8,9987810,269671,2962295,436921,9183,43389,11402,3280996,88.1,83.7,10.5,1.4,Waste Management Regulatory Authority (WMRA) - Greater Cairo Report
Greater Cairo Region,Cairo,Middle/High Urban,2022-04,4295,53.7,15,12.3,2.6,5.1,11.3,14,10001793,318657,3141818,425869,9038,41636,11863,3285589,89.7,85.2,11.2,2.3,Waste Management Regulatory Authority (WMRA) - Greater Cairo Report
Greater Cairo Region,Cairo,Middle/High Urban,2022-05,4295,54,10.9,8.9,9.1,3.1,14,14.3,10015796,270426,3141818,425869,9038,41636,11863,3290189,85.5,81.3,12.5,2.7,Waste Management Regulatory Authority (WMRA) - Greater Cairo Report
Greater Cairo Region,Cairo,Middle/High Urban,2022-06,4295,57.4,13.6,10.5,0.8,3.6,14,14,10029818,270805,3141818,425869,9038,41636,11863,3294795,88.8,84.3,13.4,2.5,Waste Management Regulatory Authority (WMRA) - Greater Cairo Report
Greater Cairo Region,Cairo,Middle/High Urban,2022-07,4295,56.2,13.3,6.1,2.5,3.4,18.6,15.2,10043860,271184,3126645,427535,8944,41498,11455,3299408,88.4,83.9,12.6,1.4,Waste Management Regulatory Authority (WMRA) - Greater Cairo Report
Greater Cairo Region,Cairo,Middle/High Urban,2022-08,4295,50.5,9.2,10.3,9.8,5.9,14.3,14.1,10057921,271564,3126645,427535,8944,41498,11455,3304027,84.6,80.4,13.1,2.4,Waste Management Regulatory Authority (WMRA) - Greater Cairo Report
Greater Cairo Region,Cairo,Middle/High Urban,2022-09,4295,51.2,16.3,12.2,5.4,6.4,8.4,14.2,10072002,271944,3126645,427535,8944,41498,11455,3308653,84.4,80.2,11.8,1.7,Waste Management Regulatory Authority (WMRA) - Greater Cairo Report
Greater Cairo Region,Cairo,Middle/High Urban,2022-10,4295,56.3,15.5,11.7,2.1,7.1,7.4,15.3,10086103,272325,3258186,449082,8717,43254,11848,3313285,86.2,69.6,12.7,1.5,Waste Management Regulatory Authority (WMRA) - Greater Cairo Report
Greater Cairo Region,Cairo,Middle/High Urban,2022-11,4295,59.4,12.3,3.8,10.9,0.6,13,15.2,10100224,272706,3258186,449082,8717,43254,11848,3317924,89.8,85.3,13.5,2.3,Waste Management Regulatory Authority (WMRA) - Greater Cairo Report
Greater Cairo Region,Cairo,Middle/High Urban,2022-12,4295,51.9,13.5,4.8,5.9,3.7,20.4,15.3,10114364,273088,3258186,449082,8717,43254,11848,3322569,90,85.5,13.5,2.5,Waste Management Regulatory Authority (WMRA) - Greater Cairo Report
Greater Cairo Region,Cairo,Middle/High Urban,2023-01,3700,59.4,12.6,6.7,1,0.5,19.9,15.5,10128524,273470,3047167,443905,8797,41482,11163,3327220,83.7,79.5,13.5,2.5,Waste Management Regulatory Authority (WMRA) - Greater Cairo Report
Greater Cairo Region,Cairo,Middle/High Urban,2023-02,3700,50.8,13.8,14.5,0.5,7.6,12.9,15.3,10142704,273853,3047167,443905,8797,41482,11163,3331878,88.7,84.3,10.1,1.9,Waste Management Regulatory Authority (WMRA) - Greater Cairo Report
Greater Cairo Region,Cairo,Middle/High Urban,2023-03,3700,54.7,8.4,5.9,5.2,10.7,15.2,15.1,10156904,323598,3047167,443905,8797,41482,11163,3336543,89.4,84.9,13.6,2.2,Waste Management Regulatory Authority (WMRA) - Greater Cairo Report
Greater Cairo Region,Cairo,Middle/High Urban,2023-04,3700,69,13.7,8.5,0.8,1.3,6.8,15.6,10171123,274620,3180025,434234,9310,45251,12033,3341214,88.8,84.3,12.9,1.7,Waste Management Regulatory Authority (WMRA) - Greater Cairo Report
Greater Cairo Region,Cairo,Middle/High Urban,2023-05,3700,55.3,11.1,9.7,4.8,4.5,14.5,15.4,10185363,275005,3180025,434234,9310,45251,12033,3345892,85.1,68.7,11.5,2.1,Waste Management Regulatory Authority (WMRA) - Greater Cairo Report
Greater Cairo Region,Cairo,Middle/High Urban,2023-06,3700,60,5.9,8.6,0.6,5.3,19.7,16.3,10199622,275390,3180025,434234,9310,45251,12033,3350576,85.7,81.4,12.6,1.8,Waste Management Regulatory Authority (WMRA) - Greater Cairo Report
Greater Cairo Region,Cairo,Middle/High Urban,2023-07,3700,62.5,16.8,9.8,2.1,0.5,8.3,15.9,10213902,275775,3237911,413143,8796,42862,12017,3355267,88.9,84.5,13.4,2.5,Waste Management Regulatory Authority (WMRA) - Greater Cairo Report
Greater Cairo Region,Cairo,Middle/High Urban,2023-08,3700,64.8,13.3,5.4,0.6,0.5,15.3,15.8,10228201,276161,3237911,413143,8796,42862,12017,3359964,86.6,82.3,11.4,2.1,Waste Management Regulatory Authority (WMRA) - Greater Cairo Report
Greater Cairo Region,Cairo,Middle/High Urban,2023-09,3700,65.6,12.8,1,3.8,2.7,14.2,16.2,10242521,276548,3237911,413143,8796,42862,12017,3364668,85.5,81.2,10.4,1.4,Waste Management Regulatory Authority (WMRA) - Greater Cairo Report
Greater Cairo Region,Cairo,Middle/High Urban,2023-10,3700,54.4,13.9,10.4,4,4.8,12.6,16.6,10256860,276935,3157189,453668,8788,42186,11829,3369379,83.9,79.7,11.4,1.7,Waste Management Regulatory Authority (WMRA) - Greater Cairo Report
Greater Cairo Region,Cairo,Middle/High Urban,2023-11,3700,46.6,15.9,10.5,6.3,6.8,13.9,16.3,10271220,277323,3157189,453668,8788,42186,11829,3374096,85.7,81.4,10.8,1.4,Waste Management Regulatory Authority (WMRA) - Greater Cairo Report
Greater Cairo Region,Cairo,Middle/High Urban,2023-12,3700,55.2,6.3,10,2.9,9.1,16.5,16.4,10285600,277711,3157189,453668,8788,42186,11829,3378820,88.4,84,13.2,2.7,Waste Management Regulatory Authority (WMRA) - Greater Cairo Report
Greater Cairo Region,Cairo,Middle/High Urban,2024-01,3200,53.3,14.3,10.7,5.9,0.5,15.3,16.9,10300000,278100,3166745,423184,9274,45473,12126,3383550,87.2,82.9,11.9,1.7,Waste Management Regulatory Authority (WMRA) - Greater Cairo Report
Greater Cairo Region,Cairo,Middle/High Urban,2024-02,3200,57.7,14.9,7.3,1.7,8,10.3,17,10314420,278489,3166745,423184,9274,45473,12126,3388287,83.8,79.6,12.6,2.3,Waste Management Regulatory Authority (WMRA) - Greater Cairo Report
Greater Cairo Region,Cairo,Middle/High Urban,2024-03,3200,65.1,14.1,7.7,0.6,3.8,8.8,16.9,10328860,329077,3166745,423184,9274,45473,12126,3393031,86.6,82.3,12.8,2.2,Waste Management Regulatory Authority (WMRA) - Greater Cairo Report
Greater Cairo Region,Cairo,Middle/High Urban,2024-04,3200,48.8,19.9,10.9,0.8,4.4,15.3,17,10343320,279270,3075847,434407,8947,43267,12040,3397781,88.6,84.2,13.2,2.6,Waste Management Regulatory Authority (WMRA) - Greater Cairo Report
Greater Cairo Region,Cairo,Middle/High Urban,2024-05,3200,58.7,12.3,13.5,0.5,0.5,14.4,17.4,10357801,279661,3075847,434407,8947,43267,12040,3402538,86.4,82.1,11.3,2.5,Waste Management Regulatory Authority (WMRA) - Greater Cairo Report
Greater Cairo Region,Cairo,Middle/High Urban,2024-06,3200,58,9.4,10.9,1.4,1.9,18.3,16.9,10372302,280052,3075847,434407,8947,43267,12040,3407301,86,81.7,13.5,1.7,Waste Management Regulatory Authority (WMRA) - Greater Cairo Report
Greater Cairo Region,Cairo,Middle/High Urban,2024-07,3200,65.8,9.8,6.5,2.3,3.3,12.3,17,10386823,280444,3239068,429177,9111,45676,11319,3412071,88.7,84.3,12.3,2.4,Waste Management Regulatory Authority (WMRA) - Greater Cairo Report
Greater Cairo Region,Cairo,Middle/High Urban,2024-08,3200,62,14.9,11.8,0.5,8,2.8,17.4,10401364,280837,3239068,429177,9111,45676,11319,3416848,86.4,82.1,10.2,1.5,Waste Management Regulatory Authority (WMRA) - Greater Cairo Report
Greater Cairo Region,Cairo,Middle/High Urban,2024-09,3200,53.6,15.3,7.6,8.1,2.6,12.8,17.8,10415926,281230,3239068,429177,9111,45676,11319,3421632,84.5,80.3,13.4,1.4,Waste Management Regulatory Authority (WMRA) - Greater Cairo Report
Greater Cairo Region,Cairo,Middle/High Urban,2024-10,3200,47.5,21.4,12.8,5.6,0.4,12.2,18.1,10430509,281624,3155683,455276,9664,44428,11598,3426422,85.6,81.3,12.6,1.9,Waste Management Regulatory Authority (WMRA) - Greater Cairo Report
Greater Cairo Region,Cairo,Middle/High Urban,2024-11,3200,56,17.3,11.2,0.5,3.5,11.5,18.7,10445111,282018,3155683,455276,9664,44428,11598,3431219,83.3,79.1,12.2,1.4,Waste Management Regulatory Authority (WMRA) - Greater Cairo Report
Greater Cairo Region,Cairo,Middle/High Urban,2024-12,3200,57.5,9.6,10.3,7.2,2.8,12.6,18.6,10459735,282413,3155683,455276,9664,44428,11598,3436023,87.9,83.5,13.9,1.8,Waste Management Regulatory Authority (WMRA) - Greater Cairo Report
Greater Cairo Region,Cairo,Middle/High Urban,2025-01,3350,52.6,14.5,5.3,4.6,7.8,15.3,18.3,10474378,282808,3311605,439967,9780,43906,11269,3440833,86.3,81.9,10.8,2.3,Waste Management Regulatory Authority (WMRA) - Greater Cairo Report
Greater Cairo Region,Cairo,Middle/High Urban,2025-02,3350,56.8,15.7,11.9,7.1,0.5,8,18.5,10489042,283204,3311605,439967,9780,43906,11269,3445650,83.2,79,13.2,1.3,Waste Management Regulatory Authority (WMRA) - Greater Cairo Report
Greater Cairo Region,Cairo,Middle/High Urban,2025-03,3350,64.3,6.8,11.1,2.7,0.5,14.6,18.3,10503727,334649,3311605,439967,9780,43906,11269,3450474,83,78.9,10.4,2.1,Waste Management Regulatory Authority (WMRA) - Greater Cairo Report
Greater Cairo Region,Cairo,Middle/High Urban,2025-04,3350,51.1,19.2,6.7,8.8,4,10.2,18.8,10518432,283998,3207422,437085,9530,44176,11357,3455305,83.3,79.2,13.4,2.1,Waste Management Regulatory Authority (WMRA) - Greater Cairo Report
Greater Cairo Region,Cairo,Middle/High Urban,2025-05,3350,58.5,15.1,10.1,5.1,0.6,10.5,18.8,10533158,284395,3207422,437085,9530,44176,11357,3460142,87.9,83.5,10.7,1.6,Waste Management Regulatory Authority (WMRA) - Greater Cairo Report
Greater Cairo Region,Cairo,Middle/High Urban,2025-06,3350,60,12.3,9.8,5.2,4.2,8.4,19.2,10547904,284793,3207422,437085,9530,44176,11357,3464986,89.3,84.8,12.9,1.5,Waste Management Regulatory Authority (WMRA) - Greater Cairo Report
Greater Cairo Region,Cairo,Middle/High Urban,2025-07,3350,55.4,12,8.2,5.3,3.7,15.5,18.9,10562671,285192,3381851,438272,9009,45558,11384,3469837,88.6,84.1,12.5,2.6,Waste Management Regulatory Authority (WMRA) - Greater Cairo Report
Greater Cairo Region,Cairo,Middle/High Urban,2025-08,3350,53.5,14.5,14.3,6.8,2.3,8.7,19.5,10577459,285591,3381851,438272,9009,45558,11384,3474695,86.4,82.1,12.4,1.6,Waste Management Regulatory Authority (WMRA) - Greater Cairo Report
Greater Cairo Region,Cairo,Middle/High Urban,2025-09,3350,61,11.8,8.2,0.5,4.3,14.2,20.1,10592268,285991,3381851,438272,9009,45558,11384,3479560,84.4,80.1,12.4,1.3,Waste Management Regulatory Authority (WMRA) - Greater Cairo Report
Greater Cairo Region,Cairo,Middle/High Urban,2025-10,3350,49.7,14.8,8,14.6,0.8,12.1,19.6,10607097,286392,3277728,462054,9629,44322,12283,3484431,88.6,84.2,11.6,2.4,Waste Management Regulatory Authority (WMRA) - Greater Cairo Report
Greater Cairo Region,Cairo,Middle/High Urban,2025-11,3350,55.4,19.1,9.1,1.1,6.4,9,19.9,10621947,286793,3277728,462054,9629,44322,12283,3489310,89.2,84.7,11.4,2.7,Waste Management Regulatory Authority (WMRA) - Greater Cairo Report
Greater Cairo Region,Cairo,Middle/High Urban,2025-12,3350,46.9,16.1,9.9,5.3,5.2,16.6,20.2,10636817,287194,3277728,462054,9629,44322,12283,3494194,88.3,83.9,13.9,1.5,Waste Management Regulatory Authority (WMRA) - Greater Cairo Report
Delta Region,Dakahlia,Lower Middle Income,2021-01,3690,57.5,14,12.9,0.5,5.8,9.3,12.1,6656177,99843,1978308,286318,5917,28683,7710,1214752,42,36.2,11.4,1.7,Ministry of Local Development - National Solid Waste Management Program (NSWMP)
Delta Region,Dakahlia,Lower Middle Income,2021-02,3690,59.9,0.6,12.7,1.7,8.1,17.1,12.1,6665496,99982,1978308,286318,5917,28683,7710,1216453,35.4,29.9,11.7,1.8,Ministry of Local Development - National Solid Waste Management Program (NSWMP)
Delta Region,Dakahlia,Lower Middle Income,2021-03,3690,50.8,7.3,11.9,10.4,5.3,14.4,12.3,6674828,100122,1978308,286318,5917,28683,7710,1218156,39.6,33.8,11.9,2.7,Ministry of Local Development - National Solid Waste Management Program (NSWMP)
Delta Region,Dakahlia,Lower Middle Income,2021-04,3690,65.8,11.6,13.5,0.5,1.4,7.2,12.1,6684172,118310,2013098,273879,6280,29049,7363,1219861,42,36.1,11,1.4,Ministry of Local Development - National Solid Waste Management Program (NSWMP)
Delta Region,Dakahlia,Lower Middle Income,2021-05,3690,56.1,16.6,12.5,4.4,3.8,6.6,12.5,6693530,100403,2013098,273879,6280,29049,7363,1221569,45.8,39.8,12.3,2.7,Ministry of Local Development - National Solid Waste Management Program (NSWMP)
Delta Region,Dakahlia,Lower Middle Income,2021-06,3690,60,11.3,8.2,7.3,0.6,12.6,12.9,6702901,100544,2013098,273879,6280,29049,7363,1223279,42.4,36.5,11.6,1.5,Ministry of Local Development - National Solid Waste Management Program (NSWMP)
Delta Region,Dakahlia,Lower Middle Income,2021-07,3690,56.6,14.1,6.6,5.1,0.6,17,13.4,6712285,100684,2064358,274889,6232,28266,7607,1224992,44,38,10.9,2,Ministry of Local Development - National Solid Waste Management Program (NSWMP)
Delta Region,Dakahlia,Lower Middle Income,2021-08,3690,54.3,19.2,11.6,0.5,0.5,13.9,13.3,6721682,100825,2064358,274889,6232,28266,7607,1226707,49.5,43.3,13.2,1.9,Ministry of Local Development - National Solid Waste Management Program (NSWMP)
Delta Region,Dakahlia,Lower Middle Income,2021-09,3690,56.6,1.1,16.7,7.5,5.5,12.6,14,6731093,100966,2064358,274889,6232,28266,7607,1228424,41.1,35.3,13.1,2,Ministry of Local Development - National Solid Waste Management Program (NSWMP)
Delta Region,Dakahlia,Lower Middle Income,2021-10,3690,60.2,10.7,11.2,0.5,9.4,7.9,12.9,6740516,101108,2144049,276523,6208,29279,7467,1230144,49.2,43,10,1.7,Ministry of Local Development - National Solid Waste Management Program (NSWMP)
Delta Region,Dakahlia,Lower Middle Income,2021-11,3690,54.4,11.7,7.2,4.2,5.3,17.3,13.6,6749953,101249,2144049,276523,6208,29279,7467,1231866,46.9,40.8,12,1.5,Ministry of Local Development - National Solid Waste Management Program (NSWMP)
Delta Region,Dakahlia,Lower Middle Income,2021-12,3690,50.3,8.2,8.8,9.9,7.3,15.6,13.6,6759403,101391,2144049,276523,6208,29279,7467,1233591,39.9,34.2,10.5,2.7,Ministry of Local Development - National Solid Waste Management Program (NSWMP)
Delta Region,Dakahlia,Lower Middle Income,2022-01,4295,55.6,14.8,13.8,2,0.5,13.3,14.5,6768866,101533,2036204,280630,5921,29943,7944,1235318,39.1,33.4,11.5,2.5,Ministry of Local Development - National Solid Waste Management Program (NSWMP)
Delta Region,Dakahlia,Lower Middle Income,2022-02,4295,51.8,8.5,7,13.7,3.5,15.4,13.4,6778342,101675,2036204,280630,5921,29943,7944,1237047,48,41.8,10.7,1.4,Ministry of Local Development - National Solid Waste Management Program (NSWMP)
Delta Region,Dakahlia,Lower Middle Income,2022-03,4295,54.5,6,7,10.4,4.7,17.4,13.6,6787832,101817,2036204,280630,5921,29943,7944,1238779,49.7,43.4,11.6,1.3,Ministry of Local Development - National Solid Waste Management Program (NSWMP)
Delta Region,Dakahlia,Lower Middle Income,2022-04,4295,55.8,9,13.2,1.3,7.2,13.5,13.8,6797335,120313,2050055,282079,5936,29184,7760,1240514,46.1,40,10.3,1.6,Ministry of Local Development - National Solid Waste Management Program (NSWMP)
Delta Region,Dakahlia,Lower Middle Income,2022-05,4295,62.5,12.9,3.5,10.9,3.6,6.5,13.3,6806851,102103,2050055,282079,5936,29184,7760,1242250,46.9,40.8,12.8,1.3,Ministry of Local Development - National Solid Waste Management Program (NSWMP)
Delta Region,Dakahlia,Lower Middle Income,2022-06,4295,58.2,10.9,3.9,10.7,3.5,12.9,14.1,6816381,102246,2050055,282079,5936,29184,7760,1243990,37.1,31.5,12.6,1.3,Ministry of Local Development - National Solid Waste Management Program (NSWMP)
Delta Region,Dakahlia,Lower Middle Income,2022-07,4295,60.2,7.8,5.3,10,1,15.6,14.1,6825924,102389,2067964,290359,6259,28669,7436,1245731,38.9,33.2,13,1.7,Ministry of Local Development - National Solid Waste Management Program (NSWMP)
Delta Region,Dakahlia,Lower Middle Income,2022-08,4295,46.7,7.4,12.2,5.3,9.7,18.8,14.6,6835480,102532,2067964,290359,6259,28669,7436,1247475,45.2,39.2,13.6,1.6,Ministry of Local Development - National Solid Waste Management Program (NSWMP)
Delta Region,Dakahlia,Lower Middle Income,2022-09,4295,48.9,13.2,7.7,10.7,6.6,12.8,14.8,6845050,102676,2067964,290359,6259,28669,7436,1249222,47.2,41.1,10.7,1.4,Ministry of Local Development - National Solid Waste Management Program (NSWMP)
Delta Region,Dakahlia,Lower Middle Income,2022-10,4295,49.6,16.4,10.8,8.9,0.4,13.8,15.6,6854633,102819,2096668,288367,6168,28610,7570,1250971,39.1,33.4,12.6,1.5,Ministry of Local Development - National Solid Waste Management Program (NSWMP)
Delta Region,Dakahlia,Lower Middle Income,2022-11,4295,43.4,16.1,13,3.3,7.2,17.1,15.3,6864229,102963,2096668,288367,6168,28610,7570,1252722,45.6,39.6,10.8,2.3,Ministry of Local Development - National Solid Waste Management Program (NSWMP)
Delta Region,Dakahlia,Lower Middle Income,2022-12,4295,50.7,20.4,8.9,2.8,5.8,11.4,14.9,6873839,103108,2096668,288367,6168,28610,7570,1254476,44.3,38.3,10.8,1.6,Ministry of Local Development - National Solid Waste Management Program (NSWMP)
Delta Region,Dakahlia,Lower Middle Income,2023-01,3700,55.4,18.5,9.9,0.5,4.5,11.2,14.8,6883463,103252,2148174,288684,6056,28956,7412,1256232,36.5,30.9,11.5,1.5,Ministry of Local Development - National Solid Waste Management Program (NSWMP)
Delta Region,Dakahlia,Lower Middle Income,2023-02,3700,50.7,13.5,13.6,6.4,6.3,9.6,15.5,6893100,103396,2148174,288684,6056,28956,7412,1257991,46.7,40.6,10.2,2.4,Ministry of Local Development - National Solid Waste Management Program (NSWMP)
Delta Region,Dakahlia,Lower Middle Income,2023-03,3700,56.6,18,6.2,9.7,0.5,9,15,6902750,122178,2148174,288684,6056,28956,7412,1259752,47.4,41.3,13.3,2.1,Ministry of Local Development - National Solid Waste Management Program (NSWMP)
Delta Region,Dakahlia,Lower Middle Income,2023-04,3700,55.6,15.3,13.3,0.5,4.5,10.8,16.3,6912414,103686,2181581,295840,6390,28280,7655,1261516,35.6,30,11.3,2.5,Ministry of Local Development - National Solid Waste Management Program (NSWMP)
Delta Region,Dakahlia,Lower Middle Income,2023-05,3700,56.9,10.5,7.9,7,8.3,9.3,16.2,6922091,103831,2181581,295840,6390,28280,7655,1263282,44,38.1,13.4,1.9,Ministry of Local Development - National Solid Waste Management Program (NSWMP)
Delta Region,Dakahlia,Lower Middle Income,2023-06,3700,59,8.4,12.7,1.7,0.5,17.7,15.7,6931782,103977,2181581,295840,6390,28280,7655,1265050,36.2,30.7,11.2,2.3,Ministry of Local Development - National Solid Waste Management Program (NSWMP)
Delta Region,Dakahlia,Lower Middle Income,2023-07,3700,56.7,12.3,1.2,8.2,6.7,14.9,15.3,6941487,104122,2235289,295579,6106,30915,7726,1266821,48,41.8,12.7,2.1,Ministry of Local Development - National Solid Waste Management Program (NSWMP)
Delta Region,Dakahlia,Lower Middle Income,2023-08,3700,49.7,17.7,7.2,2.1,12.1,11.2,16.6,6951205,104268,2235289,295579,6106,30915,7726,1268595,37.6,32,11.7,1.8,Ministry of Local Development - National Solid Waste Management Program (NSWMP)
Delta Region,Dakahlia,Lower Middle Income,2023-09,3700,53.4,13.9,10.6,4.6,4.1,13.4,16.3,6960936,104414,2235289,295579,6106,30915,7726,1270371,49.3,43.1,12,1.4,Ministry of Local Development - National Solid Waste Management Program (NSWMP)
Delta Region,Dakahlia,Lower Middle Income,2023-10,3700,50.6,17.2,4.3,7.3,5.4,15.2,16.9,6970682,104560,2106909,302241,6003,30574,7794,1272149,45.3,39.3,10.8,2.4,Ministry of Local Development - National Solid Waste Management Program (NSWMP)
Delta Region,Dakahlia,Lower Middle Income,2023-11,3700,66.3,13.9,2.8,4.2,0.5,12.3,15.9,6980441,104707,2106909,302241,6003,30574,7794,1273930,43.2,37.3,13.9,2.6,Ministry of Local Development - National Solid Waste Management Program (NSWMP)
Delta Region,Dakahlia,Lower Middle Income,2023-12,3700,51.7,11.1,7.7,0.5,5.8,23.2,16.5,6990213,104853,2106909,302241,6003,30574,7794,1275714,46.6,40.5,11,2.2,Ministry of Local Development - National Solid Waste Management Program (NSWMP)
Delta Region,Dakahlia,Lower Middle Income,2024-01,3200,58.5,12.3,9.8,2.2,3.3,13.9,16.8,7000000,105000,2170435,300993,6514,29406,8255,1277500,44.9,38.9,12.9,2.4,Ministry of Local Development - National Solid Waste Management Program (NSWMP)
Delta Region,Dakahlia,Lower Middle Income,2024-02,3200,48.9,18.3,3.7,6.5,2.4,20.2,16.9,7009800,105147,2170435,300993,6514,29406,8255,1279288,35.3,29.8,11.2,1.7,Ministry of Local Development - National Solid Waste Management Program (NSWMP)
Delta Region,Dakahlia,Lower Middle Income,2024-03,3200,63.8,11.7,8.9,4.2,0.5,10.9,16.9,7019613,124247,2170435,300993,6514,29406,8255,1281079,37.5,31.9,12.8,2.3,Ministry of Local Development - National Solid Waste Management Program (NSWMP)
Delta Region,Dakahlia,Lower Middle Income,2024-04,3200,55.7,10.7,11.7,6,0.6,15.3,17.4,7029441,105442,2164264,295175,6295,30859,8287,1282873,38.4,32.7,13.3,2.3,Ministry of Local Development - National Solid Waste Management Program (NSWMP)
Delta Region,Dakahlia,Lower Middle Income,2024-05,3200,62.8,13.3,7.9,2.7,0.9,12.3,16.9,7039282,105589,2164264,295175,6295,30859,8287,1284669,42.4,36.5,11.7,2.3,Ministry of Local Development - National Solid Waste Management Program (NSWMP)
Delta Region,Dakahlia,Lower Middle Income,2024-06,3200,55.3,21.5,6.9,2.7,2.7,11,17.4,7049137,105737,2164264,295175,6295,30859,8287,1286468,47.9,41.8,12.4,1.7,Ministry of Local Development - National Solid Waste Management Program (NSWMP)
Delta Region,Dakahlia,Lower Middle Income,2024-07,3200,66,3.8,8.6,7.9,1.9,11.8,17.6,7059006,105885,2151727,308493,6047,29817,7930,1288269,45.9,39.9,13.4,1.8,Ministry of Local Development - National Solid Waste Management Program (NSWMP)
Delta Region,Dakahlia,Lower Middle Income,2024-08,3200,55.9,16.3,10.6,0.7,4.6,11.9,17.9,7068888,106033,2151727,308493,6047,29817,7930,1290072,43.8,37.9,12.4,1.5,Ministry of Local Development - National Solid Waste Management Program (NSWMP)
Delta Region,Dakahlia,Lower Middle Income,2024-09,3200,55.1,17.7,0.5,4.1,0.5,22.3,18.2,7078785,106182,2151727,308493,6047,29817,7930,1291878,39.4,33.7,11.2,1.4,Ministry of Local Development - National Solid Waste Management Program (NSWMP)
Delta Region,Dakahlia,Lower Middle Income,2024-10,3200,53.1,15.7,9.7,0.9,0.5,20.1,17.6,7088695,106330,2232173,292970,6105,31432,8306,1293687,49.9,43.7,13.5,1.6,Ministry of Local Development - National Solid Waste Management Program (NSWMP)
Delta Region,Dakahlia,Lower Middle Income,2024-11,3200,54.1,18.9,9.2,4.6,1.7,11.6,17.5,7098619,106479,2232173,292970,6105,31432,8306,1295498,38.5,32.9,13.3,1.9,Ministry of Local Development - National Solid Waste Management Program (NSWMP)
Delta Region,Dakahlia,Lower Middle Income,2024-12,3200,53.6,13.9,7.2,5.9,3.8,15.7,18.8,7108557,106628,2232173,292970,6105,31432,8306,1297312,35.1,29.6,11.4,1.3,Ministry of Local Development - National Solid Waste Management Program (NSWMP)
Delta Region,Dakahlia,Lower Middle Income,2025-01,3350,49.1,10.1,10.3,9.4,6.4,14.7,18.5,7118509,106778,2272071,312355,6446,30152,8002,1299128,44.7,38.7,14,1.8,Ministry of Local Development - National Solid Waste Management Program (NSWMP)
Delta Region,Dakahlia,Lower Middle Income,2025-02,3350,56.2,14.3,4.7,6.1,4.2,14.4,18.2,7128475,106927,2272071,312355,6446,30152,8002,1300947,46.6,40.5,13.7,1.8,Ministry of Local Development - National Solid Waste Management Program (NSWMP)
Delta Region,Dakahlia,Lower Middle Income,2025-03,3350,57.9,7.2,14.3,6.7,2.4,11.4,19.3,7138455,126351,2272071,312355,6446,30152,8002,1302768,37.6,32,10.9,1.7,Ministry of Local Development - National Solid Waste Management Program (NSWMP)
Delta Region,Dakahlia,Lower Middle Income,2025-04,3350,49.9,16.5,8.9,4,2.6,18.1,18.8,7148449,107227,2187555,301677,6203,31548,8364,1304592,40.5,34.7,11.2,2.5,Ministry of Local Development - National Solid Waste Management Program (NSWMP)
Delta Region,Dakahlia,Lower Middle Income,2025-05,3350,51.5,12.2,15.1,4.3,7.1,9.8,19.4,7158457,107377,2187555,301677,6203,31548,8364,1306418,46.4,40.3,13.9,2.2,Ministry of Local Development - National Solid Waste Management Program (NSWMP)
Delta Region,Dakahlia,Lower Middle Income,2025-06,3350,55.7,19.3,7.3,3.5,4.1,10.1,19.1,7168479,107527,2187555,301677,6203,31548,8364,1308247,35.8,30.3,12.9,1.4,Ministry of Local Development - National Solid Waste Management Program (NSWMP)
Delta Region,Dakahlia,Lower Middle Income,2025-07,3350,51,12.5,9.5,8.6,8.4,10,20,7178514,107678,2313782,304710,6176,29810,7746,1310079,46.4,40.3,11.2,2.1,Ministry of Local Development - National Solid Waste Management Program (NSWMP)
Delta Region,Dakahlia,Lower Middle Income,2025-08,3350,48.7,13.6,14.1,5.9,3.5,14.2,20,7188564,107828,2313782,304710,6176,29810,7746,1311913,46.2,40.1,12.5,2.7,Ministry of Local Development - National Solid Waste Management Program (NSWMP)
Delta Region,Dakahlia,Lower Middle Income,2025-09,3350,55.7,8.8,10.2,9.4,2.1,13.8,19.4,7198628,107979,2313782,304710,6176,29810,7746,1313750,39.6,33.9,13.2,2.4,Ministry of Local Development - National Solid Waste Management Program (NSWMP)
Delta Region,Dakahlia,Lower Middle Income,2025-10,3350,65.4,4.2,11.9,6.3,1.2,11,20,7208706,108131,2203709,312773,6769,31582,8486,1315589,41.3,35.5,12.6,2.1,Ministry of Local Development - National Solid Waste Management Program (NSWMP)
Delta Region,Dakahlia,Lower Middle Income,2025-11,3350,46.2,14.2,15.7,8.3,0.4,15.2,20,7218799,108282,2203709,312773,6769,31582,8486,1317431,41.9,36.1,11.9,2.2,Ministry of Local Development - National Solid Waste Management Program (NSWMP)
Delta Region,Dakahlia,Lower Middle Income,2025-12,3350,53.7,10.6,8.1,7.1,6.8,13.7,20.4,7228905,108434,2203709,312773,6769,31582,8486,1319275,40.7,34.9,13.9,1.4,Ministry of Local Development - National Solid Waste Management Program (NSWMP)
Delta Region,Damietta,Lower Middle Income,2021-01,3690,52.2,13.9,11.6,8.5,0.5,13.3,12.3,1521412,22821,473759,67083,1372,6703,1735,277658,39.8,34,11.8,1.6,Ministry of Environment - Damietta State of Environment Report
Delta Region,Damietta,Lower Middle Income,2021-02,3690,60,14.9,10.5,4.5,0.6,9.4,12.5,1523542,22853,473759,67083,1372,6703,1735,278046,42.2,36.4,11.6,1.4,Ministry of Environment - Damietta State of Environment Report
Delta Region,Damietta,Lower Middle Income,2021-03,3690,53.7,14.1,9.4,1.5,9.3,12,11.6,1525674,22885,473759,67083,1372,6703,1735,278436,37,31.4,12.4,2.2,Ministry of Environment - Damietta State of Environment Report
Delta Region,Damietta,Lower Middle Income,2021-04,3690,69.8,19.9,2.3,4.3,1.3,2.3,11.9,1527810,27042,464428,63299,1370,6329,1689,278825,44.3,38.4,12.2,2.2,Ministry of Environment - Damietta State of Environment Report
Delta Region,Damietta,Lower Middle Income,2021-05,3690,45.5,14.6,16.5,6.9,3.9,12.6,11.7,1529949,22949,464428,63299,1370,6329,1689,279216,41.4,35.6,13,2.4,Ministry of Environment - Damietta State of Environment Report
Delta Region,Damietta,Lower Middle Income,2021-06,3690,55.9,19.1,6.9,0.4,0.4,17.3,12.6,1532091,22981,464428,63299,1370,6329,1689,279607,43.3,37.4,12.9,1.4,Ministry of Environment - Damietta State of Environment Report
Delta Region,Damietta,Lower Middle Income,2021-07,3690,62.1,15.4,3,1,2,16.4,13.1,1534236,23014,476018,65913,1320,6653,1715,279998,38.4,27.8,13.9,2,Ministry of Environment - Damietta State of Environment Report
Delta Region,Damietta,Lower Middle Income,2021-08,3690,54.5,8.9,6.8,9,4.1,16.7,13.5,1536384,23046,476018,65913,1320,6653,1715,280390,38.8,33.1,13.4,1.3,Ministry of Environment - Damietta State of Environment Report
Delta Region,Damietta,Lower Middle Income,2021-09,3690,55.8,1.5,8.3,0.7,4.8,28.9,13.1,1538535,23078,476018,65913,1320,6653,1715,280783,41.2,35.4,12.1,2.7,Ministry of Environment - Damietta State of Environment Report
Delta Region,Damietta,Lower Middle Income,2021-10,3690,48.3,19.6,10,1.1,3.6,17.4,13.9,1540689,23110,496553,65568,1404,6780,1754,281176,42.8,36.9,11.9,1.5,Ministry of Environment - Damietta State of Environment Report
Delta Region,Damietta,Lower Middle Income,2021-11,3690,56.3,9.5,9.9,0.4,5.7,18.2,12.7,1542846,23143,496553,65568,1404,6780,1754,281569,42.4,36.5,12.1,1.3,Ministry of Environment - Damietta State of Environment Report
Delta Region,Damietta,Lower Middle Income,2021-12,3690,55.2,10.3,11.2,5.5,3.4,14.5,12.8,1545006,23175,496553,65568,1404,6780,1754,281964,36.4,30.8,10.6,2,Ministry of Environment - Damietta State of Environment Report
Delta Region,Damietta,Lower Middle Income,2022-01,4295,55.8,17.1,12.9,0.5,0.5,13.2,13.6,1547169,23208,500105,64009,1441,6516,1730,282358,39,33.3,10.7,2.4,Ministry of Environment - Damietta State of Environment Report
Delta Region,Damietta,Lower Middle Income,2022-02,4295,56.5,13.1,7.2,4.9,1.6,16.8,13.9,1549335,23240,500105,64009,1441,6516,1730,282754,47.7,41.6,11.2,1.8,Ministry of Environment - Damietta State of Environment Report
Delta Region,Damietta,Lower Middle Income,2022-03,4295,54.4,11.1,10.3,8.8,0.7,14.8,13.9,1551504,23273,500105,64009,1441,6516,1730,283149,44.8,38.8,13.1,2.2,Ministry of Environment - Damietta State of Environment Report
Delta Region,Damietta,Lower Middle Income,2022-04,4295,58.4,13.8,6.9,4.2,7,9.8,13.2,1553676,27500,480473,64706,1368,6472,1731,283546,42.6,36.8,11.8,2.3,Ministry of Environment - Damietta State of Environment Report
Delta Region,Damietta,Lower Middle Income,2022-05,4295,60.7,9.5,6.4,7.5,0.6,15.3,14.1,1555851,23338,480473,64706,1368,6472,1731,283943,46.8,40.8,13.9,1.6,Ministry of Environment - Damietta State of Environment Report
Delta Region,Damietta,Lower Middle Income,2022-06,4295,56.9,14.2,8.3,4.5,3.4,12.7,13.8,1558030,23370,480473,64706,1368,6472,1731,284340,42.3,36.4,13.2,2.6,Ministry of Environment - Damietta State of Environment Report
Delta Region,Damietta,Lower Middle Income,2022-07,4295,46.3,18.5,11.2,11.7,0.9,11.4,14.7,1560211,23403,489529,64967,1332,6476,1781,284739,35.9,30.4,11.3,1.4,Ministry of Environment - Damietta State of Environment Report
Delta Region,Damietta,Lower Middle Income,2022-08,4295,50.9,9.8,17.6,1.9,10.8,8.9,14.6,1562395,23436,489529,64967,1332,6476,1781,285137,44.6,38.7,12.7,1.6,Ministry of Environment - Damietta State of Environment Report
Delta Region,Damietta,Lower Middle Income,2022-09,4295,52.9,12,9.8,7.6,4.9,12.7,14.3,1564582,23469,489529,64967,1332,6476,1781,285536,44.8,38.8,11.9,2.1,Ministry of Environment - Damietta State of Environment Report
Delta Region,Damietta,Lower Middle Income,2022-10,4295,63.3,13.2,7.3,0.6,8,7.6,14.6,1566773,23502,470520,65069,1464,6686,1691,285936,45.7,39.7,11.4,2.6,Ministry of Environment - Damietta State of Environment Report
Delta Region,Damietta,Lower Middle Income,2022-11,4295,54.2,10.1,6.1,5.9,7.7,15.9,14.5,1568966,23534,470520,65069,1464,6686,1691,286336,45.7,39.7,10.1,2.5,Ministry of Environment - Damietta State of Environment Report
Delta Region,Damietta,Lower Middle Income,2022-12,4295,58,17.4,3,2.1,0.5,19,15.1,1571163,23567,470520,65069,1464,6686,1691,286737,38.2,32.6,11,2,Ministry of Environment - Damietta State of Environment Report
Delta Region,Damietta,Lower Middle Income,2023-01,3700,52.6,15.9,11.8,0.5,0.6,18.5,15.6,1573363,23600,486847,66555,1343,6347,1784,287139,35.2,29.6,11.9,2.6,Ministry of Environment - Damietta State of Environment Report
Delta Region,Damietta,Lower Middle Income,2023-02,3700,59.1,15.2,7.7,3,2.9,12.2,14.9,1575565,23633,486847,66555,1343,6347,1784,287541,49.1,36.5,12.4,2.4,Ministry of Environment - Damietta State of Environment Report
Delta Region,Damietta,Lower Middle Income,2023-03,3700,62.3,15.1,6.8,0.9,0.5,14.4,15.7,1577771,27927,486847,66555,1343,6347,1784,287943,42,36.2,13.5,2.2,Ministry of Environment - Damietta State of Environment Report
Delta Region,Damietta,Lower Middle Income,2023-04,3700,51,16.3,5.9,10.7,0.4,15.6,15.4,1579980,23700,475262,65177,1374,6882,1736,288346,46.8,40.7,12.8,1.3,Ministry of Environment - Damietta State of Environment Report
Delta Region,Damietta,Lower Middle Income,2023-05,3700,55.7,10,7.3,3.9,5.6,17.6,15.4,1582192,23733,475262,65177,1374,6882,1736,288750,39.1,28.4,13,2.4,Ministry of Environment - Damietta State of Environment Report
Delta Region,Damietta,Lower Middle Income,2023-06,3700,62.7,10.7,7.6,4.1,2.6,12.2,15.9,1584407,23766,475262,65177,1374,6882,1736,289154,35.6,30,12.8,1.7,Ministry of Environment - Damietta State of Environment Report
Delta Region,Damietta,Lower Middle Income,2023-07,3700,53.5,20.8,7.5,2.1,4.9,11.2,15.6,1586625,23799,484911,66930,1462,6780,1756,289559,46.9,40.8,10.8,1.7,Ministry of Environment - Damietta State of Environment Report
Delta Region,Damietta,Lower Middle Income,2023-08,3700,56.5,9.8,16.7,5.3,0.5,11.2,15.9,1588846,23833,484911,66930,1462,6780,1756,289964,38.4,32.8,13.3,2.1,Ministry of Environment - Damietta State of Environment Report
Delta Region,Damietta,Lower Middle Income,2023-09,3700,57.5,19.8,5.3,1.5,0.9,15,15.8,1591071,23866,484911,66930,1462,6780,1756,290370,45.1,39.1,10.3,1.3,Ministry of Environment - Damietta State of Environment Report
Delta Region,Damietta,Lower Middle Income,2023-10,3700,60.2,7.6,9.1,4,0.6,18.4,17.2,1593298,23899,518616,67057,1475,6521,1893,290777,36.9,31.3,13.4,2.3,Ministry of Environment - Damietta State of Environment Report
Delta Region,Damietta,Lower Middle Income,2023-11,3700,58,12.2,10.7,0.5,1.2,17.4,16.5,1595529,23933,518616,67057,1475,6521,1893,291184,42.4,36.5,13.2,1.9,Ministry of Environment - Damietta State of Environment Report
Delta Region,Damietta,Lower Middle Income,2023-12,3700,45.8,8.6,16.2,9.6,4.2,15.7,16.4,1597763,23966,518616,67057,1475,6521,1893,291592,40.3,29.3,13.4,1.7,Ministry of Environment - Damietta State of Environment Report
Delta Region,Damietta,Lower Middle Income,2024-01,3200,64.3,13.7,11.1,4,1.8,5.1,16.9,1600000,24000,507983,68903,1420,6710,1868,292000,45.1,39.1,10.1,2.2,Ministry of Environment - Damietta State of Environment Report
Delta Region,Damietta,Lower Middle Income,2024-02,3200,61.5,16,17.5,0.9,0.5,3.5,16.9,1602240,24034,507983,68903,1420,6710,1868,292409,46.2,40.1,12.1,1.7,Ministry of Environment - Damietta State of Environment Report
Delta Region,Damietta,Lower Middle Income,2024-03,3200,53.6,14.4,6.5,11,1.8,12.7,17,1604483,28399,507983,68903,1420,6710,1868,292818,38.5,32.9,10.1,1.7,Ministry of Environment - Damietta State of Environment Report
Delta Region,Damietta,Lower Middle Income,2024-04,3200,50.9,14.4,2.2,7,5.8,19.7,17.4,1606729,24101,495572,64859,1477,6583,1841,293228,40.2,34.5,12.8,1.9,Ministry of Environment - Damietta State of Environment Report
Delta Region,Damietta,Lower Middle Income,2024-05,3200,58.5,15.5,13.8,6.7,0.6,4.9,17.6,1608978,24135,495572,64859,1477,6583,1841,293638,49,42.8,11.6,1.3,Ministry of Environment - Damietta State of Environment Report
Delta Region,Damietta,Lower Middle Income,2024-06,3200,59.8,12.9,8,7.4,3,8.9,17.3,1611231,24168,495572,64859,1477,6583,1841,294050,50,43.7,13.7,2.2,Ministry of Environment - Damietta State of Environment Report
Delta Region,Damietta,Lower Middle Income,2024-07,3200,48.2,8.5,19.5,6.8,3.7,13.3,17.4,1613487,24202,514816,70397,1457,7126,1784,294461,35.7,30.2,11.6,2,Ministry of Environment - Damietta State of Environment Report
Delta Region,Damietta,Lower Middle Income,2024-08,3200,49.7,16.2,7.3,5.8,1.5,19.7,17.6,1615746,24236,514816,70397,1457,7126,1784,294874,41.7,35.8,10.4,2.7,Ministry of Environment - Damietta State of Environment Report
Delta Region,Damietta,Lower Middle Income,2024-09,3200,54,16.5,7,7.6,1.4,13.3,17,1618008,24270,514816,70397,1457,7126,1784,295286,40.5,34.7,10.2,1.6,Ministry of Environment - Damietta State of Environment Report
Delta Region,Damietta,Lower Middle Income,2024-10,3200,59.1,8.6,10.4,5.6,4.8,11.6,17.4,1620273,24304,487995,71072,1417,6687,1750,295700,44.3,38.3,12.3,2.3,Ministry of Environment - Damietta State of Environment Report
Delta Region,Damietta,Lower Middle Income,2024-11,3200,55.9,7,13.6,7.6,9.3,6.5,18.6,1622541,24338,487995,71072,1417,6687,1750,296114,40.4,34.6,12.5,1.5,Ministry of Environment - Damietta State of Environment Report
Delta Region,Damietta,Lower Middle Income,2024-12,3200,58.1,21,2.8,0.6,1.3,16.3,19,1624813,24372,487995,71072,1417,6687,1750,296528,42.2,36.3,10.9,1.3,Ministry of Environment - Damietta State of Environment Report
Delta Region,Damietta,Lower Middle Income,2025-01,3350,57.7,11.4,6.8,5,4.6,14.5,18.3,1627087,24406,518348,67324,1420,6916,1924,296943,47,34.8,14,2.7,Ministry of Environment - Damietta State of Environment Report
Delta Region,Damietta,Lower Middle Income,2025-02,3350,59.5,5.6,6.8,10.4,3.9,13.8,18.7,1629365,24440,518348,67324,1420,6916,1924,297359,40.8,29.8,13.9,1.4,Ministry of Environment - Damietta State of Environment Report
Delta Region,Damietta,Lower Middle Income,2025-03,3350,63.8,8.2,8.7,4.4,1.2,13.7,18.8,1631646,28880,518348,67324,1420,6916,1924,297775,47.5,41.4,10.2,2.5,Ministry of Environment - Damietta State of Environment Report
Delta Region,Damietta,Lower Middle Income,2025-04,3350,56.7,7.9,11.1,0.5,3.8,20,20,1633931,24509,483366,72319,1469,7235,1789,298192,42.6,36.8,10.5,2.7,Ministry of Environment - Damietta State of Environment Report
Delta Region,Damietta,Lower Middle Income,2025-05,3350,59.5,9.1,10.5,0.6,5.8,14.4,19.3,1636218,24543,483366,72319,1469,7235,1789,298610,47.6,41.5,13.4,2.2,Ministry of Environment - Damietta State of Environment Report
Delta Region,Damietta,Lower Middle Income,2025-06,3350,55.8,15.7,8.3,6.3,1.4,12.6,19,1638509,24578,483366,72319,1469,7235,1789,299028,46.9,40.8,10.1,2.2,Ministry of Environment - Damietta State of Environment Report
Delta Region,Damietta,Lower Middle Income,2025-07,3350,46.5,13.7,13.3,5.9,5.6,15.1,18.8,1640803,24612,509308,67164,1513,6758,1888,299447,43.3,37.4,11.3,1.3,Ministry of Environment - Damietta State of Environment Report
Delta Region,Damietta,Lower Middle Income,2025-08,3350,53.1,7.8,15.5,10.3,1.8,11.4,18.7,1643100,24646,509308,67164,1513,6758,1888,299866,41.1,35.3,11.8,2.3,Ministry of Environment - Damietta State of Environment Report
Delta Region,Damietta,Lower Middle Income,2025-09,3350,56.4,14.7,8.7,0.5,4.1,15.7,19.6,1645400,24681,509308,67164,1513,6758,1888,300286,35.1,25.2,12.5,1.8,Ministry of Environment - Damietta State of Environment Report
Delta Region,Damietta,Lower Middle Income,2025-10,3350,55.8,13.7,8.4,7.5,3,11.6,19.3,1647704,24716,515164,68985,1430,6809,1851,300706,35.1,29.6,13.2,2.1,Ministry of Environment - Damietta State of Environment Report
Delta Region,Damietta,Lower Middle Income,2025-11,3350,54.5,5.8,9,6.6,4.3,19.8,19.1,1650011,24750,515164,68985,1430,6809,1851,301127,41.5,35.7,10.3,1.9,Ministry of Environment - Damietta State of Environment Report
Delta Region,Damietta,Lower Middle Income,2025-12,3350,50.1,13.7,12,12.1,3.3,8.9,19.6,1652321,24785,515164,68985,1430,6809,1851,301549,44.9,38.9,12.4,1.7,Ministry of Environment - Damietta State of Environment Report
North Upper Egypt Region,Faiyum,Lower Middle Income,2021-01,3690,48.7,16.7,7.1,6.1,6.5,14.9,12.7,3803530,57053,1183260,156890,3339,16895,4434,694144,47.5,41.4,13.8,1.3,Ministry of Environment - Faiyum Waste System
North Upper Egypt Region,Faiyum,Lower Middle Income,2021-02,3690,54.3,9.9,9.2,5.5,6.4,14.7,12.5,3808855,57133,1183260,156890,3339,16895,4434,695116,42.8,36.9,12.9,1.7,Ministry of Environment - Faiyum Waste System
North Upper Egypt Region,Faiyum,Lower Middle Income,2021-03,3690,53.1,14.9,13,5.4,0.5,13.1,12.3,3814187,57213,1183260,156890,3339,16895,4434,696089,40.7,34.9,11.9,1.6,Ministry of Environment - Faiyum Waste System
North Upper Egypt Region,Faiyum,Lower Middle Income,2021-04,3690,62.1,7,1.4,9.5,4.7,15.3,13,3819527,67606,1133519,154570,3333,15505,4339,697064,46.6,40.5,12.6,1.6,Ministry of Environment - Faiyum Waste System
North Upper Egypt Region,Faiyum,Lower Middle Income,2021-05,3690,50.4,15.6,10.8,0.5,8.4,14.3,12.5,3824874,57373,1133519,154570,3333,15505,4339,698040,47.7,35.4,11.1,2.4,Ministry of Environment - Faiyum Waste System
North Upper Egypt Region,Faiyum,Lower Middle Income,2021-06,3690,59.4,12.7,2,7.1,4.4,14.5,12.4,3830229,57453,1133519,154570,3333,15505,4339,699017,47.3,41.1,13.1,1.4,Ministry of Environment - Faiyum Waste System
North Upper Egypt Region,Faiyum,Lower Middle Income,2021-07,3690,65.6,8,8.3,0.5,2.1,15.4,13.4,3835591,57534,1169875,154709,3451,15841,4499,699995,42.1,36.2,12.6,1.8,Ministry of Environment - Faiyum Waste System
North Upper Egypt Region,Faiyum,Lower Middle Income,2021-08,3690,50.9,10.1,5.7,9.5,11.1,12.7,13.1,3840961,57614,1169875,154709,3451,15841,4499,700975,37.4,31.8,13.8,1.3,Ministry of Environment - Faiyum Waste System
North Upper Egypt Region,Faiyum,Lower Middle Income,2021-09,3690,59.7,21.2,4.9,2.9,0.6,10.7,12.7,3846338,57695,1169875,154709,3451,15841,4499,701957,46,39.9,10.1,2.5,Ministry of Environment - Faiyum Waste System
North Upper Egypt Region,Faiyum,Lower Middle Income,2021-10,3690,59.7,10.4,10.9,4.7,0.8,13.6,13.1,3851723,57776,1170321,163920,3343,15762,4540,702939,40.2,34.5,11.3,1.4,Ministry of Environment - Faiyum Waste System
North Upper Egypt Region,Faiyum,Lower Middle Income,2021-11,3690,50.4,14.8,8.5,6.8,4.8,14.8,12.9,3857116,57857,1170321,163920,3343,15762,4540,703924,38.6,32.9,13,1.9,Ministry of Environment - Faiyum Waste System
North Upper Egypt Region,Faiyum,Lower Middle Income,2021-12,3690,65.5,8.9,8.6,11.8,2.2,2.9,12.9,3862516,57938,1170321,163920,3343,15762,4540,704909,37.1,31.5,13.6,2.7,Ministry of Environment - Faiyum Waste System
North Upper Egypt Region,Faiyum,Lower Middle Income,2022-01,4295,58.5,14.5,0.5,9.8,0.5,16.2,14,3867923,58019,1150896,162515,3327,16922,4174,705896,45.5,39.5,13,2.3,Ministry of Environment - Faiyum Waste System
North Upper Egypt Region,Faiyum,Lower Middle Income,2022-02,4295,61.3,8.7,6.2,0.6,8.2,15,14.5,3873338,58100,1150896,162515,3327,16922,4174,706884,44.9,38.9,13.6,2.6,Ministry of Environment - Faiyum Waste System
North Upper Egypt Region,Faiyum,Lower Middle Income,2022-03,4295,48.2,8.2,13.3,8.8,7,14.5,13.3,3878761,58181,1150896,162515,3327,16922,4174,707874,48.5,36,11.5,2.7,Ministry of Environment - Faiyum Waste System
North Upper Egypt Region,Faiyum,Lower Middle Income,2022-04,4295,63.1,8,8.8,1.5,0.5,18.2,14.2,3884191,68750,1168830,159199,3411,15969,4237,708865,37.5,31.9,13.3,1.3,Ministry of Environment - Faiyum Waste System
North Upper Egypt Region,Faiyum,Lower Middle Income,2022-05,4295,49.3,16.4,12.7,5.9,5.2,10.5,13.8,3889629,58344,1168830,159199,3411,15969,4237,709857,37.3,31.6,10.9,2.4,Ministry of Environment - Faiyum Waste System
North Upper Egypt Region,Faiyum,Lower Middle Income,2022-06,4295,60.1,12.6,10.6,1.2,0.5,15,14.1,3895075,58426,1168830,159199,3411,15969,4237,710851,44.3,38.3,13.2,2,Ministry of Environment - Faiyum Waste System
North Upper Egypt Region,Faiyum,Lower Middle Income,2022-07,4295,63,10.6,4.6,0.6,8.6,12.7,14.2,3900528,58508,1178584,158138,3548,17110,4582,711846,40.9,35.1,12.7,2,Ministry of Environment - Faiyum Waste System
North Upper Egypt Region,Faiyum,Lower Middle Income,2022-08,4295,54.1,18.6,5.5,1.2,0.5,20.1,14.2,3905988,58590,1178584,158138,3548,17110,4582,712843,39.1,33.4,12.5,1.8,Ministry of Environment - Faiyum Waste System
North Upper Egypt Region,Faiyum,Lower Middle Income,2022-09,4295,53.1,13.4,11,1.3,8.9,12.3,14.7,3911457,58672,1178584,158138,3548,17110,4582,713841,45.5,39.5,11.3,2.3,Ministry of Environment - Faiyum Waste System
North Upper Egypt Region,Faiyum,Lower Middle Income,2022-10,4295,51,10.8,7.7,9,4.5,17,14.5,3916933,58754,1230996,162111,3342,17206,4299,714840,47.9,35.5,13.6,2.2,Ministry of Environment - Faiyum Waste System
North Upper Egypt Region,Faiyum,Lower Middle Income,2022-11,4295,64.3,10.6,8.9,5,0.6,10.7,15,3922417,58836,1230996,162111,3342,17206,4299,715841,36.5,30.9,11.2,2.5,Ministry of Environment - Faiyum Waste System
North Upper Egypt Region,Faiyum,Lower Middle Income,2022-12,4295,56.5,10.1,9.9,4.8,0.5,18.2,15.1,3927908,58919,1230996,162111,3342,17206,4299,716843,38.3,32.6,10.2,2.3,Ministry of Environment - Faiyum Waste System
North Upper Egypt Region,Faiyum,Lower Middle Income,2023-01,3700,52.5,14.3,11.2,3.8,0.5,17.7,15.1,3933407,59001,1225596,167200,3397,17276,4588,717847,35.5,29.9,10.7,1.8,Ministry of Environment - Faiyum Waste System
North Upper Egypt Region,Faiyum,Lower Middle Income,2023-02,3700,59.8,10.5,12.9,5.6,0.5,10.7,14.9,3938914,59084,1225596,167200,3397,17276,4588,718852,47,40.9,11.8,1.5,Ministry of Environment - Faiyum Waste System
North Upper Egypt Region,Faiyum,Lower Middle Income,2023-03,3700,65.1,14,7.5,0.5,0.9,11.9,15.3,3944428,69816,1225596,167200,3397,17276,4588,719858,38.8,33.1,10.7,1.5,Ministry of Environment - Faiyum Waste System
North Upper Egypt Region,Faiyum,Lower Middle Income,2023-04,3700,54.6,6.4,15.1,8.2,0.5,15.2,15.9,3949950,59249,1229150,168364,3409,16287,4260,720866,35.3,29.8,10.6,2.6,Ministry of Environment - Faiyum Waste System
North Upper Egypt Region,Faiyum,Lower Middle Income,2023-05,3700,53.3,12,8.7,2.2,11.3,12.4,15.9,3955480,59332,1229150,168364,3409,16287,4260,721875,46.7,40.6,13.5,1.4,Ministry of Environment - Faiyum Waste System
North Upper Egypt Region,Faiyum,Lower Middle Income,2023-06,3700,53.9,10.2,14.7,0.5,0.5,20.2,15.5,3961018,59415,1229150,168364,3409,16287,4260,722886,47.3,41.2,13.6,1.4,Ministry of Environment - Faiyum Waste System
North Upper Egypt Region,Faiyum,Lower Middle Income,2023-07,3700,53,12.8,17.2,4.6,0.5,11.8,16,3966564,59498,1210933,173567,3481,16815,4459,723898,38.4,32.7,11.4,2.4,Ministry of Environment - Faiyum Waste System
North Upper Egypt Region,Faiyum,Lower Middle Income,2023-08,3700,46.6,16.4,11.1,7.6,7.1,11.2,16.4,3972117,59582,1210933,173567,3481,16815,4459,724911,49.1,42.9,11.3,2,Ministry of Environment - Faiyum Waste System
North Upper Egypt Region,Faiyum,Lower Middle Income,2023-09,3700,53.8,13.3,6.6,5,7.7,13.6,15.6,3977678,59665,1210933,173567,3481,16815,4459,725926,45.3,39.3,12.1,1.7,Ministry of Environment - Faiyum Waste System
North Upper Egypt Region,Faiyum,Lower Middle Income,2023-10,3700,56.7,12.7,13,1.2,0.5,15.9,16.6,3983246,59749,1263687,164403,3452,17403,4622,726942,40.3,29.4,11.9,2.4,Ministry of Environment - Faiyum Waste System
North Upper Egypt Region,Faiyum,Lower Middle Income,2023-11,3700,58.6,14.5,7.2,0.5,5,14.3,16.2,3988823,59832,1263687,164403,3452,17403,4622,727960,42.8,36.9,10.3,2.4,Ministry of Environment - Faiyum Waste System
North Upper Egypt Region,Faiyum,Lower Middle Income,2023-12,3700,53.8,19.8,6.1,10.9,3,6.4,16.9,3994407,59916,1263687,164403,3452,17403,4622,728979,40.1,34.3,12.1,2.1,Ministry of Environment - Faiyum Waste System
North Upper Egypt Region,Faiyum,Lower Middle Income,2024-01,3200,58.7,17.9,9.1,0.5,2.7,11.1,16.5,4000000,60000,1271371,167171,3727,17397,4370,730000,45.7,39.6,11,2,Ministry of Environment - Faiyum Waste System
North Upper Egypt Region,Faiyum,Lower Middle Income,2024-02,3200,59.5,16.5,5.8,1.2,6.1,10.9,16.2,4005600,60084,1271371,167171,3727,17397,4370,731022,37.4,27,13.3,1.6,Ministry of Environment - Faiyum Waste System
North Upper Egypt Region,Faiyum,Lower Middle Income,2024-03,3200,59.5,8.4,11.8,5.6,0.5,14.3,16.4,4011207,70998,1271371,167171,3727,17397,4370,732045,40.9,35.1,12.3,2.6,Ministry of Environment - Faiyum Waste System
North Upper Egypt Region,Faiyum,Lower Middle Income,2024-04,3200,66.5,9.9,2.4,6.4,2.6,12.2,17.2,4016823,60252,1232766,176969,3598,17582,4624,733070,46.1,40.1,11.7,1.6,Ministry of Environment - Faiyum Waste System
North Upper Egypt Region,Faiyum,Lower Middle Income,2024-05,3200,55.1,15.3,1.2,1.4,11.6,15.4,17.4,4022447,60337,1232766,176969,3598,17582,4624,734097,42.3,36.4,10.1,1.5,Ministry of Environment - Faiyum Waste System
North Upper Egypt Region,Faiyum,Lower Middle Income,2024-06,3200,50.8,15.2,8.7,6.2,5,14,17.1,4028078,60421,1232766,176969,3598,17582,4624,735124,47.9,41.8,13,2.4,Ministry of Environment - Faiyum Waste System
North Upper Egypt Region,Faiyum,Lower Middle Income,2024-07,3200,59.7,15,8.3,4.5,0.5,11.9,17.9,4033717,60506,1208783,178511,3534,16980,4565,736153,42.7,36.8,13.4,1.4,Ministry of Environment - Faiyum Waste System
North Upper Egypt Region,Faiyum,Lower Middle Income,2024-08,3200,56.2,9.3,8,3.4,4.7,18.3,17,4039365,60590,1208783,178511,3534,16980,4565,737184,42.7,36.8,13.8,1.3,Ministry of Environment - Faiyum Waste System
North Upper Egypt Region,Faiyum,Lower Middle Income,2024-09,3200,48.7,16.5,12.5,5.5,3.2,13.6,17.9,4045020,60675,1208783,178511,3534,16980,4565,738216,37.9,32.2,11.6,2.6,Ministry of Environment - Faiyum Waste System
North Upper Egypt Region,Faiyum,Lower Middle Income,2024-10,3200,49.5,14.6,12.7,3.4,4.3,15.6,17.5,4050683,60760,1293541,169628,3693,18015,4606,739250,39.6,33.9,13.9,2,Ministry of Environment - Faiyum Waste System
North Upper Egypt Region,Faiyum,Lower Middle Income,2024-11,3200,52,11.5,9.7,7.5,6.5,12.8,17.8,4056354,60845,1293541,169628,3693,18015,4606,740285,45.9,39.9,11,2,Ministry of Environment - Faiyum Waste System
North Upper Egypt Region,Faiyum,Lower Middle Income,2024-12,3200,57.8,16.3,7.2,0.6,0.6,17.6,18.3,4062033,60930,1293541,169628,3693,18015,4606,741321,46,40,12.2,2.7,Ministry of Environment - Faiyum Waste System
North Upper Egypt Region,Faiyum,Lower Middle Income,2025-01,3350,55.5,11.9,9.9,7.8,0.5,14.5,18.1,4067719,61016,1227636,167173,3622,16830,4534,742359,46.6,34.4,10,1.8,Ministry of Environment - Faiyum Waste System
North Upper Egypt Region,Faiyum,Lower Middle Income,2025-02,3350,53.7,14.5,7.8,0.6,3.5,19.8,18.3,4073414,61101,1227636,167173,3622,16830,4534,743398,38.4,32.8,12,2.4,Ministry of Environment - Faiyum Waste System
North Upper Egypt Region,Faiyum,Lower Middle Income,2025-03,3350,65.6,10.9,4.6,0.5,8.3,10,19.1,4079117,72201,1227636,167173,3622,16830,4534,744439,42.5,36.6,12.5,1.9,Ministry of Environment - Faiyum Waste System
North Upper Egypt Region,Faiyum,Lower Middle Income,2025-04,3350,56,18.7,3.6,10.1,1.8,9.7,18.6,4084828,61272,1283325,168962,3748,18052,4453,745481,36.2,30.7,11.4,2.7,Ministry of Environment - Faiyum Waste System
North Upper Egypt Region,Faiyum,Lower Middle Income,2025-05,3350,59.7,11.2,12.8,1.5,0.5,14.2,19.2,4090546,61358,1283325,168962,3748,18052,4453,746525,35.5,30,12.1,2,Ministry of Environment - Faiyum Waste System
North Upper Egypt Region,Faiyum,Lower Middle Income,2025-06,3350,57.3,15.6,5.8,2.2,4.2,14.9,18.6,4096273,61444,1283325,168962,3748,18052,4453,747570,46.8,40.7,13.6,2.6,Ministry of Environment - Faiyum Waste System
North Upper Egypt Region,Faiyum,Lower Middle Income,2025-07,3350,58.4,16.2,5.4,3.9,0.5,15.5,19.4,4102008,61530,1311151,167649,3839,18224,4545,748616,38.1,32.5,12.1,1.6,Ministry of Environment - Faiyum Waste System
North Upper Egypt Region,Faiyum,Lower Middle Income,2025-08,3350,57.5,9.6,12,9.1,1.1,10.7,19.9,4107751,61616,1311151,167649,3839,18224,4545,749665,41.3,35.5,10.7,1.5,Ministry of Environment - Faiyum Waste System
North Upper Egypt Region,Faiyum,Lower Middle Income,2025-09,3350,62.9,8.4,8.3,9.8,3.5,7.1,18.5,4113502,61703,1311151,167649,3839,18224,4545,750714,47.4,41.3,13.5,2.4,Ministry of Environment - Faiyum Waste System
North Upper Egypt Region,Faiyum,Lower Middle Income,2025-10,3350,48.3,13.7,13.4,0.5,4.8,19.2,19.3,4119261,61789,1273386,181350,3615,17166,4790,751765,42.3,36.4,10.5,2.6,Ministry of Environment - Faiyum Waste System
North Upper Egypt Region,Faiyum,Lower Middle Income,2025-11,3350,56,12.5,10.6,0.4,10.1,10.3,19.9,4125028,61875,1273386,181350,3615,17166,4790,752818,38.2,32.6,11.1,2.6,Ministry of Environment - Faiyum Waste System
North Upper Egypt Region,Faiyum,Lower Middle Income,2025-12,3350,45.6,10.6,14,11.2,3,15.6,19.8,4130803,61962,1273386,181350,3615,17166,4790,753872,49.1,42.9,12.4,2.7,Ministry of Environment - Faiyum Waste System
Delta Region,Gharbia,Lower Middle Income,2021-01,3690,50.6,8,14.4,1.5,8.2,17.2,11.8,5039677,75595,1624058,206908,4514,21419,5864,919741,46.5,40.4,11.6,2,National Solid Waste Management Program (NSWMP)
Delta Region,Gharbia,Lower Middle Income,2021-02,3690,54.3,18.9,17.4,3,0.5,6,12.1,5046732,75701,1624058,206908,4514,21419,5864,921029,37.8,32.2,10.6,1.5,National Solid Waste Management Program (NSWMP)
Delta Region,Gharbia,Lower Middle Income,2021-03,3690,57.9,10.1,13,0.9,8.1,10,12.2,5053798,75807,1624058,206908,4514,21419,5864,922318,49.1,42.9,13.8,1.4,National Solid Waste Management Program (NSWMP)
Delta Region,Gharbia,Lower Middle Income,2021-04,3690,55.9,11.7,7.6,6.1,2.9,15.9,12.9,5060873,89577,1561748,225333,4315,21733,5539,923609,39.3,33.6,10.9,1.7,National Solid Waste Management Program (NSWMP)
Delta Region,Gharbia,Lower Middle Income,2021-05,3690,57.9,11,7.9,12.9,3.9,6.4,12.6,5067958,76019,1561748,225333,4315,21733,5539,924902,41.5,35.6,10.7,2.4,National Solid Waste Management Program (NSWMP)
Delta Region,Gharbia,Lower Middle Income,2021-06,3690,46.1,11.5,14.9,6.9,0.4,20.2,12.8,5075054,76126,1561748,225333,4315,21733,5539,926197,40,34.3,11.4,1.6,National Solid Waste Management Program (NSWMP)
Delta Region,Gharbia,Lower Middle Income,2021-07,3690,69,22.2,6.6,0.6,0.6,0.9,12.6,5082159,76232,1642541,208452,4777,21756,6004,927494,44.1,38.1,12.4,2.5,National Solid Waste Management Program (NSWMP)
Delta Region,Gharbia,Lower Middle Income,2021-08,3690,58.2,12.5,5.6,5.2,3.5,15,12.7,5089274,76339,1642541,208452,4777,21756,6004,928793,47.4,41.3,13.4,2.3,National Solid Waste Management Program (NSWMP)
Delta Region,Gharbia,Lower Middle Income,2021-09,3690,56.8,11,6,6.8,5.9,13.5,12.9,5096399,76446,1642541,208452,4777,21756,6004,930093,45.4,39.4,11.8,2.6,National Solid Waste Management Program (NSWMP)
Delta Region,Gharbia,Lower Middle Income,2021-10,3690,61.8,10.9,6.1,5.3,0.5,15.4,13.4,5103534,76553,1644433,208296,4690,20842,5887,931395,43.6,37.7,13.8,1.4,National Solid Waste Management Program (NSWMP)
Delta Region,Gharbia,Lower Middle Income,2021-11,3690,51,11,17,2.6,0.5,18,13.1,5110679,76660,1644433,208296,4690,20842,5887,932699,43.4,37.4,10.8,2.4,National Solid Waste Management Program (NSWMP)
Delta Region,Gharbia,Lower Middle Income,2021-12,3690,51.3,10,12.2,7.7,7.8,10.9,13.6,5117833,76767,1644433,208296,4690,20842,5887,934005,43,37.1,12.2,2.1,National Solid Waste Management Program (NSWMP)
Delta Region,Gharbia,Lower Middle Income,2022-01,4295,57.2,10.9,7.5,8.7,0.7,14.9,14.4,5124998,76875,1570085,217295,4629,22024,5593,935312,46.4,40.3,12.9,2.3,National Solid Waste Management Program (NSWMP)
Delta Region,Gharbia,Lower Middle Income,2022-02,4295,56,8.6,13.8,6.3,0.5,14.8,14,5132173,76983,1570085,217295,4629,22024,5593,936622,47.9,41.8,10.6,1.6,National Solid Waste Management Program (NSWMP)
Delta Region,Gharbia,Lower Middle Income,2022-03,4295,55.3,18.2,4.4,2.7,4.5,14.8,13.8,5139358,77090,1570085,217295,4629,22024,5593,937933,43.1,37.2,13.9,1.6,National Solid Waste Management Program (NSWMP)
Delta Region,Gharbia,Lower Middle Income,2022-04,4295,54,5.7,13.8,5,7,14.5,14.5,5146554,91094,1601524,214651,4833,21438,5840,939246,36.2,26.1,10.6,1.3,National Solid Waste Management Program (NSWMP)
Delta Region,Gharbia,Lower Middle Income,2022-05,4295,54.9,7.7,7.6,10.1,8.6,11.2,13.9,5153759,77306,1601524,214651,4833,21438,5840,940561,35.2,29.7,11.5,1.9,National Solid Waste Management Program (NSWMP)
Delta Region,Gharbia,Lower Middle Income,2022-06,4295,48.9,13.3,9.7,3.4,5.6,19.1,13.5,5160974,77415,1601524,214651,4833,21438,5840,941878,47.7,41.6,12.1,1.6,National Solid Waste Management Program (NSWMP)
Delta Region,Gharbia,Lower Middle Income,2022-07,4295,55.6,13.7,2.7,2.5,11.3,14.2,14,5168199,77523,1637835,217035,4816,21314,5617,943196,43.4,31.9,11.7,1.6,National Solid Waste Management Program (NSWMP)
Delta Region,Gharbia,Lower Middle Income,2022-08,4295,57.3,14.5,11.7,0.5,2.2,13.7,13.8,5175435,77632,1637835,217035,4816,21314,5617,944517,41.7,35.8,13.4,2.7,National Solid Waste Management Program (NSWMP)
Delta Region,Gharbia,Lower Middle Income,2022-09,4295,65.8,14,3.8,6.2,0.5,9.7,14.6,5182680,77740,1637835,217035,4816,21314,5617,945839,48.1,41.9,12.1,2.5,National Solid Waste Management Program (NSWMP)
Delta Region,Gharbia,Lower Middle Income,2022-10,4295,47.6,13.9,13.7,5.3,4.9,14.5,14.8,5189936,77849,1598658,219655,4763,20947,6152,947163,42.8,36.9,14,1.8,National Solid Waste Management Program (NSWMP)
Delta Region,Gharbia,Lower Middle Income,2022-11,4295,58.5,16.4,0.5,4.6,0.5,19.5,15.6,5197202,77958,1598658,219655,4763,20947,6152,948489,42.3,36.4,10.5,1.3,National Solid Waste Management Program (NSWMP)
Delta Region,Gharbia,Lower Middle Income,2022-12,4295,54.2,12.7,3.9,8,5.4,15.9,15.2,5204478,78067,1598658,219655,4763,20947,6152,949817,36.4,30.8,12.9,1.8,National Solid Waste Management Program (NSWMP)
Delta Region,Gharbia,Lower Middle Income,2023-01,3700,62.1,12,12.7,1.4,5.4,6.4,15.1,5211764,78176,1625902,230741,4501,23110,5949,951147,48.5,42.3,10.5,2.5,National Solid Waste Management Program (NSWMP)
Delta Region,Gharbia,Lower Middle Income,2023-02,3700,50.7,19,11.1,4.5,10.3,4.5,15.6,5219061,78286,1625902,230741,4501,23110,5949,952479,39.5,33.8,12.7,2.3,National Solid Waste Management Program (NSWMP)
Delta Region,Gharbia,Lower Middle Income,2023-03,3700,53.9,10.3,12.2,6.9,0.5,16.3,14.6,5226368,92507,1625902,230741,4501,23110,5949,953812,36.3,30.8,13,2.5,National Solid Waste Management Program (NSWMP)
Delta Region,Gharbia,Lower Middle Income,2023-04,3700,53.9,17.8,5.8,3.6,0.9,18,15.7,5233685,78505,1627771,221696,4581,21491,6075,955148,39.5,33.8,11.1,2.2,National Solid Waste Management Program (NSWMP)
Delta Region,Gharbia,Lower Middle Income,2023-05,3700,50.9,11.9,11.2,5.8,6.3,14,16,5241012,78615,1627771,221696,4581,21491,6075,956485,49.4,43.2,10.2,2.7,National Solid Waste Management Program (NSWMP)
Delta Region,Gharbia,Lower Middle Income,2023-06,3700,55.8,11.8,10.2,5.1,2.6,14.5,15.3,5248349,78725,1627771,221696,4581,21491,6075,957824,41.2,35.4,12.3,2.2,National Solid Waste Management Program (NSWMP)
Delta Region,Gharbia,Lower Middle Income,2023-07,3700,52.7,16.7,11.3,8.5,3.3,7.5,16.5,5255697,78835,1688869,217264,4501,22109,5776,959165,35.7,30.1,11.4,2.4,National Solid Waste Management Program (NSWMP)
Delta Region,Gharbia,Lower Middle Income,2023-08,3700,54.8,12.3,13.1,0.5,3.2,16.1,16.2,5263055,78946,1688869,217264,4501,22109,5776,960508,47.9,41.8,14,2.2,National Solid Waste Management Program (NSWMP)
Delta Region,Gharbia,Lower Middle Income,2023-09,3700,60.6,15.2,8.4,1.5,1.7,12.7,16.1,5270423,79056,1688869,217264,4501,22109,5776,961852,42.2,36.3,11.1,1.6,National Solid Waste Management Program (NSWMP)
Delta Region,Gharbia,Lower Middle Income,2023-10,3700,58.9,10.2,6.3,11.2,6.8,6.6,16.7,5277802,79167,1698515,214663,4647,22150,5730,963199,43.7,37.7,10.9,2.3,National Solid Waste Management Program (NSWMP)
Delta Region,Gharbia,Lower Middle Income,2023-11,3700,51,13.6,10.9,0.5,7.4,16.7,17.4,5285191,79278,1698515,214663,4647,22150,5730,964547,39,33.3,12,2.4,National Solid Waste Management Program (NSWMP)
Delta Region,Gharbia,Lower Middle Income,2023-12,3700,47.7,15.2,9.7,4.7,7.6,15.2,16.8,5292590,79389,1698515,214663,4647,22150,5730,965898,39.1,33.4,12.8,2,National Solid Waste Management Program (NSWMP)
Delta Region,Gharbia,Lower Middle Income,2024-01,3200,55.4,16.4,7.9,6.2,5.4,8.7,16.9,5300000,79500,1606146,227313,4905,22278,6106,967250,37.9,32.3,12,2.5,National Solid Waste Management Program (NSWMP)
Delta Region,Gharbia,Lower Middle Income,2024-02,3200,53.6,13.8,8.1,5.1,5.9,13.5,16.7,5307420,79611,1606146,227313,4905,22278,6106,968604,40,34.2,12.5,2.5,National Solid Waste Management Program (NSWMP)
Delta Region,Gharbia,Lower Middle Income,2024-03,3200,54.7,16.1,10.3,4,0.4,14.4,16.8,5314850,94073,1606146,227313,4905,22278,6106,969960,45.7,39.7,12.2,2.3,National Solid Waste Management Program (NSWMP)
Delta Region,Gharbia,Lower Middle Income,2024-04,3200,55.1,17.5,10.1,0.5,0.5,16.4,17.5,5322291,79834,1659972,216616,4730,22542,5979,971318,47.9,41.7,10.2,2.7,National Solid Waste Management Program (NSWMP)
Delta Region,Gharbia,Lower Middle Income,2024-05,3200,56.2,15.4,11.1,3.5,2.8,10.9,17,5329742,79946,1659972,216616,4730,22542,5979,972678,39.5,33.8,11.2,1.5,National Solid Waste Management Program (NSWMP)
Delta Region,Gharbia,Lower Middle Income,2024-06,3200,57.2,11,8.7,2.7,2,18.4,17.5,5337204,80058,1659972,216616,4730,22542,5979,974040,45,33.2,13.5,2.3,National Solid Waste Management Program (NSWMP)
Delta Region,Gharbia,Lower Middle Income,2024-07,3200,47.6,14.7,13.8,6.4,4.5,13.1,17.4,5344676,80170,1693464,232523,4662,23224,6184,975403,45.7,39.6,10.9,2.3,National Solid Waste Management Program (NSWMP)
Delta Region,Gharbia,Lower Middle Income,2024-08,3200,53.1,11.7,12.5,5.8,1.3,15.6,17.9,5352158,80282,1693464,232523,4662,23224,6184,976769,38.4,32.7,13.8,1.8,National Solid Waste Management Program (NSWMP)
Delta Region,Gharbia,Lower Middle Income,2024-09,3200,53,12.1,7.6,4.4,6.6,16.3,18,5359651,80395,1693464,232523,4662,23224,6184,978136,45.3,39.3,10.6,1.4,National Solid Waste Management Program (NSWMP)
Delta Region,Gharbia,Lower Middle Income,2024-10,3200,51.5,13.8,13.8,3.1,0.4,17.3,18.4,5367155,80507,1602866,229902,4876,23318,6302,979506,46.9,40.8,10.2,1.9,National Solid Waste Management Program (NSWMP)
Delta Region,Gharbia,Lower Middle Income,2024-11,3200,63.6,12.1,3.3,7.5,0.6,13,17.9,5374669,80620,1602866,229902,4876,23318,6302,980877,40.3,34.6,13.2,2.3,National Solid Waste Management Program (NSWMP)
Delta Region,Gharbia,Lower Middle Income,2024-12,3200,59.7,16.4,7.5,3.6,0.5,12.3,18.2,5382193,80733,1602866,229902,4876,23318,6302,982250,37.5,31.9,12.6,1.9,National Solid Waste Management Program (NSWMP)
Delta Region,Gharbia,Lower Middle Income,2025-01,3350,56.4,10.9,8.9,0.5,7.5,15.8,18,5389728,80846,1616555,235989,4652,22110,5827,983625,37.1,31.5,12.6,1.6,National Solid Waste Management Program (NSWMP)
Delta Region,Gharbia,Lower Middle Income,2025-02,3350,52.1,15.9,6,2.3,0.4,23.2,18.3,5397274,80959,1616555,235989,4652,22110,5827,985003,36.2,30.6,12.6,1.9,National Solid Waste Management Program (NSWMP)
Delta Region,Gharbia,Lower Middle Income,2025-03,3350,53.4,14.8,4.3,6.9,8.8,11.9,18.9,5404830,95665,1616555,235989,4652,22110,5827,986381,40.8,35,11.6,1.4,National Solid Waste Management Program (NSWMP)
Delta Region,Gharbia,Lower Middle Income,2025-04,3350,58.3,13.9,1.1,4.1,7.1,15.6,19.1,5412397,81186,1700083,226880,4871,23152,6280,987762,39.2,33.5,11.1,1.9,National Solid Waste Management Program (NSWMP)
Delta Region,Gharbia,Lower Middle Income,2025-05,3350,50,13.6,11.3,0.5,3.2,21.4,18.5,5419974,81300,1700083,226880,4871,23152,6280,989145,45.4,39.4,13.9,2.6,National Solid Waste Management Program (NSWMP)
Delta Region,Gharbia,Lower Middle Income,2025-06,3350,48.2,11.9,16.8,7.8,1.1,14.2,19.4,5427562,81413,1700083,226880,4871,23152,6280,990530,39.3,33.6,12,2.7,National Solid Waste Management Program (NSWMP)
Delta Region,Gharbia,Lower Middle Income,2025-07,3350,60.2,10.9,10.5,3,3.7,11.7,19.7,5435161,81527,1652553,228691,5000,22924,6091,991917,41.2,35.3,13.2,2.1,National Solid Waste Management Program (NSWMP)
Delta Region,Gharbia,Lower Middle Income,2025-08,3350,49.2,12.6,16.3,4.2,1.4,16.3,19.5,5442770,81642,1652553,228691,5000,22924,6091,993306,37.1,31.5,11.9,1.3,National Solid Waste Management Program (NSWMP)
Delta Region,Gharbia,Lower Middle Income,2025-09,3350,50.8,18.8,9.2,6.2,0.5,14.6,20.3,5450390,81756,1652553,228691,5000,22924,6091,994696,40.6,34.8,13.5,1.8,National Solid Waste Management Program (NSWMP)
Delta Region,Gharbia,Lower Middle Income,2025-10,3350,57.2,12.8,7.8,1.5,4.2,16.5,19.3,5458020,81870,1622191,228912,4893,22954,6027,996089,35.7,30.1,11.2,2,National Solid Waste Management Program (NSWMP)
Delta Region,Gharbia,Lower Middle Income,2025-11,3350,55.4,14,9.8,4.4,2.2,14.2,19.2,5465662,81985,1622191,228912,4893,22954,6027,997483,43.6,37.7,11.9,2.1,National Solid Waste Management Program (NSWMP)
Delta Region,Gharbia,Lower Middle Income,2025-12,3350,55.5,11.9,10.5,4.6,1.6,15.9,19.2,5473314,82100,1622191,228912,4893,22954,6027,998880,49.9,43.7,11.5,1.9,National Solid Waste Management Program (NSWMP)
Greater Cairo Region,Giza,Middle/High Urban,2021-01,3690,57.7,18.1,8.9,0.5,4.7,10.1,12.3,8938295,241334,2737396,375165,7861,37781,10068,2936230,88.5,84.1,12.1,2.6,Ministry of Environment - Giza New Cleaning System
Greater Cairo Region,Giza,Middle/High Urban,2021-02,3690,60,8.4,8.8,0.5,14.7,7.6,12.1,8950809,241672,2737396,375165,7861,37781,10068,2940341,84.6,68.3,11,2,Ministry of Environment - Giza New Cleaning System
Greater Cairo Region,Giza,Middle/High Urban,2021-03,3690,48.1,15.2,12.1,6.3,1.7,16.7,12.4,8963340,242010,2737396,375165,7861,37781,10068,2944457,84.6,68.3,12.8,2.2,Ministry of Environment - Giza New Cleaning System
Greater Cairo Region,Giza,Middle/High Urban,2021-04,3690,58.4,12.3,9.6,2.5,0.4,16.9,11.9,8975889,285972,2871734,378050,7928,37917,9750,2948580,88.2,83.8,10.9,2.4,Ministry of Environment - Giza New Cleaning System
Greater Cairo Region,Giza,Middle/High Urban,2021-05,3690,61,9.2,9.4,3.4,2.7,14.3,13.5,8988455,242688,2871734,378050,7928,37917,9750,2952707,89,84.6,11.5,2,Ministry of Environment - Giza New Cleaning System
Greater Cairo Region,Giza,Middle/High Urban,2021-06,3690,62.5,10.5,6.9,9.5,1.4,9.2,12.8,9001039,243028,2871734,378050,7928,37917,9750,2956841,88.8,84.3,10.1,2,Ministry of Environment - Giza New Cleaning System
Greater Cairo Region,Giza,Middle/High Urban,2021-07,3690,47.2,10.2,14.1,6.6,6.7,15.2,12.8,9013640,243368,2707491,394589,7850,37810,10150,2960981,84.4,68.2,11.2,1.8,Ministry of Environment - Giza New Cleaning System
Greater Cairo Region,Giza,Middle/High Urban,2021-08,3690,60.6,10.4,9.3,0.5,2.1,17.1,13.2,9026259,243709,2707491,394589,7850,37810,10150,2965126,88.3,83.9,11.2,1.3,Ministry of Environment - Giza New Cleaning System
Greater Cairo Region,Giza,Middle/High Urban,2021-09,3690,55.9,18,5.3,6,0.5,14.2,13.3,9038896,244050,2707491,394589,7850,37810,10150,2969277,83.1,79,12.4,1.5,Ministry of Environment - Giza New Cleaning System
Greater Cairo Region,Giza,Middle/High Urban,2021-10,3690,58.6,12,12.2,0.5,0.5,16.2,13.3,9051551,244392,2772309,366483,8221,39657,10117,2973435,84.8,80.5,11.6,2.1,Ministry of Environment - Giza New Cleaning System
Greater Cairo Region,Giza,Middle/High Urban,2021-11,3690,62.5,8.9,14.6,4.1,0.5,9.4,13,9064223,244734,2772309,366483,8221,39657,10117,2977597,89.7,85.2,10,1.9,Ministry of Environment - Giza New Cleaning System
Greater Cairo Region,Giza,Middle/High Urban,2021-12,3690,63.7,12.9,5.5,0.6,0.6,16.7,13.7,9076913,245077,2772309,366483,8221,39657,10117,2981766,86.1,81.8,12.2,2.1,Ministry of Environment - Giza New Cleaning System
Greater Cairo Region,Giza,Middle/High Urban,2022-01,4295,53.9,10.5,10.6,7.9,4.3,12.8,14.4,9089620,245420,2866029,402147,8398,37909,10047,2985940,83.9,79.7,12.1,1.9,Ministry of Environment - Giza New Cleaning System
Greater Cairo Region,Giza,Middle/High Urban,2022-02,4295,63.7,9.7,9.5,3.4,0.5,13.2,14.2,9102346,245763,2866029,402147,8398,37909,10047,2990121,85.8,81.5,11.1,2.5,Ministry of Environment - Giza New Cleaning System
Greater Cairo Region,Giza,Middle/High Urban,2022-03,4295,45.7,19.7,5.9,10,3.1,15.6,14.5,9115089,246107,2866029,402147,8398,37909,10047,2994307,83.3,79.1,13,2.1,Ministry of Environment - Giza New Cleaning System
Greater Cairo Region,Giza,Middle/High Urban,2022-04,4295,53.8,12.4,11.1,5.9,5.4,11.3,13.8,9127850,290813,2804391,405240,7971,40474,10675,2998499,83.1,78.9,11.7,1.8,Ministry of Environment - Giza New Cleaning System
Greater Cairo Region,Giza,Middle/High Urban,2022-05,4295,51,6.2,11.4,8,8.8,14.5,13.7,9140629,246797,2804391,405240,7971,40474,10675,3002697,88.8,84.4,11.4,1.3,Ministry of Environment - Giza New Cleaning System
Greater Cairo Region,Giza,Middle/High Urban,2022-06,4295,59.8,7,15.9,0.6,2,14.8,14.2,9153426,247143,2804391,405240,7971,40474,10675,3006900,87.8,83.4,11.1,1.6,Ministry of Environment - Giza New Cleaning System
Greater Cairo Region,Giza,Middle/High Urban,2022-07,4295,63.3,14.8,12,0.6,3.6,5.8,14.4,9166241,247489,2978989,404667,8068,40551,10076,3011110,84.8,68.5,13.6,2.4,Ministry of Environment - Giza New Cleaning System
Greater Cairo Region,Giza,Middle/High Urban,2022-08,4295,64.5,11.9,1.5,0.8,0.7,20.6,14.9,9179074,247835,2978989,404667,8068,40551,10076,3015326,86.2,81.9,10.2,1.9,Ministry of Environment - Giza New Cleaning System
Greater Cairo Region,Giza,Middle/High Urban,2022-09,4295,50.6,12.9,13.1,3.2,5.2,15,14,9191924,248182,2978989,404667,8068,40551,10076,3019547,84.8,80.6,11.8,2.4,Ministry of Environment - Giza New Cleaning System
Greater Cairo Region,Giza,Middle/High Urban,2022-10,4295,51.7,19,4.4,7.7,0.5,16.7,15.4,9204793,248529,2748146,380451,8240,38087,9992,3023775,88.6,84.1,13.6,1.5,Ministry of Environment - Giza New Cleaning System
Greater Cairo Region,Giza,Middle/High Urban,2022-11,4295,55.6,10.7,8,5.6,1.5,18.8,14.8,9217680,248877,2748146,380451,8240,38087,9992,3028008,86.5,82.2,10.1,2.3,Ministry of Environment - Giza New Cleaning System
Greater Cairo Region,Giza,Middle/High Urban,2022-12,4295,63,13.1,8.8,0.6,0.6,14,14.9,9230584,249226,2748146,380451,8240,38087,9992,3032247,89.8,85.3,11.5,2.1,Ministry of Environment - Giza New Cleaning System
Greater Cairo Region,Giza,Middle/High Urban,2023-01,3700,52.1,10.1,17.8,0.5,3.5,15.9,14.8,9243507,249575,2906797,386140,8276,37496,10588,3036492,86.4,82.1,11.2,1.6,Ministry of Environment - Giza New Cleaning System
Greater Cairo Region,Giza,Middle/High Urban,2023-02,3700,56.8,12.3,8.9,5.6,3.8,12.6,14.6,9256448,249924,2906797,386140,8276,37496,10588,3040743,89.5,85,12.3,2.5,Ministry of Environment - Giza New Cleaning System
Greater Cairo Region,Giza,Middle/High Urban,2023-03,3700,60.5,12,5.7,1.6,3.4,16.8,15.8,9269407,295323,2906797,386140,8276,37496,10588,3045000,87.7,83.3,12.7,1.8,Ministry of Environment - Giza New Cleaning System
Greater Cairo Region,Giza,Middle/High Urban,2023-04,3700,54.2,9.3,11.1,4.4,7,14,15.6,9282384,250624,3000821,377187,8293,39447,10978,3049263,88.7,84.3,10.6,2.2,Ministry of Environment - Giza New Cleaning System
Greater Cairo Region,Giza,Middle/High Urban,2023-05,3700,64.6,7.6,13.7,2.5,0.6,11,15.2,9295380,250975,3000821,377187,8293,39447,10978,3053532,84.8,80.6,11.7,1.4,Ministry of Environment - Giza New Cleaning System
Greater Cairo Region,Giza,Middle/High Urban,2023-06,3700,55.5,18.8,8.2,6.3,2.3,8.8,15.4,9308393,251327,3000821,377187,8293,39447,10978,3057807,89.2,72.1,12.8,1.4,Ministry of Environment - Giza New Cleaning System
Greater Cairo Region,Giza,Middle/High Urban,2023-07,3700,61.1,8.9,10.5,2.6,6.8,10.1,15.9,9321425,251678,2870697,405735,8018,41518,10285,3062088,84.4,80.1,13.1,1.8,Ministry of Environment - Giza New Cleaning System
Greater Cairo Region,Giza,Middle/High Urban,2023-08,3700,55.7,9.2,7.9,0.5,11,15.7,16.8,9334475,252031,2870697,405735,8018,41518,10285,3066375,84,79.8,11.5,1.6,Ministry of Environment - Giza New Cleaning System
Greater Cairo Region,Giza,Middle/High Urban,2023-09,3700,58.8,9.4,8.7,7.6,0.6,15,16.2,9347543,252384,2870697,405735,8018,41518,10285,3070668,89.4,85,11.6,2,Ministry of Environment - Giza New Cleaning System
Greater Cairo Region,Giza,Middle/High Urban,2023-10,3700,54.9,7.5,9.1,11,4.8,12.7,15.8,9360630,252737,2859032,398422,8025,39498,10359,3074967,89,84.5,10.4,1.9,Ministry of Environment - Giza New Cleaning System
Greater Cairo Region,Giza,Middle/High Urban,2023-11,3700,58.1,11.3,15.1,2.4,0.5,12.6,16.4,9373735,253091,2859032,398422,8025,39498,10359,3079272,85.9,81.6,13.3,2.6,Ministry of Environment - Giza New Cleaning System
Greater Cairo Region,Giza,Middle/High Urban,2023-12,3700,50.9,11.4,8.8,8.6,5.8,14.6,16.6,9386858,253445,2859032,398422,8025,39498,10359,3083583,86.1,81.8,13.3,2.3,Ministry of Environment - Giza New Cleaning System
Greater Cairo Region,Giza,Middle/High Urban,2024-01,3200,61.9,9.7,1.5,5,6.7,15.1,15.7,9400000,253800,2808573,388584,8367,39090,10792,3087900,83.2,79,11.7,2,Ministry of Environment - Giza New Cleaning System
Greater Cairo Region,Giza,Middle/High Urban,2024-02,3200,46.8,12.9,8.4,9.4,6.9,15.5,16.9,9413160,254155,2808573,388584,8367,39090,10792,3092223,86,81.7,12.8,1.6,Ministry of Environment - Giza New Cleaning System
Greater Cairo Region,Giza,Middle/High Urban,2024-03,3200,58.1,6.9,11.3,4.7,4.8,14.2,17,9426338,300323,2808573,388584,8367,39090,10792,3096552,86.9,82.6,11.3,2.7,Ministry of Environment - Giza New Cleaning System
Greater Cairo Region,Giza,Middle/High Urban,2024-04,3200,49.3,20.2,8.4,6.6,0.9,14.6,17.5,9439535,254867,2857917,413812,8711,39953,10157,3100887,86.9,82.5,12.2,2.3,Ministry of Environment - Giza New Cleaning System
Greater Cairo Region,Giza,Middle/High Urban,2024-05,3200,55.8,13.6,15.5,0.5,0.9,13.7,18,9452750,255224,2857917,413812,8711,39953,10157,3105228,86,69.4,10.6,2.6,Ministry of Environment - Giza New Cleaning System
Greater Cairo Region,Giza,Middle/High Urban,2024-06,3200,56.3,13.2,14.3,1.3,0.5,14.4,18,9465984,255582,2857917,413812,8711,39953,10157,3109576,87,82.6,11.6,2.3,Ministry of Environment - Giza New Cleaning System
Greater Cairo Region,Giza,Middle/High Urban,2024-07,3200,55.7,15.2,9.9,2.7,2.5,14.1,17.5,9479236,255939,2841664,386353,8450,39193,10852,3113929,88,83.6,12.6,2.6,Ministry of Environment - Giza New Cleaning System
Greater Cairo Region,Giza,Middle/High Urban,2024-08,3200,50.1,11.1,7.6,6.9,3.4,21.1,17.3,9492507,256298,2841664,386353,8450,39193,10852,3118289,83.3,79.1,13.9,2.2,Ministry of Environment - Giza New Cleaning System
Greater Cairo Region,Giza,Middle/High Urban,2024-09,3200,48.4,9.2,17.7,4.7,5.9,14,18.9,9505797,256657,2841664,386353,8450,39193,10852,3122654,83,78.9,11.2,2.4,Ministry of Environment - Giza New Cleaning System
Greater Cairo Region,Giza,Middle/High Urban,2024-10,3200,59.4,15.5,5.7,5.5,0.5,13.4,18,9519105,257016,2961888,422912,8718,40109,10840,3127026,89.5,85,12.9,2.5,Ministry of Environment - Giza New Cleaning System
Greater Cairo Region,Giza,Middle/High Urban,2024-11,3200,52.9,14.3,11.3,5.8,4.2,11.4,18.1,9532432,257376,2961888,422912,8718,40109,10840,3131404,87.5,83.1,13.6,2,Ministry of Environment - Giza New Cleaning System
Greater Cairo Region,Giza,Middle/High Urban,2024-12,3200,56.2,17,14.5,0.5,0.5,11.3,18.3,9545777,257736,2961888,422912,8718,40109,10840,3135788,85.7,81.5,11.1,2.6,Ministry of Environment - Giza New Cleaning System
Greater Cairo Region,Giza,Middle/High Urban,2025-01,3350,52.1,15.5,5.3,4.6,8.9,13.6,18.5,9559141,258097,2884962,413374,8765,41899,10599,3140178,83.1,78.9,13.9,2.1,Ministry of Environment - Giza New Cleaning System
Greater Cairo Region,Giza,Middle/High Urban,2025-02,3350,58.4,16.1,5.8,3.2,2.9,13.6,18.4,9572524,258458,2884962,413374,8765,41899,10599,3144574,89.3,84.9,10.6,1.4,Ministry of Environment - Giza New Cleaning System
Greater Cairo Region,Giza,Middle/High Urban,2025-03,3350,68.1,15.3,0.5,0.5,0.5,15.1,18.5,9585926,305408,2884962,413374,8765,41899,10599,3148977,89.4,84.9,13.1,2.5,Ministry of Environment - Giza New Cleaning System
Greater Cairo Region,Giza,Middle/High Urban,2025-04,3350,57.7,14.2,6.2,7,5.9,9,18.6,9599346,259182,2858599,390283,8946,40796,10895,3153385,86.8,82.4,10.5,1.9,Ministry of Environment - Giza New Cleaning System
Greater Cairo Region,Giza,Middle/High Urban,2025-05,3350,46.7,12.1,16,10.3,4.7,10.2,18.9,9612785,259545,2858599,390283,8946,40796,10895,3157800,85.7,69.2,12.6,2.5,Ministry of Environment - Giza New Cleaning System
Greater Cairo Region,Giza,Middle/High Urban,2025-06,3350,63.6,12.2,7.6,0.5,3.6,12.4,18.9,9626243,259909,2858599,390283,8946,40796,10895,3162221,87.5,83.1,12.2,2,Ministry of Environment - Giza New Cleaning System
Greater Cairo Region,Giza,Middle/High Urban,2025-07,3350,59.5,4,11.3,0.5,7.8,16.9,18.9,9639720,260272,2876533,401637,8958,41801,11325,3166648,88.1,83.7,12.4,1.5,Ministry of Environment - Giza New Cleaning System
Greater Cairo Region,Giza,Middle/High Urban,2025-08,3350,62.3,17.3,6.9,4.9,7,1.6,19.3,9653215,260637,2876533,401637,8958,41801,11325,3171081,85.5,69.1,12.9,2.5,Ministry of Environment - Giza New Cleaning System
Greater Cairo Region,Giza,Middle/High Urban,2025-09,3350,55.1,13.1,9.5,10,0.5,11.8,19.4,9666730,261002,2876533,401637,8958,41801,11325,3175521,85,80.7,12.2,1.4,Ministry of Environment - Giza New Cleaning System
Greater Cairo Region,Giza,Middle/High Urban,2025-10,3350,49.5,19.6,9.1,2.3,2.6,16.9,20.2,9680263,261367,2985620,420859,8319,41497,10510,3179966,83.3,79.1,10.3,1.9,Ministry of Environment - Giza New Cleaning System
Greater Cairo Region,Giza,Middle/High Urban,2025-11,3350,52.9,21.7,11,2.2,0.7,11.5,18.6,9693815,261733,2985620,420859,8319,41497,10510,3184418,87.3,82.9,12.2,2.2,Ministry of Environment - Giza New Cleaning System
Greater Cairo Region,Giza,Middle/High Urban,2025-12,3350,50.8,13.2,13.4,1.6,0.5,20.5,20.3,9707387,262099,2985620,420859,8319,41497,10510,3188877,89.7,72.4,12.9,1.8,Ministry of Environment - Giza New Cleaning System
Suez Canal Region,Ismailia,Lower Middle Income,2021-01,3690,64.6,6.1,6.9,0.6,5.7,16.1,11.2,1331235,35943,400799,54773,1161,5837,1454,437311,83.8,79.7,11.4,1.8,Ministry of Environment - Suez Canal Region Report
Suez Canal Region,Ismailia,Lower Middle Income,2021-02,3690,51.1,16.2,6.6,6.5,8.4,11.3,12,1333099,35994,400799,54773,1161,5837,1454,437923,85.6,81.3,11.8,2.5,Ministry of Environment - Suez Canal Region Report
Suez Canal Region,Ismailia,Lower Middle Income,2021-03,3690,59.9,12.3,14,0.5,0.5,12.7,12.2,1334965,36044,400799,54773,1161,5837,1454,438536,86.9,82.6,11.5,1.8,Ministry of Environment - Suez Canal Region Report
Suez Canal Region,Ismailia,Lower Middle Income,2021-04,3690,60.4,11.3,9.2,6.9,1.3,10.8,11.8,1336834,42592,425365,57864,1221,5843,1446,439150,88.7,84.3,12.1,2.4,Ministry of Environment - Suez Canal Region Report
Suez Canal Region,Ismailia,Lower Middle Income,2021-05,3690,62.9,11.7,7.3,0.6,4,13.5,12.2,1338706,36145,425365,57864,1221,5843,1446,439765,84.2,80,13,2.6,Ministry of Environment - Suez Canal Region Report
Suez Canal Region,Ismailia,Lower Middle Income,2021-06,3690,59.9,7.2,7.9,11.4,0.5,13.2,12.3,1340580,36196,425365,57864,1221,5843,1446,440381,86.2,81.9,13.2,1.4,Ministry of Environment - Suez Canal Region Report
Suez Canal Region,Ismailia,Lower Middle Income,2021-07,3690,56.6,8.4,18,5.3,3.8,7.9,13.5,1342457,36246,438318,55897,1171,5716,1580,440997,88.3,83.9,12.4,2.5,Ministry of Environment - Suez Canal Region Report
Suez Canal Region,Ismailia,Lower Middle Income,2021-08,3690,51.3,15.7,12.9,6,0.4,13.6,13.3,1344336,36297,438318,55897,1171,5716,1580,441614,86.2,81.9,13.2,2.6,Ministry of Environment - Suez Canal Region Report
Suez Canal Region,Ismailia,Lower Middle Income,2021-09,3690,64,6.2,6.1,8.1,7,8.5,13.6,1346218,36348,438318,55897,1171,5716,1580,442233,89,84.6,13.2,1.4,Ministry of Environment - Suez Canal Region Report
Suez Canal Region,Ismailia,Lower Middle Income,2021-10,3690,53.5,12.2,11.7,1.4,5.2,15.9,13.5,1348103,36399,427013,59823,1228,5602,1529,442852,83.3,79.1,12.7,2.2,Ministry of Environment - Suez Canal Region Report
Suez Canal Region,Ismailia,Lower Middle Income,2021-11,3690,55.1,13.3,7.6,10.7,2.5,10.7,12.8,1349990,36450,427013,59823,1228,5602,1529,443472,85,80.8,12.8,1.6,Ministry of Environment - Suez Canal Region Report
Suez Canal Region,Ismailia,Lower Middle Income,2021-12,3690,50.4,12.6,12.3,0.5,9.7,14.6,13.3,1351880,36501,427013,59823,1228,5602,1529,444093,86.4,82,13.4,2.4,Ministry of Environment - Suez Canal Region Report
Suez Canal Region,Ismailia,Lower Middle Income,2022-01,4295,55.2,12,9.7,3.2,6.7,13.2,13.8,1353773,36552,412032,56291,1154,5684,1459,444714,88.9,84.5,11,1.8,Ministry of Environment - Suez Canal Region Report
Suez Canal Region,Ismailia,Lower Middle Income,2022-02,4295,59,11.2,10.6,0.7,8,10.6,13.2,1355668,36603,412032,56291,1154,5684,1459,445337,87.9,83.5,10.3,2.1,Ministry of Environment - Suez Canal Region Report
Suez Canal Region,Ismailia,Lower Middle Income,2022-03,4295,53.2,11.4,8.4,6.5,1.5,19.1,14.2,1357566,36654,412032,56291,1154,5684,1459,445960,84.9,80.7,12.9,1.3,Ministry of Environment - Suez Canal Region Report
Suez Canal Region,Ismailia,Lower Middle Income,2022-04,4295,58.2,13.3,6.9,5.5,2.9,13.3,13.9,1359467,43313,439669,58812,1262,5764,1526,446585,88.1,83.6,12.8,2.7,Ministry of Environment - Suez Canal Region Report
Suez Canal Region,Ismailia,Lower Middle Income,2022-05,4295,62.4,10.7,12.7,1.2,3.7,9.5,14,1361370,36757,439669,58812,1262,5764,1526,447210,87,82.7,11.7,2.4,Ministry of Environment - Suez Canal Region Report
Suez Canal Region,Ismailia,Lower Middle Income,2022-06,4295,47.5,11.3,15.4,3.8,8.7,13.3,14.6,1363276,36808,439669,58812,1262,5764,1526,447836,86,81.7,11.1,1.9,Ministry of Environment - Suez Canal Region Report
Suez Canal Region,Ismailia,Lower Middle Income,2022-07,4295,51.8,18.5,11.2,1.5,4.7,12.3,14.6,1365184,36860,405853,57662,1200,5728,1531,448463,88.7,71.7,10.5,2.3,Ministry of Environment - Suez Canal Region Report
Suez Canal Region,Ismailia,Lower Middle Income,2022-08,4295,44.4,15.4,13.3,10.6,4.2,12.1,14.4,1367096,36912,405853,57662,1200,5728,1531,449091,85.9,81.6,13.6,2.6,Ministry of Environment - Suez Canal Region Report
Suez Canal Region,Ismailia,Lower Middle Income,2022-09,4295,54.2,14.9,15.1,3.4,2,10.3,15.2,1369010,36963,405853,57662,1200,5728,1531,449720,84.2,80,13,1.6,Ministry of Environment - Suez Canal Region Report
Suez Canal Region,Ismailia,Lower Middle Income,2022-10,4295,56.1,6.5,12.6,5.8,5,14,14.4,1370926,37015,417415,58476,1180,5823,1488,450349,84.2,80,11.1,2.3,Ministry of Environment - Suez Canal Region Report
Suez Canal Region,Ismailia,Lower Middle Income,2022-11,4295,59.4,15.9,7.1,1.6,0.5,15.6,15.1,1372845,37067,417415,58476,1180,5823,1488,450980,85.4,81.1,13.9,2.6,Ministry of Environment - Suez Canal Region Report
Suez Canal Region,Ismailia,Lower Middle Income,2022-12,4295,51.4,17.2,14.9,0.6,2.1,13.8,15.3,1374767,37119,417415,58476,1180,5823,1488,451611,86.4,82.1,13.7,2.3,Ministry of Environment - Suez Canal Region Report
Suez Canal Region,Ismailia,Lower Middle Income,2023-01,3700,62.5,20.3,3.3,3,1.9,8.9,15.1,1376692,37171,449741,58375,1184,5826,1634,452243,84.8,80.6,11,1.8,Ministry of Environment - Suez Canal Region Report
Suez Canal Region,Ismailia,Lower Middle Income,2023-02,3700,50.2,13.7,8.1,0.5,13.4,14.1,15.4,1378620,37223,449741,58375,1184,5826,1634,452877,88.2,83.8,12.1,1.7,Ministry of Environment - Suez Canal Region Report
Suez Canal Region,Ismailia,Lower Middle Income,2023-03,3700,65.4,8.9,11.5,3.7,0.5,10,15,1380550,43984,449741,58375,1184,5826,1634,453511,89.8,85.3,12.4,2.7,Ministry of Environment - Suez Canal Region Report
Suez Canal Region,Ismailia,Lower Middle Income,2023-04,3700,51.1,17.9,9.9,7.3,2.1,11.7,16,1382482,37327,416990,58390,1255,5926,1640,454145,87.6,83.2,10.8,1.6,Ministry of Environment - Suez Canal Region Report
Suez Canal Region,Ismailia,Lower Middle Income,2023-05,3700,53.1,17.5,13.4,0.4,2.3,13.3,15.6,1384418,37379,416990,58390,1255,5926,1640,454781,86.7,82.4,11.9,2,Ministry of Environment - Suez Canal Region Report
Suez Canal Region,Ismailia,Lower Middle Income,2023-06,3700,48.5,12.9,11.7,7,8.7,11.2,15.7,1386356,37432,416990,58390,1255,5926,1640,455418,83.2,79.1,10.8,2.3,Ministry of Environment - Suez Canal Region Report
Suez Canal Region,Ismailia,Lower Middle Income,2023-07,3700,47,13.6,16.4,1.9,5.3,15.9,16.4,1388297,37484,429866,61421,1210,5727,1578,456056,86.2,81.9,11.1,2,Ministry of Environment - Suez Canal Region Report
Suez Canal Region,Ismailia,Lower Middle Income,2023-08,3700,63.4,14.7,6.9,0.6,0.6,13.9,15.8,1390241,37537,429866,61421,1210,5727,1578,456694,86.4,82.1,13,1.9,Ministry of Environment - Suez Canal Region Report
Suez Canal Region,Ismailia,Lower Middle Income,2023-09,3700,56.6,11.8,7.5,0.5,5.4,18.4,15.7,1392187,37589,429866,61421,1210,5727,1578,457333,84.3,68.1,10.2,2.1,Ministry of Environment - Suez Canal Region Report
Suez Canal Region,Ismailia,Lower Middle Income,2023-10,3700,54,13.8,3.7,2.2,9.6,16.7,15.8,1394136,37642,441367,56275,1200,6123,1650,457974,87.6,83.2,11.1,1.7,Ministry of Environment - Suez Canal Region Report
Suez Canal Region,Ismailia,Lower Middle Income,2023-11,3700,55.3,14.3,12.7,0.9,0.6,16.1,16.7,1396088,37694,441367,56275,1200,6123,1650,458615,84.3,80.1,13.9,1.4,Ministry of Environment - Suez Canal Region Report
Suez Canal Region,Ismailia,Lower Middle Income,2023-12,3700,60.1,11.1,9.8,3.7,3.4,11.9,16.2,1398042,37747,441367,56275,1200,6123,1650,459257,87.8,83.5,13,2.3,Ministry of Environment - Suez Canal Region Report
Suez Canal Region,Ismailia,Lower Middle Income,2024-01,3200,59.5,6.5,12.3,0.5,1.9,19.3,17.5,1400000,37800,452511,59373,1293,5679,1664,459900,84.2,80,11.4,2,Ministry of Environment - Suez Canal Region Report
Suez Canal Region,Ismailia,Lower Middle Income,2024-02,3200,59,18.2,16.7,0.6,2.7,2.8,16.1,1401960,37853,452511,59373,1293,5679,1664,460544,84.9,80.6,10.2,2.6,Ministry of Environment - Suez Canal Region Report
Suez Canal Region,Ismailia,Lower Middle Income,2024-03,3200,60.7,12.9,0.5,11.5,4.2,10.3,17.8,1403922,44729,452511,59373,1293,5679,1664,461188,84,79.8,13.7,2.3,Ministry of Environment - Suez Canal Region Report
Suez Canal Region,Ismailia,Lower Middle Income,2024-04,3200,62.6,6.1,5,0.5,10.4,15.3,17.3,1405888,37959,445729,57559,1231,5984,1615,461834,84.4,80.2,13.5,1.9,Ministry of Environment - Suez Canal Region Report
Suez Canal Region,Ismailia,Lower Middle Income,2024-05,3200,54.3,13.2,11.4,3.9,3.7,13.4,17.3,1407856,38012,445729,57559,1231,5984,1615,462481,85.2,81,11.6,2.5,Ministry of Environment - Suez Canal Region Report
Suez Canal Region,Ismailia,Lower Middle Income,2024-06,3200,58.9,14.1,12.2,4.9,0.5,9.5,17.3,1409827,38065,445729,57559,1231,5984,1615,463128,89.5,85,13.6,2.1,Ministry of Environment - Suez Canal Region Report
Suez Canal Region,Ismailia,Lower Middle Income,2024-07,3200,62.9,12.2,12.8,0.5,0.5,11,17.8,1411801,38119,419365,58971,1290,5838,1519,463777,89.8,85.3,12.9,2.5,Ministry of Environment - Suez Canal Region Report
Suez Canal Region,Ismailia,Lower Middle Income,2024-08,3200,49.4,9.3,13.7,4.2,9.5,13.9,17.7,1413777,38172,419365,58971,1290,5838,1519,464426,89.8,85.3,11.8,1.4,Ministry of Environment - Suez Canal Region Report
Suez Canal Region,Ismailia,Lower Middle Income,2024-09,3200,48.7,17.9,3.9,5.2,0.5,23.8,18.3,1415757,38225,419365,58971,1290,5838,1519,465076,88.4,84,12.2,1.8,Ministry of Environment - Suez Canal Region Report
Suez Canal Region,Ismailia,Lower Middle Income,2024-10,3200,57.7,9.5,9.1,4.7,5.9,13.1,18,1417739,38279,429889,62254,1298,6234,1562,465727,88.4,83.9,10.1,2.2,Ministry of Environment - Suez Canal Region Report
Suez Canal Region,Ismailia,Lower Middle Income,2024-11,3200,53.6,10.5,10.3,9.3,5,11.3,18.2,1419723,38333,429889,62254,1298,6234,1562,466379,84.5,80.3,10.8,1.4,Ministry of Environment - Suez Canal Region Report
Suez Canal Region,Ismailia,Lower Middle Income,2024-12,3200,50.2,9.8,11.5,12.2,1.5,14.8,18.2,1421711,38386,429889,62254,1298,6234,1562,467032,86.2,81.9,13.5,2.5,Ministry of Environment - Suez Canal Region Report
Suez Canal Region,Ismailia,Lower Middle Income,2025-01,3350,50.9,12,9.5,3.1,12.2,12.3,18.4,1423701,38440,440948,60298,1273,6289,1637,467686,86.1,81.8,11.8,2,Ministry of Environment - Suez Canal Region Report
Suez Canal Region,Ismailia,Lower Middle Income,2025-02,3350,65.5,6.1,13.2,9.8,0.9,4.6,18.6,1425695,38494,440948,60298,1273,6289,1637,468341,85.8,81.5,11.1,1.8,Ministry of Environment - Suez Canal Region Report
Suez Canal Region,Ismailia,Lower Middle Income,2025-03,3350,55.4,11.6,11.5,10.7,1.3,9.4,18,1427691,45487,440948,60298,1273,6289,1637,468996,88.9,84.5,13.6,1.5,Ministry of Environment - Suez Canal Region Report
Suez Canal Region,Ismailia,Lower Middle Income,2025-04,3350,51.1,13.6,11.8,1.8,6,15.7,18.3,1429689,38602,462940,60269,1327,5903,1681,469653,84.8,80.6,13.3,2.5,Ministry of Environment - Suez Canal Region Report
Suez Canal Region,Ismailia,Lower Middle Income,2025-05,3350,61,10.2,8.7,0.5,4.3,15.3,19.2,1431691,38656,462940,60269,1327,5903,1681,470310,86.9,82.5,13.1,2.2,Ministry of Environment - Suez Canal Region Report
Suez Canal Region,Ismailia,Lower Middle Income,2025-06,3350,57.5,15.4,11.6,3.7,3.2,8.5,19.2,1433695,38710,462940,60269,1327,5903,1681,470969,86.8,82.5,11.7,2.2,Ministry of Environment - Suez Canal Region Report
Suez Canal Region,Ismailia,Lower Middle Income,2025-07,3350,55.3,13.7,7.2,7.9,0.5,15.4,19.1,1435702,38764,432951,58401,1238,5973,1675,471628,86.6,82.2,12.5,1.3,Ministry of Environment - Suez Canal Region Report
Suez Canal Region,Ismailia,Lower Middle Income,2025-08,3350,50.5,14.4,12.1,6,0.4,16.7,19.3,1437712,38818,432951,58401,1238,5973,1675,472288,87.8,83.4,12.1,2,Ministry of Environment - Suez Canal Region Report
Suez Canal Region,Ismailia,Lower Middle Income,2025-09,3350,64.6,11.5,11.5,0.6,0.5,11.4,19.6,1439725,38873,432951,58401,1238,5973,1675,472950,85.1,80.9,11.2,2,Ministry of Environment - Suez Canal Region Report
Suez Canal Region,Ismailia,Lower Middle Income,2025-10,3350,62.3,13.4,7.1,1.4,3.3,12.5,19.4,1441741,38927,460190,63501,1232,6000,1653,473612,86.9,82.6,12,1.6,Ministry of Environment - Suez Canal Region Report
Suez Canal Region,Ismailia,Lower Middle Income,2025-11,3350,49.5,13.3,16.5,7.2,3.6,9.8,19.4,1443759,38981,460190,63501,1232,6000,1653,474275,86.5,69.9,10.6,2.2,Ministry of Environment - Suez Canal Region Report
Suez Canal Region,Ismailia,Lower Middle Income,2025-12,3350,56.9,14.3,8,7.3,0.5,12.9,20,1445781,39036,460190,63501,1232,6000,1653,474939,88.6,84.2,10.3,1.7,Ministry of Environment - Suez Canal Region Report
Delta Region,Kafr El Sheikh,Lower Middle Income,2021-01,3690,57,11.7,9.1,3.5,0.5,18.2,12.2,3423177,51348,1110770,152225,3049,14578,3878,624730,47.2,41.1,10.6,2.4,National Solid Waste Management Program (NSWMP)
Delta Region,Kafr El Sheikh,Lower Middle Income,2021-02,3690,56.3,15.5,12.9,0.5,3.7,11.1,11.4,3427969,51420,1110770,152225,3049,14578,3878,625604,46.1,40.1,13.1,1.3,National Solid Waste Management Program (NSWMP)
Delta Region,Kafr El Sheikh,Lower Middle Income,2021-03,3690,62.2,8.7,7.5,0.5,0.5,20.6,12.7,3432768,51492,1110770,152225,3049,14578,3878,626480,48.3,42.1,14,1.6,National Solid Waste Management Program (NSWMP)
Delta Region,Kafr El Sheikh,Lower Middle Income,2021-04,3690,58.3,12.1,6.7,6.9,0.5,15.5,12.6,3437574,60846,1102441,141408,2932,14657,3789,627357,43.9,38,13.8,1.7,National Solid Waste Management Program (NSWMP)
Delta Region,Kafr El Sheikh,Lower Middle Income,2021-05,3690,53.4,10.5,13.4,7.4,5.5,9.9,12.6,3442387,51636,1102441,141408,2932,14657,3789,628236,45,39,11.4,2.2,National Solid Waste Management Program (NSWMP)
Delta Region,Kafr El Sheikh,Lower Middle Income,2021-06,3690,56.5,14.4,7.2,10.1,0.5,11.2,13.1,3447206,51708,1102441,141408,2932,14657,3789,629115,36.8,26.5,11.9,2.4,National Solid Waste Management Program (NSWMP)
Delta Region,Kafr El Sheikh,Lower Middle Income,2021-07,3690,60.1,1.9,4.7,7.2,3.6,22.6,13.5,3452032,51780,1048821,144362,2954,15091,3767,629996,43.7,37.7,11.7,1.9,National Solid Waste Management Program (NSWMP)
Delta Region,Kafr El Sheikh,Lower Middle Income,2021-08,3690,61.5,14.3,11.1,4.3,0.5,8.3,13.3,3456865,51853,1048821,144362,2954,15091,3767,630878,39.1,33.4,12.6,2.1,National Solid Waste Management Program (NSWMP)
Delta Region,Kafr El Sheikh,Lower Middle Income,2021-09,3690,51.1,13.9,10.2,0.5,6.2,18.1,12.4,3461705,51926,1048821,144362,2954,15091,3767,631761,45.2,39.2,10.1,1.3,National Solid Waste Management Program (NSWMP)
Delta Region,Kafr El Sheikh,Lower Middle Income,2021-10,3690,53.2,15.1,7,7.3,3.1,14.3,12.7,3466551,51998,1079830,148502,3257,14755,3999,632646,40.5,34.7,11.7,2.7,National Solid Waste Management Program (NSWMP)
Delta Region,Kafr El Sheikh,Lower Middle Income,2021-11,3690,57.7,12.6,6.5,3.7,7.1,12.4,13.1,3471404,52071,1079830,148502,3257,14755,3999,633531,43,37.1,12.7,1.4,National Solid Waste Management Program (NSWMP)
Delta Region,Kafr El Sheikh,Lower Middle Income,2021-12,3690,51.5,13.8,7.7,8.2,1.5,17.3,13.5,3476264,52144,1079830,148502,3257,14755,3999,634418,43.2,37.3,13.9,2.2,National Solid Waste Management Program (NSWMP)
Delta Region,Kafr El Sheikh,Lower Middle Income,2022-01,4295,63,14,6.9,4.1,2.3,9.6,13.8,3481131,52217,1078585,144097,3151,15453,4065,635306,44,38,12.7,2.4,National Solid Waste Management Program (NSWMP)
Delta Region,Kafr El Sheikh,Lower Middle Income,2022-02,4295,51.2,9,11.6,8.5,0.5,19.3,13.4,3486004,52290,1078585,144097,3151,15453,4065,636196,37.8,32.2,10.8,2.3,National Solid Waste Management Program (NSWMP)
Delta Region,Kafr El Sheikh,Lower Middle Income,2022-03,4295,58.4,9.5,13.8,2.3,2.9,13.1,14,3490885,52363,1078585,144097,3151,15453,4065,637087,47.5,41.3,12.5,2.2,National Solid Waste Management Program (NSWMP)
Delta Region,Kafr El Sheikh,Lower Middle Income,2022-04,4295,59.9,15.9,8.9,0.5,5.4,9.4,13.7,3495772,61876,1047115,145033,3219,15167,4102,637978,37.3,31.7,12,1.3,National Solid Waste Management Program (NSWMP)
Delta Region,Kafr El Sheikh,Lower Middle Income,2022-05,4295,55.1,19.1,5.6,0.5,5.9,13.7,13.9,3500666,52510,1047115,145033,3219,15167,4102,638872,43.4,37.5,12.9,1.5,National Solid Waste Management Program (NSWMP)
Delta Region,Kafr El Sheikh,Lower Middle Income,2022-06,4295,57.4,12.3,11.5,1,9.2,8.6,13.7,3505567,52584,1047115,145033,3219,15167,4102,639766,49.9,43.6,13.8,2.6,National Solid Waste Management Program (NSWMP)
Delta Region,Kafr El Sheikh,Lower Middle Income,2022-07,4295,59.1,15.8,7.1,0.5,7.2,10.2,14,3510475,52657,1078055,150472,3285,14487,4132,640662,41,35.2,11,2.7,National Solid Waste Management Program (NSWMP)
Delta Region,Kafr El Sheikh,Lower Middle Income,2022-08,4295,52.3,16.2,9.8,0.5,9.7,11.6,14,3515390,52731,1078055,150472,3285,14487,4132,641559,37.2,31.6,12.6,2.7,National Solid Waste Management Program (NSWMP)
Delta Region,Kafr El Sheikh,Lower Middle Income,2022-09,4295,49.1,12.6,11.5,10.7,0.5,15.7,14.3,3520311,52805,1078055,150472,3285,14487,4132,642457,38.5,32.9,13.7,1.5,National Solid Waste Management Program (NSWMP)
Delta Region,Kafr El Sheikh,Lower Middle Income,2022-10,4295,51.9,10.9,11.6,6.7,0.4,18.4,15.2,3525240,52879,1087902,148457,3283,14379,4162,643356,40,34.3,13.1,1.7,National Solid Waste Management Program (NSWMP)
Delta Region,Kafr El Sheikh,Lower Middle Income,2022-11,4295,52.6,9,9.5,12.5,1.8,14.7,14.5,3530175,52953,1087902,148457,3283,14379,4162,644257,35.1,29.6,13.1,1.7,National Solid Waste Management Program (NSWMP)
Delta Region,Kafr El Sheikh,Lower Middle Income,2022-12,4295,59.3,11.3,5.2,2.3,8.2,13.7,16.2,3535117,53027,1087902,148457,3283,14379,4162,645159,41.5,35.7,12.8,2.1,National Solid Waste Management Program (NSWMP)
Delta Region,Kafr El Sheikh,Lower Middle Income,2023-01,3700,61.9,15.4,7.2,4,0.5,11,15.4,3540066,53101,1146480,149917,3127,15397,4037,646062,47.8,41.6,13.9,2.3,National Solid Waste Management Program (NSWMP)
Delta Region,Kafr El Sheikh,Lower Middle Income,2023-02,3700,55.2,12.7,10,1.2,7,13.8,15.4,3545022,53175,1146480,149917,3127,15397,4037,646967,35.4,29.9,12.8,2.3,National Solid Waste Management Program (NSWMP)
Delta Region,Kafr El Sheikh,Lower Middle Income,2023-03,3700,66.2,19.2,3.9,0.5,0.5,9.8,15.2,3549985,62835,1146480,149917,3127,15397,4037,647872,36,30.5,12.5,2.6,National Solid Waste Management Program (NSWMP)
Delta Region,Kafr El Sheikh,Lower Middle Income,2023-04,3700,46.8,8.7,14.9,9.4,2.4,17.8,15.9,3554955,53324,1145799,145289,3294,15187,4145,648779,44.5,38.5,10.4,1.6,National Solid Waste Management Program (NSWMP)
Delta Region,Kafr El Sheikh,Lower Middle Income,2023-05,3700,66.5,11.9,2,3.3,0.5,15.8,15.5,3559932,53399,1145799,145289,3294,15187,4145,649688,45.6,33.7,12.4,2.6,National Solid Waste Management Program (NSWMP)
Delta Region,Kafr El Sheikh,Lower Middle Income,2023-06,3700,56.8,13.4,12.3,0.5,4.7,12.4,15.9,3564916,53474,1145799,145289,3294,15187,4145,650597,46.9,40.8,14,2.6,National Solid Waste Management Program (NSWMP)
Delta Region,Kafr El Sheikh,Lower Middle Income,2023-07,3700,59,17.7,5.3,3.1,2.4,12.5,17,3569907,53549,1103237,150476,3048,14871,3917,651508,35.7,30.1,12.2,2.6,National Solid Waste Management Program (NSWMP)
Delta Region,Kafr El Sheikh,Lower Middle Income,2023-08,3700,60.5,10.3,8.1,1.2,7.6,12.3,16.1,3574905,53624,1103237,150476,3048,14871,3917,652420,40.4,34.7,10.9,1.9,National Solid Waste Management Program (NSWMP)
Delta Region,Kafr El Sheikh,Lower Middle Income,2023-09,3700,46.2,16.8,7.7,6.8,7.8,14.7,16.8,3579910,53699,1103237,150476,3048,14871,3917,653334,41.6,35.8,12.3,2.2,National Solid Waste Management Program (NSWMP)
Delta Region,Kafr El Sheikh,Lower Middle Income,2023-10,3700,55.3,15.6,4.8,0.9,0.6,22.8,16.1,3584922,53774,1130136,156496,3345,14678,3975,654248,35.1,29.6,10.7,2.1,National Solid Waste Management Program (NSWMP)
Delta Region,Kafr El Sheikh,Lower Middle Income,2023-11,3700,54.5,10.1,6.1,6.5,3.7,19,16.5,3589941,53849,1130136,156496,3345,14678,3975,655164,40.8,35,11,2.2,National Solid Waste Management Program (NSWMP)
Delta Region,Kafr El Sheikh,Lower Middle Income,2023-12,3700,56.8,7.3,6.4,9.2,2.1,18.2,17.4,3594967,53925,1130136,156496,3345,14678,3975,656081,44.9,38.9,12,1.3,National Solid Waste Management Program (NSWMP)
Delta Region,Kafr El Sheikh,Lower Middle Income,2024-01,3200,62.1,9.9,9.9,0.6,0.8,16.7,16.5,3600000,54000,1105481,153037,3172,15066,4271,657000,49.6,43.4,12.3,2.6,National Solid Waste Management Program (NSWMP)
Delta Region,Kafr El Sheikh,Lower Middle Income,2024-02,3200,63.5,7.4,10.9,1.8,0.5,15.9,17.6,3605040,54076,1105481,153037,3172,15066,4271,657920,40.9,35.1,10.8,1.8,National Solid Waste Management Program (NSWMP)
Delta Region,Kafr El Sheikh,Lower Middle Income,2024-03,3200,53.2,16.3,12.9,7.6,1,9,17.4,3610087,63898,1105481,153037,3172,15066,4271,658841,38.5,28,14,2.3,National Solid Waste Management Program (NSWMP)
Delta Region,Kafr El Sheikh,Lower Middle Income,2024-04,3200,61.2,13.4,8.4,0.5,3,13.5,17,3615141,54227,1087726,152361,3197,15558,4236,659763,38.2,32.6,10.6,2.6,National Solid Waste Management Program (NSWMP)
Delta Region,Kafr El Sheikh,Lower Middle Income,2024-05,3200,56.2,14.8,13.6,0.5,4.6,10.4,17.6,3620202,54303,1087726,152361,3197,15558,4236,660687,43.7,37.8,12.8,1.3,National Solid Waste Management Program (NSWMP)
Delta Region,Kafr El Sheikh,Lower Middle Income,2024-06,3200,48.9,10.8,13.8,2.5,8.7,15.3,17.9,3625270,54379,1087726,152361,3197,15558,4236,661612,39.7,34,11.6,2,National Solid Waste Management Program (NSWMP)
Delta Region,Kafr El Sheikh,Lower Middle Income,2024-07,3200,49.5,16.2,10.6,0.5,9.7,13.6,17.8,3630346,54455,1126154,159912,3233,15844,4082,662538,37.1,31.5,10.5,1.8,National Solid Waste Management Program (NSWMP)
Delta Region,Kafr El Sheikh,Lower Middle Income,2024-08,3200,54,9.3,14.2,5.8,5.2,11.5,17.1,3635428,54531,1126154,159912,3233,15844,4082,663466,42.7,36.8,10.8,1.3,National Solid Waste Management Program (NSWMP)
Delta Region,Kafr El Sheikh,Lower Middle Income,2024-09,3200,61.1,17.2,7.6,0.5,5.6,7.9,17.6,3640518,54608,1126154,159912,3233,15844,4082,664395,35.2,29.6,12.7,2.4,National Solid Waste Management Program (NSWMP)
Delta Region,Kafr El Sheikh,Lower Middle Income,2024-10,3200,54.2,10.8,14.1,2.2,7.1,11.5,17.9,3645614,54684,1190016,150267,3284,16082,4278,665325,38.7,33,11.9,2.2,National Solid Waste Management Program (NSWMP)
Delta Region,Kafr El Sheikh,Lower Middle Income,2024-11,3200,49.9,17.6,4.8,4.2,11.7,11.8,18.1,3650718,54761,1190016,150267,3284,16082,4278,666256,46.4,40.3,10.7,1.9,National Solid Waste Management Program (NSWMP)
Delta Region,Kafr El Sheikh,Lower Middle Income,2024-12,3200,58.1,16.9,10.5,0.5,7.7,6.4,18.5,3655829,54837,1190016,150267,3284,16082,4278,667189,42.5,36.6,10.6,1.5,National Solid Waste Management Program (NSWMP)
Delta Region,Kafr El Sheikh,Lower Middle Income,2025-01,3350,54.7,17.9,8.7,1.3,6.7,10.7,18.5,3660947,54914,1116036,162516,3126,14915,4110,668123,37.5,31.9,13.4,1.4,National Solid Waste Management Program (NSWMP)
Delta Region,Kafr El Sheikh,Lower Middle Income,2025-02,3350,53,14.6,9.6,0.5,5.8,16.5,18,3666073,54991,1116036,162516,3126,14915,4110,669058,45.5,39.5,12.5,1.7,National Solid Waste Management Program (NSWMP)
Delta Region,Kafr El Sheikh,Lower Middle Income,2025-03,3350,54.5,10.5,10.7,7.9,1.6,14.8,18.9,3671205,64980,1116036,162516,3126,14915,4110,669995,42.3,36.4,10.3,1.7,National Solid Waste Management Program (NSWMP)
Delta Region,Kafr El Sheikh,Lower Middle Income,2025-04,3350,57.1,16.2,9.9,0.5,1.1,15.2,19,3676345,55145,1171297,152530,3224,14865,3999,670933,46.3,40.2,13.1,2,National Solid Waste Management Program (NSWMP)
Delta Region,Kafr El Sheikh,Lower Middle Income,2025-05,3350,55.7,9.6,11.7,2.4,3.1,17.5,19.1,3681492,55222,1171297,152530,3224,14865,3999,671872,47.3,41.2,13.2,1.9,National Solid Waste Management Program (NSWMP)
Delta Region,Kafr El Sheikh,Lower Middle Income,2025-06,3350,61.1,8.1,8,9.4,3.8,9.6,19.5,3686646,55300,1171297,152530,3224,14865,3999,672813,35.9,30.4,10.9,2.7,National Solid Waste Management Program (NSWMP)
Delta Region,Kafr El Sheikh,Lower Middle Income,2025-07,3350,45.1,13.5,11.9,3.5,11.2,14.8,19.5,3691807,55377,1194418,152263,3308,15555,4047,673755,37.1,31.5,11.8,2.6,National Solid Waste Management Program (NSWMP)
Delta Region,Kafr El Sheikh,Lower Middle Income,2025-08,3350,56.4,9.9,6.2,5.4,1.1,21.1,19.5,3696976,55455,1194418,152263,3308,15555,4047,674698,42.9,37,13.1,1.3,National Solid Waste Management Program (NSWMP)
Delta Region,Kafr El Sheikh,Lower Middle Income,2025-09,3350,59.4,15.1,5.1,1.2,7.9,11.4,19.5,3702151,55532,1194418,152263,3308,15555,4047,675643,37.4,31.8,12.2,1.7,National Solid Waste Management Program (NSWMP)
Delta Region,Kafr El Sheikh,Lower Middle Income,2025-10,3350,58,14.4,9.8,1.1,2.4,14.2,18.9,3707334,55610,1196314,155578,3460,15427,4112,676588,47.3,41.2,13.5,1.3,National Solid Waste Management Program (NSWMP)
Delta Region,Kafr El Sheikh,Lower Middle Income,2025-11,3350,60.8,9.6,9.2,4.2,5.7,10.5,19.9,3712525,55688,1196314,155578,3460,15427,4112,677536,48.5,42.3,11.6,2.1,National Solid Waste Management Program (NSWMP)
Delta Region,Kafr El Sheikh,Lower Middle Income,2025-12,3350,56.7,17.4,4.4,10.2,2.4,8.8,20,3717722,55766,1196314,155578,3460,15427,4112,678484,46.9,40.8,10.7,2.4,National Solid Waste Management Program (NSWMP)
South Upper Egypt Region,Luxor,Lower Middle Income,2021-01,3690,54.3,14.7,7.8,4.1,5.9,13.2,11.5,1283691,19255,409825,52620,1096,5336,1381,234274,43.8,37.9,12.3,2.3,Ministry of Environment - Luxor City Sustainability Report
South Upper Egypt Region,Luxor,Lower Middle Income,2021-02,3690,47.8,10.8,14.5,9.7,0.5,16.8,11.7,1285488,19282,409825,52620,1096,5336,1381,234602,40.8,35,13.3,2,Ministry of Environment - Luxor City Sustainability Report
South Upper Egypt Region,Luxor,Lower Middle Income,2021-03,3690,58.2,17.3,8,0.5,5.4,10.7,12.7,1287288,19309,409825,52620,1096,5336,1381,234930,45.7,39.7,12.6,1.9,Ministry of Environment - Luxor City Sustainability Report
South Upper Egypt Region,Luxor,Lower Middle Income,2021-04,3690,54.5,7.4,11.8,4.3,5.9,16.2,12.4,1289090,22816,382542,52095,1162,5410,1496,235259,35.4,29.8,13.1,1.7,Ministry of Environment - Luxor City Sustainability Report
South Upper Egypt Region,Luxor,Lower Middle Income,2021-05,3690,57.5,13.6,8.4,3.4,0.5,16.5,12.8,1290895,19363,382542,52095,1162,5410,1496,235588,37.2,31.6,11.5,2.2,Ministry of Environment - Luxor City Sustainability Report
South Upper Egypt Region,Luxor,Lower Middle Income,2021-06,3690,59.9,9.6,15,4.3,3.9,7.3,12.7,1292702,19391,382542,52095,1162,5410,1496,235918,45.4,39.4,11,1.3,Ministry of Environment - Luxor City Sustainability Report
South Upper Egypt Region,Luxor,Lower Middle Income,2021-07,3690,47.1,13.2,12.7,1.1,9.4,16.5,12.8,1294512,19418,398520,52508,1188,5592,1458,236248,48.4,42.2,13.8,1.8,Ministry of Environment - Luxor City Sustainability Report
South Upper Egypt Region,Luxor,Lower Middle Income,2021-08,3690,50.6,12.6,19,0.5,4.9,12.4,13.3,1296324,19445,398520,52508,1188,5592,1458,236579,40.7,34.9,10.7,1.5,Ministry of Environment - Luxor City Sustainability Report
South Upper Egypt Region,Luxor,Lower Middle Income,2021-09,3690,49,15,7,7,10,12,12.9,1298139,19472,398520,52508,1188,5592,1458,236910,43,31.5,10.7,2.6,Ministry of Environment - Luxor City Sustainability Report
South Upper Egypt Region,Luxor,Lower Middle Income,2021-10,3690,54.5,9.9,9.5,3,5.8,17.3,13.2,1299956,19499,399232,57157,1223,5299,1538,237242,44.5,38.5,12.5,2.5,Ministry of Environment - Luxor City Sustainability Report
South Upper Egypt Region,Luxor,Lower Middle Income,2021-11,3690,50.2,17.3,14.6,6.7,0.7,10.5,13.1,1301776,19527,399232,57157,1223,5299,1538,237574,39.2,33.5,11.9,1.3,Ministry of Environment - Luxor City Sustainability Report
South Upper Egypt Region,Luxor,Lower Middle Income,2021-12,3690,53.3,17,5.2,6.6,0.5,17.5,13.3,1303599,19554,399232,57157,1223,5299,1538,237907,45.8,39.8,11.6,2.5,Ministry of Environment - Luxor City Sustainability Report
South Upper Egypt Region,Luxor,Lower Middle Income,2022-01,4295,46.3,15.1,11.9,8,7,11.7,13.5,1305424,19581,421146,55214,1131,5741,1526,238240,47.2,41,13.3,1.6,Ministry of Environment - Luxor City Sustainability Report
South Upper Egypt Region,Luxor,Lower Middle Income,2022-02,4295,66.5,11.4,2.1,0.6,4.2,15.2,13.8,1307251,19609,421146,55214,1131,5741,1526,238573,47.7,41.6,12.3,1.8,Ministry of Environment - Luxor City Sustainability Report
South Upper Egypt Region,Luxor,Lower Middle Income,2022-03,4295,59.4,16.3,9.6,0.5,2.9,11.3,13.7,1309082,19636,421146,55214,1131,5741,1526,238907,37.1,31.5,12.7,1.4,Ministry of Environment - Luxor City Sustainability Report
South Upper Egypt Region,Luxor,Lower Middle Income,2022-04,4295,51.5,15.3,7.4,9.2,7.1,9.5,14.5,1310914,23204,420151,54156,1143,5559,1519,239242,39.3,33.6,12.5,1.9,Ministry of Environment - Luxor City Sustainability Report
South Upper Egypt Region,Luxor,Lower Middle Income,2022-05,4295,48.4,12.1,13.7,1.8,6.2,17.7,13.7,1312750,19691,420151,54156,1143,5559,1519,239577,35.2,29.7,13.3,1.7,Ministry of Environment - Luxor City Sustainability Report
South Upper Egypt Region,Luxor,Lower Middle Income,2022-06,4295,56.5,10.9,13.9,4.8,0.5,13.4,14.2,1314587,19719,420151,54156,1143,5559,1519,239912,39.1,28.4,13.2,1.9,Ministry of Environment - Luxor City Sustainability Report
South Upper Egypt Region,Luxor,Lower Middle Income,2022-07,4295,60.5,7.3,14.3,2.3,0.5,15,14.2,1316428,19746,416880,53842,1189,5314,1459,240248,48.5,42.3,11.6,1.7,Ministry of Environment - Luxor City Sustainability Report
South Upper Egypt Region,Luxor,Lower Middle Income,2022-08,4295,54.1,20.4,7.9,0.5,5.4,11.7,15.1,1318271,19774,416880,53842,1189,5314,1459,240584,43.7,37.8,13.7,1.5,Ministry of Environment - Luxor City Sustainability Report
South Upper Egypt Region,Luxor,Lower Middle Income,2022-09,4295,52.6,15,5.9,0.5,9.9,16,14.8,1320116,19802,416880,53842,1189,5314,1459,240921,38.8,33.2,13.6,1.6,Ministry of Environment - Luxor City Sustainability Report
South Upper Egypt Region,Luxor,Lower Middle Income,2022-10,4295,52.9,12.5,11.6,7.6,0.5,14.9,15.2,1321965,19829,409775,55933,1178,5408,1498,241259,44,38,11.5,1.8,Ministry of Environment - Luxor City Sustainability Report
South Upper Egypt Region,Luxor,Lower Middle Income,2022-11,4295,52.5,12,10.4,3.9,5.9,15.3,14.3,1323815,19857,409775,55933,1178,5408,1498,241596,36.6,31,13.4,2,Ministry of Environment - Luxor City Sustainability Report
South Upper Egypt Region,Luxor,Lower Middle Income,2022-12,4295,54.9,8.1,9.5,12.4,0.5,14.5,15.2,1325669,19885,409775,55933,1178,5408,1498,241935,39.5,33.8,11.3,2.7,Ministry of Environment - Luxor City Sustainability Report
South Upper Egypt Region,Luxor,Lower Middle Income,2023-01,3700,53.2,11,10.5,9.6,5,10.8,15.6,1327525,19913,413065,58485,1146,5617,1534,242273,43.7,32,12.5,2.6,Ministry of Environment - Luxor City Sustainability Report
South Upper Egypt Region,Luxor,Lower Middle Income,2023-02,3700,56.2,11.1,6.5,8.1,1,17.2,15.3,1329383,19941,413065,58485,1146,5617,1534,242612,45.9,39.8,12.1,1.9,Ministry of Environment - Luxor City Sustainability Report
South Upper Egypt Region,Luxor,Lower Middle Income,2023-03,3700,50,16,9.2,7.8,9,8,15.9,1331244,23563,413065,58485,1146,5617,1534,242952,35.1,29.6,13.5,2.5,Ministry of Environment - Luxor City Sustainability Report
South Upper Egypt Region,Luxor,Lower Middle Income,2023-04,3700,64.6,7.9,6.4,0.9,5.3,14.9,15.4,1333108,19997,399966,55616,1221,5487,1498,243292,49.5,43.3,13.9,1.4,Ministry of Environment - Luxor City Sustainability Report
South Upper Egypt Region,Luxor,Lower Middle Income,2023-05,3700,47.5,11.6,10.5,5.7,6.3,18.4,16.3,1334974,20025,399966,55616,1221,5487,1498,243633,47.9,41.8,10.1,2.4,Ministry of Environment - Luxor City Sustainability Report
South Upper Egypt Region,Luxor,Lower Middle Income,2023-06,3700,56.9,11.1,12.7,0.5,0.5,18.3,16.8,1336843,20053,399966,55616,1221,5487,1498,243974,39.8,34.1,12.1,2.1,Ministry of Environment - Luxor City Sustainability Report
South Upper Egypt Region,Luxor,Lower Middle Income,2023-07,3700,56.8,8.2,4.1,4.2,7.6,19,15.9,1338715,20081,410343,57466,1247,5649,1493,244315,41.8,36,11.5,2.6,Ministry of Environment - Luxor City Sustainability Report
South Upper Egypt Region,Luxor,Lower Middle Income,2023-08,3700,54.6,20.3,9.5,3.3,0.5,11.8,15.9,1340589,20109,410343,57466,1247,5649,1493,244657,49,42.8,13.5,1.8,Ministry of Environment - Luxor City Sustainability Report
South Upper Egypt Region,Luxor,Lower Middle Income,2023-09,3700,52.7,17.3,5.9,5.3,6.3,12.5,16.9,1342466,20137,410343,57466,1247,5649,1493,245000,39.6,33.9,10.7,2.5,Ministry of Environment - Luxor City Sustainability Report
South Upper Egypt Region,Luxor,Lower Middle Income,2023-10,3700,54.7,16.3,15.1,0.6,2.3,10.9,17,1344345,20165,437394,55689,1151,5866,1527,245343,40.2,34.4,10.6,1.9,Ministry of Environment - Luxor City Sustainability Report
South Upper Egypt Region,Luxor,Lower Middle Income,2023-11,3700,44.6,16.8,9.8,10.2,6.3,12.4,16.3,1346227,20193,437394,55689,1151,5866,1527,245686,38,32.3,10,2.5,Ministry of Environment - Luxor City Sustainability Report
South Upper Egypt Region,Luxor,Lower Middle Income,2023-12,3700,50.4,14,12.6,4.8,6.7,11.5,16.5,1348112,20222,437394,55689,1151,5866,1527,246030,43.5,31.9,12.4,1.5,Ministry of Environment - Luxor City Sustainability Report
South Upper Egypt Region,Luxor,Lower Middle Income,2024-01,3200,56.3,13.7,11.8,0.5,0.5,17.2,16.7,1350000,20250,414240,55392,1239,5500,1497,246375,37.4,31.7,10.4,1.4,Ministry of Environment - Luxor City Sustainability Report
South Upper Egypt Region,Luxor,Lower Middle Income,2024-02,3200,53.1,12,8.4,9.8,7.9,8.9,16.4,1351890,20278,414240,55392,1239,5500,1497,246720,49.2,43,10.7,1.4,Ministry of Environment - Luxor City Sustainability Report
South Upper Egypt Region,Luxor,Lower Middle Income,2024-03,3200,57.6,15.5,12,3.7,0.5,10.8,16.7,1353782,23962,414240,55392,1239,5500,1497,247065,40.5,34.7,13.6,1.4,Ministry of Environment - Luxor City Sustainability Report
South Upper Egypt Region,Luxor,Lower Middle Income,2024-04,3200,53.9,14,16.8,1.2,0.5,13.6,16.8,1355677,20335,413131,55746,1211,5909,1517,247411,49.3,43.1,11.7,2.6,Ministry of Environment - Luxor City Sustainability Report
South Upper Egypt Region,Luxor,Lower Middle Income,2024-05,3200,63.6,7.7,17,3.3,0.5,7.8,17,1357575,20364,413131,55746,1211,5909,1517,247757,36.1,30.5,13.7,1.3,Ministry of Environment - Luxor City Sustainability Report
South Upper Egypt Region,Luxor,Lower Middle Income,2024-06,3200,61.3,12.8,11.3,0.5,1.6,12.6,17.5,1359476,20392,413131,55746,1211,5909,1517,248104,44.2,38.3,12.1,2,Ministry of Environment - Luxor City Sustainability Report
South Upper Egypt Region,Luxor,Lower Middle Income,2024-07,3200,55.6,10.3,4,14.8,0.5,14.8,17.7,1361379,20421,418844,57455,1226,5683,1525,248452,44.9,38.9,12.5,1.7,Ministry of Environment - Luxor City Sustainability Report
South Upper Egypt Region,Luxor,Lower Middle Income,2024-08,3200,52.5,5.5,11.3,5.1,8.9,16.7,18.3,1363285,20449,418844,57455,1226,5683,1525,248800,37.1,26.8,13.1,1.4,Ministry of Environment - Luxor City Sustainability Report
South Upper Egypt Region,Luxor,Lower Middle Income,2024-09,3200,53.9,8.8,15.6,7.5,0.5,13.8,17.5,1365194,20478,418844,57455,1226,5683,1525,249148,41.8,35.9,13.7,1.3,Ministry of Environment - Luxor City Sustainability Report
South Upper Egypt Region,Luxor,Lower Middle Income,2024-10,3200,54.6,11.1,12.7,7.2,2.2,12.3,18.4,1367105,20507,429712,60749,1232,5526,1623,249497,46.9,40.8,13.8,2.5,Ministry of Environment - Luxor City Sustainability Report
South Upper Egypt Region,Luxor,Lower Middle Income,2024-11,3200,56,15.2,9.2,0.5,3.9,15.3,18,1369019,20535,429712,60749,1232,5526,1623,249846,40,34.3,10.7,2,Ministry of Environment - Luxor City Sustainability Report
South Upper Egypt Region,Luxor,Lower Middle Income,2024-12,3200,53.3,16.7,9.9,3.7,0.6,15.9,18.3,1370936,20564,429712,60749,1232,5526,1623,250196,41.1,35.3,12.4,1.5,Ministry of Environment - Luxor City Sustainability Report
South Upper Egypt Region,Luxor,Lower Middle Income,2025-01,3350,57.2,10.6,12.8,0.8,5.6,13,18.7,1372855,20593,434551,56424,1288,5747,1564,250546,43.9,38,12.2,2.3,Ministry of Environment - Luxor City Sustainability Report
South Upper Egypt Region,Luxor,Lower Middle Income,2025-02,3350,57.5,13.2,12.6,0.5,0.5,15.7,18.1,1374777,20622,434551,56424,1288,5747,1564,250897,40.6,34.8,11.7,2.3,Ministry of Environment - Luxor City Sustainability Report
South Upper Egypt Region,Luxor,Lower Middle Income,2025-03,3350,59.6,11.8,10.6,0.6,0.5,16.8,18.9,1376702,24368,434551,56424,1288,5747,1564,251248,38.5,32.8,11.7,1.4,Ministry of Environment - Luxor City Sustainability Report
South Upper Egypt Region,Luxor,Lower Middle Income,2025-04,3350,64.4,9.8,8.3,1.3,0.5,15.7,18.9,1378629,20679,408241,55988,1262,5749,1582,251600,35.4,29.9,12.7,2.4,Ministry of Environment - Luxor City Sustainability Report
South Upper Egypt Region,Luxor,Lower Middle Income,2025-05,3350,57.2,16.3,6.2,0.5,3.1,16.7,19.1,1380559,20708,408241,55988,1262,5749,1582,251952,38.4,32.7,12.9,2.7,Ministry of Environment - Luxor City Sustainability Report
South Upper Egypt Region,Luxor,Lower Middle Income,2025-06,3350,52.2,13,13.2,0.8,2,18.8,19.2,1382492,20737,408241,55988,1262,5749,1582,252305,39.7,33.9,11.5,2.6,Ministry of Environment - Luxor City Sustainability Report
South Upper Egypt Region,Luxor,Lower Middle Income,2025-07,3350,64.4,9.3,8.3,0.6,5.2,12.2,20.2,1384427,20766,449045,59863,1271,6062,1506,252658,37,31.4,13.5,2.6,Ministry of Environment - Luxor City Sustainability Report
South Upper Egypt Region,Luxor,Lower Middle Income,2025-08,3350,61,10.8,1.6,5.6,3.9,17.1,19,1386366,20795,449045,59863,1271,6062,1506,253012,35.6,30.1,14,1.4,Ministry of Environment - Luxor City Sustainability Report
South Upper Egypt Region,Luxor,Lower Middle Income,2025-09,3350,51.6,9.6,11,9.7,2.9,15.1,19.3,1388306,20825,449045,59863,1271,6062,1506,253366,35.7,30.2,10.9,1.3,Ministry of Environment - Luxor City Sustainability Report
South Upper Egypt Region,Luxor,Lower Middle Income,2025-10,3350,53.6,6.7,13.7,7.5,5.5,13,19.4,1390250,20854,432617,58505,1251,6020,1597,253721,42,36.2,10.9,1.6,Ministry of Environment - Luxor City Sustainability Report
South Upper Egypt Region,Luxor,Lower Middle Income,2025-11,3350,52.6,14.7,14.8,7.2,2.8,7.9,19.5,1392196,20883,432617,58505,1251,6020,1597,254076,45.7,39.7,10.6,1.6,Ministry of Environment - Luxor City Sustainability Report
South Upper Egypt Region,Luxor,Lower Middle Income,2025-12,3350,48.2,11.8,10.8,8,2.3,18.9,19.6,1394146,20912,432617,58505,1251,6020,1597,254432,43,37.1,12.8,1.9,Ministry of Environment - Luxor City Sustainability Report
Alexandria Region,Matrouh,Lower Middle Income,2021-01,3690,60,18,8.6,0.6,2.7,10,12.6,503967,7560,158143,22305,139,639,170,91974,41.4,35.5,10.2,1.4,Waste Management Regulatory Authority - Frontier Governorates Report
Alexandria Region,Matrouh,Lower Middle Income,2021-02,3690,52.7,12.6,13.8,0.5,6.6,13.8,11.9,504673,7570,158143,22305,139,639,170,92103,49.8,43.5,12.3,1.6,Waste Management Regulatory Authority - Frontier Governorates Report
Alexandria Region,Matrouh,Lower Middle Income,2021-03,3690,64.8,12.2,4.9,0.5,0.5,17.1,12,505379,7581,158143,22305,139,639,170,92232,42.4,36.5,13.2,1.6,Waste Management Regulatory Authority - Frontier Governorates Report
Alexandria Region,Matrouh,Lower Middle Income,2021-04,3690,60.7,9.5,11.1,0.4,3.3,15,12.6,506087,8957,158097,21099,140,631,177,92361,43.2,37.3,11.4,1.3,Waste Management Regulatory Authority - Frontier Governorates Report
Alexandria Region,Matrouh,Lower Middle Income,2021-05,3690,50.6,12.2,12.8,0.5,8.3,15.6,12.3,506795,7602,158097,21099,140,631,177,92490,48.1,41.9,12.8,2.7,Waste Management Regulatory Authority - Frontier Governorates Report
Alexandria Region,Matrouh,Lower Middle Income,2021-06,3690,61.1,11.9,3.2,6.4,2.9,14.6,13,507505,9516,158097,21099,140,631,177,92620,36.6,26.4,10.4,2.4,Waste Management Regulatory Authority - Frontier Governorates Report
Alexandria Region,Matrouh,Lower Middle Income,2021-07,3690,53.5,14.3,15.6,4.3,0.4,11.8,12.9,508215,9529,154841,20652,139,673,171,92749,46.3,40.2,11.3,1.4,Waste Management Regulatory Authority - Frontier Governorates Report
Alexandria Region,Matrouh,Lower Middle Income,2021-08,3690,54.9,16.2,3.8,3.7,9,12.3,12.3,508927,9542,154841,20652,139,673,171,92879,36.7,31.1,12.8,2.1,Waste Management Regulatory Authority - Frontier Governorates Report
Alexandria Region,Matrouh,Lower Middle Income,2021-09,3690,57.5,14.3,13.3,0.6,0.5,13.7,13.7,509639,7645,154841,20652,139,673,171,93009,40.5,34.7,10.9,1.6,Waste Management Regulatory Authority - Frontier Governorates Report
Alexandria Region,Matrouh,Lower Middle Income,2021-10,3690,47.8,11.3,10.4,10.5,4.3,15.7,13.9,510353,7655,152270,22482,136,621,178,93139,49.9,43.7,10.6,2.1,Waste Management Regulatory Authority - Frontier Governorates Report
Alexandria Region,Matrouh,Lower Middle Income,2021-11,3690,53.2,8,8.3,12.1,2.4,16,13.1,511067,7666,152270,22482,136,621,178,93270,37.8,32.1,12.4,1.8,Waste Management Regulatory Authority - Frontier Governorates Report
Alexandria Region,Matrouh,Lower Middle Income,2021-12,3690,60.9,7.2,11.4,4.9,4.4,11.2,13.3,511783,7677,152270,22482,136,621,178,93400,48.4,42.2,13.4,1.4,Waste Management Regulatory Authority - Frontier Governorates Report
Alexandria Region,Matrouh,Lower Middle Income,2022-01,4295,46.6,10.1,8.6,7.9,9.3,17.5,13.7,512499,7687,154976,21715,141,684,171,93531,45.6,39.5,11.1,1.7,Waste Management Regulatory Authority - Frontier Governorates Report
Alexandria Region,Matrouh,Lower Middle Income,2022-02,4295,60.2,9.2,8.4,5,0.5,16.7,13.8,513217,7698,154976,21715,141,684,171,93662,42.3,36.5,10.6,2.2,Waste Management Regulatory Authority - Frontier Governorates Report
Alexandria Region,Matrouh,Lower Middle Income,2022-03,4295,55.1,14.4,13.2,0.5,6.4,10.4,14.2,513935,7709,154976,21715,141,684,171,93793,36.2,30.6,10.3,2,Waste Management Regulatory Authority - Frontier Governorates Report
Alexandria Region,Matrouh,Lower Middle Income,2022-04,4295,52.1,13.5,13,5.3,2.6,13.4,14.8,514655,9110,166021,22141,143,648,169,93925,48.3,42.1,11.1,1.7,Waste Management Regulatory Authority - Frontier Governorates Report
Alexandria Region,Matrouh,Lower Middle Income,2022-05,4295,61.8,9.4,5.6,4.2,3.6,15.3,14,515375,7731,166021,22141,143,648,169,94056,44,38,10.7,2.2,Waste Management Regulatory Authority - Frontier Governorates Report
Alexandria Region,Matrouh,Lower Middle Income,2022-06,4295,52.8,10.9,10.9,3.1,9.3,13.1,14,516097,9676,166021,22141,143,648,169,94188,45.3,39.3,11.6,2.1,Waste Management Regulatory Authority - Frontier Governorates Report
Alexandria Region,Matrouh,Lower Middle Income,2022-07,4295,65.4,14.3,9.1,0.5,0.5,10.1,13.8,516819,9690,166560,22667,132,653,180,94319,36,30.5,11.3,2.6,Waste Management Regulatory Authority - Frontier Governorates Report
Alexandria Region,Matrouh,Lower Middle Income,2022-08,4295,51.6,14.4,7.9,4.7,7.8,13.6,14.2,517543,9704,166560,22667,132,653,180,94452,36.7,31.1,11.8,1.4,Waste Management Regulatory Authority - Frontier Governorates Report
Alexandria Region,Matrouh,Lower Middle Income,2022-09,4295,67.1,8.8,9.8,1.9,7.1,5.3,14.7,518268,7774,166560,22667,132,653,180,94584,41.7,35.9,12.9,2.2,Waste Management Regulatory Authority - Frontier Governorates Report
Alexandria Region,Matrouh,Lower Middle Income,2022-10,4295,53.7,13.5,17.3,5.1,0.5,9.9,15.5,518993,7785,155509,21097,139,645,171,94716,41.8,35.9,11.6,2.4,Waste Management Regulatory Authority - Frontier Governorates Report
Alexandria Region,Matrouh,Lower Middle Income,2022-11,4295,54.1,9.1,5.4,8.6,6.2,16.5,14.7,519720,7796,155509,21097,139,645,171,94849,45.4,33.4,13.6,1.7,Waste Management Regulatory Authority - Frontier Governorates Report
Alexandria Region,Matrouh,Lower Middle Income,2022-12,4295,52.5,6.8,10.5,5.4,4.6,20.1,15.2,520447,7807,155509,21097,139,645,171,94982,42.8,36.9,12.9,1.9,Waste Management Regulatory Authority - Frontier Governorates Report
Alexandria Region,Matrouh,Lower Middle Income,2023-01,3700,54.2,18.2,6.2,8.2,1.3,11.8,15.2,521176,7818,164221,22008,144,692,183,95115,44,38,11.8,2.3,Waste Management Regulatory Authority - Frontier Governorates Report
Alexandria Region,Matrouh,Lower Middle Income,2023-02,3700,56.8,7.6,10.7,1,6.4,17.5,15.8,521906,7829,164221,22008,144,692,183,95248,42.7,36.8,13.9,2.3,Waste Management Regulatory Authority - Frontier Governorates Report
Alexandria Region,Matrouh,Lower Middle Income,2023-03,3700,60.7,12.8,10.5,8.5,0.4,7.1,16.5,522636,9251,164221,22008,144,692,183,95381,36,30.4,10.6,2.7,Waste Management Regulatory Authority - Frontier Governorates Report
Alexandria Region,Matrouh,Lower Middle Income,2023-04,3700,47.7,6,16.5,8.1,9.7,12,15.4,523368,7851,163274,21952,136,684,173,95515,40.5,34.7,11.4,1.4,Waste Management Regulatory Authority - Frontier Governorates Report
Alexandria Region,Matrouh,Lower Middle Income,2023-05,3700,61.4,11.8,14.3,0.5,0.5,11.4,15.5,524101,7862,163274,21952,136,684,173,95648,39.5,33.8,12,2.1,Waste Management Regulatory Authority - Frontier Governorates Report
Alexandria Region,Matrouh,Lower Middle Income,2023-06,3700,44.6,16.7,15.3,0.4,7.2,15.8,16.3,524834,9841,163274,21952,136,684,173,95782,45.2,39.2,10.5,2.2,Waste Management Regulatory Authority - Frontier Governorates Report
Alexandria Region,Matrouh,Lower Middle Income,2023-07,3700,55.3,12.6,8.5,7.9,0.6,15.1,16.3,525569,9855,161806,22164,138,695,179,95916,41,35.2,13.1,2.5,Waste Management Regulatory Authority - Frontier Governorates Report
Alexandria Region,Matrouh,Lower Middle Income,2023-08,3700,51.6,14.4,8.9,1.7,2,21.3,16.8,526305,9869,161806,22164,138,695,179,96051,38.8,33.1,10.2,2.5,Waste Management Regulatory Authority - Frontier Governorates Report
Alexandria Region,Matrouh,Lower Middle Income,2023-09,3700,53.3,8.5,12.1,3.3,0.5,22.4,16.5,527042,7906,161806,22164,138,695,179,96185,44,32.3,13.4,2,Waste Management Regulatory Authority - Frontier Governorates Report
Alexandria Region,Matrouh,Lower Middle Income,2023-10,3700,52.7,11.1,10.3,10.7,0.5,14.6,16.3,527780,7917,162368,21388,138,661,182,96320,35.3,29.8,13.1,1.8,Waste Management Regulatory Authority - Frontier Governorates Report
Alexandria Region,Matrouh,Lower Middle Income,2023-11,3700,59.9,12.6,4.6,1.4,3.5,18,16.7,528519,7928,162368,21388,138,661,182,96455,36.8,31.2,12.4,2,Waste Management Regulatory Authority - Frontier Governorates Report
Alexandria Region,Matrouh,Lower Middle Income,2023-12,3700,56.6,16.7,4.3,0.5,1.3,20.5,17.1,529259,7939,162368,21388,138,661,182,96590,41.5,35.6,11.3,2.4,Waste Management Regulatory Authority - Frontier Governorates Report
Alexandria Region,Matrouh,Lower Middle Income,2024-01,3200,52.4,13.3,10.3,7.9,0.5,15.6,17.1,530000,7950,165441,21573,147,681,173,96725,37,31.4,13.5,2.1,Waste Management Regulatory Authority - Frontier Governorates Report
Alexandria Region,Matrouh,Lower Middle Income,2024-02,3200,52.5,20.7,6.8,0.5,5.2,14.4,17.1,530742,7961,165441,21573,147,681,173,96860,47.2,41.1,13.9,2.5,Waste Management Regulatory Authority - Frontier Governorates Report
Alexandria Region,Matrouh,Lower Middle Income,2024-03,3200,53.4,11.6,4.6,8.7,5.5,16.2,17.5,531485,9407,165441,21573,147,681,173,96996,48.9,42.7,10.1,2.3,Waste Management Regulatory Authority - Frontier Governorates Report
Alexandria Region,Matrouh,Lower Middle Income,2024-04,3200,49,13.4,9.8,7.6,7,13.3,17.7,532229,7983,162922,21727,137,663,174,97132,47.9,41.8,12.6,1.6,Waste Management Regulatory Authority - Frontier Governorates Report
Alexandria Region,Matrouh,Lower Middle Income,2024-05,3200,51.9,20.8,12.7,1.7,4.6,8.3,17.9,532974,7995,162922,21727,137,663,174,97268,42.8,31.4,12.1,1.9,Waste Management Regulatory Authority - Frontier Governorates Report
Alexandria Region,Matrouh,Lower Middle Income,2024-06,3200,58.3,7,8.8,4.9,6.9,14,17.8,533720,10008,162922,21727,137,663,174,97404,35.9,30.4,11.8,2.1,Waste Management Regulatory Authority - Frontier Governorates Report
Alexandria Region,Matrouh,Lower Middle Income,2024-07,3200,61.5,13.6,10.2,4.7,2.6,7.5,17.5,534467,10021,166070,23201,150,690,180,97540,43,37.1,11.3,2.3,Waste Management Regulatory Authority - Frontier Governorates Report
Alexandria Region,Matrouh,Lower Middle Income,2024-08,3200,57.8,15.3,9.8,3.7,1.9,11.6,17.8,535215,10035,166070,23201,150,690,180,97677,38.4,32.7,10.2,1.8,Waste Management Regulatory Authority - Frontier Governorates Report
Alexandria Region,Matrouh,Lower Middle Income,2024-09,3200,58,12.6,10.8,5.7,2.4,10.5,18.4,535965,8039,166070,23201,150,690,180,97814,48.5,42.3,13.7,2.4,Waste Management Regulatory Authority - Frontier Governorates Report
Alexandria Region,Matrouh,Lower Middle Income,2024-10,3200,49.7,22.9,5.3,2,5,15.2,17.7,536715,8051,172609,22637,142,695,182,97950,48.6,42.4,12.1,2.2,Waste Management Regulatory Authority - Frontier Governorates Report
Alexandria Region,Matrouh,Lower Middle Income,2024-11,3200,57.3,11.1,10.9,4.1,1.8,14.8,18.2,537466,8062,172609,22637,142,695,182,98088,36,30.5,12.8,2.6,Waste Management Regulatory Authority - Frontier Governorates Report
Alexandria Region,Matrouh,Lower Middle Income,2024-12,3200,51,10.7,8.3,7.1,5.8,17.1,18.1,538219,8073,172609,22637,142,695,182,98225,42.7,36.9,10.4,1.7,Waste Management Regulatory Authority - Frontier Governorates Report
Alexandria Region,Matrouh,Lower Middle Income,2025-01,3350,48.4,16.7,12.3,0.5,4.1,18,18.4,538972,8085,165827,21824,149,705,187,98362,43.5,37.6,13.6,2.3,Waste Management Regulatory Authority - Frontier Governorates Report
Alexandria Region,Matrouh,Lower Middle Income,2025-02,3350,53.2,14.9,13.7,0.5,2.4,15.3,19,539727,8096,165827,21824,149,705,187,98500,48.1,41.9,11.4,2.3,Waste Management Regulatory Authority - Frontier Governorates Report
Alexandria Region,Matrouh,Lower Middle Income,2025-03,3350,58.5,9.4,9.4,7,5.4,10.3,18.8,540483,9566,165827,21824,149,705,187,98638,47.4,41.3,12.9,2.1,Waste Management Regulatory Authority - Frontier Governorates Report
Alexandria Region,Matrouh,Lower Middle Income,2025-04,3350,59.3,9.8,3.6,2.7,7.7,17,18.8,541239,8119,166409,22959,138,660,185,98776,35.5,25.5,11.8,1.6,Waste Management Regulatory Authority - Frontier Governorates Report
Alexandria Region,Matrouh,Lower Middle Income,2025-05,3350,60,12.1,9.2,4.6,0.5,13.5,18.4,541997,8130,166409,22959,138,660,185,98914,48.7,42.5,13.9,2.1,Waste Management Regulatory Authority - Frontier Governorates Report
Alexandria Region,Matrouh,Lower Middle Income,2025-06,3350,60.9,8.2,7.4,6.1,3.3,14.1,19.4,542756,10176,166409,22959,138,660,185,99053,39.8,34.1,12.7,2.1,Waste Management Regulatory Authority - Frontier Governorates Report
Alexandria Region,Matrouh,Lower Middle Income,2025-07,3350,53,19.6,6.6,5.2,1,14.7,19.5,543516,10191,175013,22198,148,686,184,99192,49.2,43,11.6,1.3,Waste Management Regulatory Authority - Frontier Governorates Report
Alexandria Region,Matrouh,Lower Middle Income,2025-08,3350,53.7,7.1,9.2,8.2,9.3,12.5,20.2,544277,10205,175013,22198,148,686,184,99331,46.1,40.1,10.7,2.7,Waste Management Regulatory Authority - Frontier Governorates Report
Alexandria Region,Matrouh,Lower Middle Income,2025-09,3350,49.9,19.4,12.9,1.3,0.6,15.9,19.4,545039,8176,175013,22198,148,686,184,99470,36,30.4,10.1,1.5,Waste Management Regulatory Authority - Frontier Governorates Report
Alexandria Region,Matrouh,Lower Middle Income,2025-10,3350,52.1,17.5,11.3,5.9,1.9,11.4,19.7,545802,8187,173527,23056,139,663,180,99609,41.3,35.4,10.5,2.3,Waste Management Regulatory Authority - Frontier Governorates Report
Alexandria Region,Matrouh,Lower Middle Income,2025-11,3350,62.1,12.2,8.2,3.7,3.8,10,19.8,546566,8198,173527,23056,139,663,180,99748,39.1,28.4,12.1,1.4,Waste Management Regulatory Authority - Frontier Governorates Report
Alexandria Region,Matrouh,Lower Middle Income,2025-12,3350,63.3,12.4,15.9,0.7,0.6,7.1,20.5,547331,8210,173527,23056,139,663,180,99888,38.3,27.7,11.6,2.6,Waste Management Regulatory Authority - Frontier Governorates Report
North Upper Egypt Region,Minya,Lower Middle Income,2021-01,3690,48.1,17.7,9.7,5.7,5.1,13.7,12.1,5895471,88432,1773511,250722,5056,26177,6479,1075923,44.5,38.5,12.4,2.6,Ministry of Environment - North Upper Egypt Report
North Upper Egypt Region,Minya,Lower Middle Income,2021-02,3690,50.7,15.6,9.6,8.8,4.9,10.4,12.3,5903725,88556,1773511,250722,5056,26177,6479,1077430,38,32.3,11.9,1.6,Ministry of Environment - North Upper Egypt Report
North Upper Egypt Region,Minya,Lower Middle Income,2021-03,3690,55.6,10.3,15.2,2.5,0.5,15.9,12.4,5911990,88680,1773511,250722,5056,26177,6479,1078938,50,43.7,10.2,1.9,Ministry of Environment - North Upper Egypt Report
North Upper Egypt Region,Minya,Lower Middle Income,2021-04,3690,55.1,12.5,15.5,6.8,2.8,7.4,12.2,5920267,104789,1834630,254620,5260,25007,6960,1080449,48.1,41.9,11.4,2.4,Ministry of Environment - North Upper Egypt Report
North Upper Egypt Region,Minya,Lower Middle Income,2021-05,3690,51.4,15,5.1,12,3,13.5,12.6,5928555,88928,1834630,254620,5260,25007,6960,1081961,47.8,41.6,11.5,2.4,Ministry of Environment - North Upper Egypt Report
North Upper Egypt Region,Minya,Lower Middle Income,2021-06,3690,47.3,13.4,4.7,11.3,7.4,15.9,13.1,5936855,89053,1834630,254620,5260,25007,6960,1083476,41.5,35.7,12.9,2.2,Ministry of Environment - North Upper Egypt Report
North Upper Egypt Region,Minya,Lower Middle Income,2021-07,3690,51.9,14,15.3,6.3,0.5,11.9,12.4,5945167,89178,1799087,255513,5293,24184,6792,1084993,40.5,34.8,11.7,2.2,Ministry of Environment - North Upper Egypt Report
North Upper Egypt Region,Minya,Lower Middle Income,2021-08,3690,56.7,11,16.8,0.5,5.8,9.2,13,5953490,89302,1799087,255513,5293,24184,6792,1086512,44.3,38.3,11.8,2.1,Ministry of Environment - North Upper Egypt Report
North Upper Egypt Region,Minya,Lower Middle Income,2021-09,3690,59,5.7,8.9,11.5,4.5,10.4,12.8,5961825,89427,1799087,255513,5293,24184,6792,1088033,39.9,34.1,13.4,1.3,Ministry of Environment - North Upper Egypt Report
North Upper Egypt Region,Minya,Lower Middle Income,2021-10,3690,48.8,14.6,8.4,9.9,5,13.3,13.7,5970171,89553,1917965,247255,5250,25158,6886,1089556,36.9,31.3,12.1,1.3,Ministry of Environment - North Upper Egypt Report
North Upper Egypt Region,Minya,Lower Middle Income,2021-11,3690,52.5,15.5,10.7,6.2,0.5,14.6,12.7,5978530,89678,1917965,247255,5250,25158,6886,1091082,44.8,33,11.4,1.4,Ministry of Environment - North Upper Egypt Report
North Upper Egypt Region,Minya,Lower Middle Income,2021-12,3690,58.2,5.2,15.5,0.6,3.7,16.8,13.3,5986900,89804,1917965,247255,5250,25158,6886,1092609,37.4,31.7,10.1,2.6,Ministry of Environment - North Upper Egypt Report
North Upper Egypt Region,Minya,Lower Middle Income,2022-01,4295,50.7,10.5,9.9,5.3,5.2,18.5,13.8,5995281,89929,1829315,245883,5206,24541,6855,1094139,35.1,29.6,13.6,1.6,Ministry of Environment - North Upper Egypt Report
North Upper Egypt Region,Minya,Lower Middle Income,2022-02,4295,56.1,13.2,6.3,5.9,5.4,13.1,14.3,6003675,90055,1829315,245883,5206,24541,6855,1095671,45.6,39.5,11.1,2.2,Ministry of Environment - North Upper Egypt Report
North Upper Egypt Region,Minya,Lower Middle Income,2022-03,4295,52.2,10.6,11.4,6.9,6,13,13.9,6012080,90181,1829315,245883,5206,24541,6855,1097205,42.6,36.7,10.8,2.3,Ministry of Environment - North Upper Egypt Report
North Upper Egypt Region,Minya,Lower Middle Income,2022-04,4295,51.9,9.4,10.8,12.3,1.5,14.2,13.8,6020497,106562,1939505,255565,5562,26319,6748,1098741,39,33.3,10.5,1.6,Ministry of Environment - North Upper Egypt Report
North Upper Egypt Region,Minya,Lower Middle Income,2022-05,4295,63.8,10.9,8.7,0.6,10,5.9,14.9,6028925,90434,1939505,255565,5562,26319,6748,1100279,44.7,38.7,10,2.3,Ministry of Environment - North Upper Egypt Report
North Upper Egypt Region,Minya,Lower Middle Income,2022-06,4295,58.8,8.9,7,10.3,4.1,11,13.7,6037366,90560,1939505,255565,5562,26319,6748,1101819,47.5,41.3,10.5,1.6,Ministry of Environment - North Upper Egypt Report
North Upper Egypt Region,Minya,Lower Middle Income,2022-07,4295,57,10.1,10.2,4.9,11.1,6.6,13.5,6045818,90687,1935760,247751,5359,26633,6884,1103362,49.8,43.5,12.5,1.5,Ministry of Environment - North Upper Egypt Report
North Upper Egypt Region,Minya,Lower Middle Income,2022-08,4295,51.9,10.9,12.8,5,5.2,14.3,14.7,6054282,90814,1935760,247751,5359,26633,6884,1104906,49.9,37.1,10,2.1,Ministry of Environment - North Upper Egypt Report
North Upper Egypt Region,Minya,Lower Middle Income,2022-09,4295,45.5,15.5,11.6,6.7,7.1,13.5,14.5,6062758,90941,1935760,247751,5359,26633,6884,1106453,49.4,43.2,11.4,1.6,Ministry of Environment - North Upper Egypt Report
North Upper Egypt Region,Minya,Lower Middle Income,2022-10,4295,59.3,13.9,8.8,3.8,2.8,11.3,14.4,6071246,91069,1921818,247013,5304,25047,6790,1108002,36.3,30.7,13.4,1.8,Ministry of Environment - North Upper Egypt Report
North Upper Egypt Region,Minya,Lower Middle Income,2022-11,4295,53.4,12.1,8.9,4.6,12.9,8.1,15.2,6079746,91196,1921818,247013,5304,25047,6790,1109554,49.1,42.9,13,2.4,Ministry of Environment - North Upper Egypt Report
North Upper Egypt Region,Minya,Lower Middle Income,2022-12,4295,60.5,8.6,10.3,5.7,1.2,13.6,15.2,6088258,91324,1921818,247013,5304,25047,6790,1111107,41.6,35.8,12.7,2.7,Ministry of Environment - North Upper Egypt Report
North Upper Egypt Region,Minya,Lower Middle Income,2023-01,3700,51.2,9.9,10.2,7.7,5.1,15.8,15,6096781,91452,1834266,266511,5660,25262,6960,1112663,40.7,35,11.1,2,Ministry of Environment - North Upper Egypt Report
North Upper Egypt Region,Minya,Lower Middle Income,2023-02,3700,61.4,14.5,9.7,1,1.4,12,14.8,6105317,91580,1834266,266511,5660,25262,6960,1114220,39.7,34,10.8,2,Ministry of Environment - North Upper Egypt Report
North Upper Egypt Region,Minya,Lower Middle Income,2023-03,3700,57.1,12.6,11.2,0.4,7.7,10.9,15.8,6113864,108215,1834266,266511,5660,25262,6960,1115780,49.5,43.3,11.2,1.9,Ministry of Environment - North Upper Egypt Report
North Upper Egypt Region,Minya,Lower Middle Income,2023-04,3700,51.6,11.3,19.8,2.4,1.7,13.2,15.9,6122424,91836,1872496,265112,5636,26051,6644,1117342,38.3,32.6,12.4,2.2,Ministry of Environment - North Upper Egypt Report
North Upper Egypt Region,Minya,Lower Middle Income,2023-05,3700,56.2,10.2,10.6,8.6,4.4,9.9,15.7,6130995,91965,1872496,265112,5636,26051,6644,1118907,49.9,43.6,13.7,2.6,Ministry of Environment - North Upper Egypt Report
North Upper Egypt Region,Minya,Lower Middle Income,2023-06,3700,54.1,10.6,10,9.2,2.5,13.6,16.6,6139578,92094,1872496,265112,5636,26051,6644,1120473,47.3,35,11.8,2.1,Ministry of Environment - North Upper Egypt Report
North Upper Egypt Region,Minya,Lower Middle Income,2023-07,3700,54.8,14.4,10.7,10.5,4.3,5.3,15.6,6148174,92223,1947267,253178,5360,27257,6726,1122042,35.9,30.4,12.9,2.1,Ministry of Environment - North Upper Egypt Report
North Upper Egypt Region,Minya,Lower Middle Income,2023-08,3700,64.6,7,12.9,0.5,1.3,13.6,15.5,6156781,92352,1947267,253178,5360,27257,6726,1123613,40.8,35,12.2,1.3,Ministry of Environment - North Upper Egypt Report
North Upper Egypt Region,Minya,Lower Middle Income,2023-09,3700,55.9,12.1,14.9,1.1,5.5,10.6,16,6165401,92481,1947267,253178,5360,27257,6726,1125186,41.8,35.9,12.8,2,Ministry of Environment - North Upper Egypt Report
North Upper Egypt Region,Minya,Lower Middle Income,2023-10,3700,55.6,14.3,6,0.5,5,18.6,16.4,6174032,92610,1999671,261353,5459,25191,6683,1126761,47,40.9,13.7,1.4,Ministry of Environment - North Upper Egypt Report
North Upper Egypt Region,Minya,Lower Middle Income,2023-11,3700,62.2,12.5,11.7,4.7,4.4,4.5,16.6,6182676,92740,1999671,261353,5459,25191,6683,1128338,40.1,34.4,13.1,1.6,Ministry of Environment - North Upper Egypt Report
North Upper Egypt Region,Minya,Lower Middle Income,2023-12,3700,53.1,9.8,10.9,5.1,5.8,15.3,16.6,6191332,92870,1999671,261353,5459,25191,6683,1129918,47.7,41.6,12.2,2.2,Ministry of Environment - North Upper Egypt Report
North Upper Egypt Region,Minya,Lower Middle Income,2024-01,3200,50.2,18.5,15,0.5,4.2,11.5,16.9,6200000,93000,1952746,255864,5658,25192,6822,1131500,47.8,41.7,10.7,1.8,Ministry of Environment - North Upper Egypt Report
North Upper Egypt Region,Minya,Lower Middle Income,2024-02,3200,48.7,14.8,16,6,3.7,10.8,16.4,6208680,93130,1952746,255864,5658,25192,6822,1133084,35.5,29.9,13.8,1.8,Ministry of Environment - North Upper Egypt Report
North Upper Egypt Region,Minya,Lower Middle Income,2024-03,3200,58.3,16.9,9.1,0.5,0.5,14.8,17.7,6217372,110048,1952746,255864,5658,25192,6822,1134670,40.2,34.4,13.7,1.7,Ministry of Environment - North Upper Egypt Report
North Upper Egypt Region,Minya,Lower Middle Income,2024-04,3200,57,10.3,14.2,2.3,2.4,13.8,17.2,6226076,93391,1912591,265178,5498,26757,6841,1136259,35.1,29.6,10.6,1.9,Ministry of Environment - North Upper Egypt Report
North Upper Egypt Region,Minya,Lower Middle Income,2024-05,3200,52.8,13.6,14.2,0.5,4.8,14.1,17.7,6234792,93522,1912591,265178,5498,26757,6841,1137850,42.8,36.9,13.2,1.8,Ministry of Environment - North Upper Egypt Report
North Upper Egypt Region,Minya,Lower Middle Income,2024-06,3200,52.9,15.4,9.5,5.6,5.4,11.2,17.6,6243521,93653,1912591,265178,5498,26757,6841,1139443,47.8,41.7,11,1.3,Ministry of Environment - North Upper Egypt Report
North Upper Egypt Region,Minya,Lower Middle Income,2024-07,3200,56.9,11.9,9.4,2.6,5,14.2,17.8,6252262,93784,1981495,273421,5623,26736,7006,1141038,47.3,35,12.8,1.9,Ministry of Environment - North Upper Egypt Report
North Upper Egypt Region,Minya,Lower Middle Income,2024-08,3200,59.8,13.3,3.7,4.3,3.3,15.6,17.9,6261015,93915,1981495,273421,5623,26736,7006,1142635,44.8,38.8,11.3,1.8,Ministry of Environment - North Upper Egypt Report
North Upper Egypt Region,Minya,Lower Middle Income,2024-09,3200,57.2,8.7,13.4,3.1,4,13.6,18.1,6269781,94047,1981495,273421,5623,26736,7006,1144235,38.2,32.5,11.4,2.4,Ministry of Environment - North Upper Egypt Report
North Upper Egypt Region,Minya,Lower Middle Income,2024-10,3200,59.3,11.8,6.6,6.1,0.6,15.5,18.3,6278558,94178,1994744,276023,5757,25619,7055,1145837,40.6,34.8,10.1,2.6,Ministry of Environment - North Upper Egypt Report
North Upper Egypt Region,Minya,Lower Middle Income,2024-11,3200,55.1,10,5.1,13.2,0.8,15.9,18.6,6287348,94310,1994744,276023,5757,25619,7055,1147441,44.9,38.9,10.4,1.8,Ministry of Environment - North Upper Egypt Report
North Upper Egypt Region,Minya,Lower Middle Income,2024-12,3200,57.7,14.8,7.9,3.5,0.5,15.7,18.4,6296151,94442,1994744,276023,5757,25619,7055,1149048,46.1,40,13.9,2.7,Ministry of Environment - North Upper Egypt Report
North Upper Egypt Region,Minya,Lower Middle Income,2025-01,3350,60,11.5,5.9,0.5,7,15.1,18.7,6304965,94574,1916579,262532,5691,27095,6802,1150656,42.1,36.3,12.1,1.6,Ministry of Environment - North Upper Egypt Report
North Upper Egypt Region,Minya,Lower Middle Income,2025-02,3350,57.3,9.7,4.2,8,3.1,17.8,18.5,6313792,94707,1916579,262532,5691,27095,6802,1152267,43.6,37.7,12.7,1.5,Ministry of Environment - North Upper Egypt Report
North Upper Egypt Region,Minya,Lower Middle Income,2025-03,3350,54.5,10.7,11.5,6.1,5.6,11.5,19.3,6322632,111910,1916579,262532,5691,27095,6802,1153880,46,39.9,11,2.3,Ministry of Environment - North Upper Egypt Report
North Upper Egypt Region,Minya,Lower Middle Income,2025-04,3350,54.5,16.3,9.1,1.6,7.8,10.6,18.5,6331483,94972,2033670,279940,5468,25926,6971,1155496,42.3,36.4,13,2.3,Ministry of Environment - North Upper Egypt Report
North Upper Egypt Region,Minya,Lower Middle Income,2025-05,3350,66.2,14.4,2.7,9.4,0.6,6.7,19.6,6340347,95105,2033670,279940,5468,25926,6971,1157113,46.5,40.5,10.9,1.5,Ministry of Environment - North Upper Egypt Report
North Upper Egypt Region,Minya,Lower Middle Income,2025-06,3350,56.6,14.8,7.2,4.5,0.5,16.4,19.1,6349224,95238,2033670,279940,5468,25926,6971,1158733,43.9,32.3,12.2,2.3,Ministry of Environment - North Upper Egypt Report
North Upper Egypt Region,Minya,Lower Middle Income,2025-07,3350,59.9,13.3,10.6,6.3,3.1,6.8,18.6,6358113,95372,1933381,260425,5928,27257,7292,1160356,46.6,40.6,10.1,2.1,Ministry of Environment - North Upper Egypt Report
North Upper Egypt Region,Minya,Lower Middle Income,2025-08,3350,58.8,16.2,4.3,2.3,1.9,16.5,19.4,6367014,95505,1933381,260425,5928,27257,7292,1161980,47.6,41.5,13.4,1.6,Ministry of Environment - North Upper Egypt Report
North Upper Egypt Region,Minya,Lower Middle Income,2025-09,3350,59.4,13.9,3.8,3.5,1.5,17.8,19.2,6375928,95639,1933381,260425,5928,27257,7292,1163607,37.7,32.1,10.6,2.4,Ministry of Environment - North Upper Egypt Report
North Upper Egypt Region,Minya,Lower Middle Income,2025-10,3350,53.2,10.1,12.5,5.9,5.2,13.1,19.9,6384854,95773,2031000,264008,5678,26515,6959,1165236,35.6,30.1,13.8,1.7,Ministry of Environment - North Upper Egypt Report
North Upper Egypt Region,Minya,Lower Middle Income,2025-11,3350,54.8,12.7,12.1,0.5,4.6,15.3,19.4,6393793,95907,2031000,264008,5678,26515,6959,1166867,43.6,37.7,13.6,2.2,Ministry of Environment - North Upper Egypt Report
North Upper Egypt Region,Minya,Lower Middle Income,2025-12,3350,58.7,13,0.5,2.3,10.5,14.9,19.7,6402744,96041,2031000,264008,5678,26515,6959,1168501,37.1,31.5,10.1,2.5,Ministry of Environment - North Upper Egypt Report
Delta Region,Monufia,Lower Middle Income,2021-01,3690,53.1,12.6,10.9,6.3,2,15,11.8,4374059,65611,1386134,191503,3760,19063,4749,798266,44.7,38.7,11.9,1.7,Waste Management Regulatory Authority (WMRA) - Delta Sector
Delta Region,Monufia,Lower Middle Income,2021-02,3690,51.8,14.1,15.9,1.1,8,9,11.1,4380183,65703,1386134,191503,3760,19063,4749,799383,49.9,37.1,13.3,1.3,Waste Management Regulatory Authority (WMRA) - Delta Sector
Delta Region,Monufia,Lower Middle Income,2021-03,3690,55.5,15.3,7.8,4.2,6.2,10.9,11.7,4386315,65795,1386134,191503,3760,19063,4749,800502,39,33.3,13.4,2.1,Waste Management Regulatory Authority (WMRA) - Delta Sector
Delta Region,Monufia,Lower Middle Income,2021-04,3690,59,6.4,15,6.9,2.2,10.6,12.7,4392456,77747,1419372,189745,3743,18454,5148,801623,36.8,31.2,10.9,2.2,Waste Management Regulatory Authority (WMRA) - Delta Sector
Delta Region,Monufia,Lower Middle Income,2021-05,3690,48.7,11.2,8.7,8.1,9.9,13.4,12.8,4398605,65979,1419372,189745,3743,18454,5148,802745,44.7,38.7,12.3,2.6,Waste Management Regulatory Authority (WMRA) - Delta Sector
Delta Region,Monufia,Lower Middle Income,2021-06,3690,54.9,11.2,9.7,0.5,0.5,23.2,12.9,4404763,66071,1419372,189745,3743,18454,5148,803869,42.8,36.9,13.6,2.5,Waste Management Regulatory Authority (WMRA) - Delta Sector
Delta Region,Monufia,Lower Middle Income,2021-07,3690,62.2,10.6,14.4,0.5,0.5,11.7,12.4,4410930,66164,1429940,183809,3990,19616,4897,804995,41.8,35.9,10.8,1.4,Waste Management Regulatory Authority (WMRA) - Delta Sector
Delta Region,Monufia,Lower Middle Income,2021-08,3690,67.9,13,0.5,9.5,1.9,7.2,12.9,4417105,66257,1429940,183809,3990,19616,4897,806122,39.6,33.8,12,1.4,Waste Management Regulatory Authority (WMRA) - Delta Sector
Delta Region,Monufia,Lower Middle Income,2021-09,3690,51.1,13.9,10.7,10.4,0.5,13.3,13.1,4423289,66349,1429940,183809,3990,19616,4897,807250,36.4,30.8,12.9,2.5,Waste Management Regulatory Authority (WMRA) - Delta Sector
Delta Region,Monufia,Lower Middle Income,2021-10,3690,53.5,6.9,13.6,5.8,4.3,15.9,12.7,4429482,66442,1385099,183621,4042,19493,4875,808380,44,38.1,10.6,2.4,Waste Management Regulatory Authority (WMRA) - Delta Sector
Delta Region,Monufia,Lower Middle Income,2021-11,3690,49.4,8.4,9.4,8,8.8,15.9,13.9,4435683,66535,1385099,183621,4042,19493,4875,809512,49.5,43.3,11.5,2.1,Waste Management Regulatory Authority (WMRA) - Delta Sector
Delta Region,Monufia,Lower Middle Income,2021-12,3690,60.7,15.2,10.9,0.5,3.2,9.5,13.9,4441893,66628,1385099,183621,4042,19493,4875,810645,40.2,29.3,11.6,2.2,Waste Management Regulatory Authority (WMRA) - Delta Sector
Delta Region,Monufia,Lower Middle Income,2022-01,4295,54.3,19,13,0.5,2.6,10.5,13.5,4448112,66722,1453126,188533,4162,19456,5212,811780,41.4,30.3,13.8,1.5,Waste Management Regulatory Authority (WMRA) - Delta Sector
Delta Region,Monufia,Lower Middle Income,2022-02,4295,45.9,13.9,10.4,11.2,6.3,12.3,13.7,4454339,66815,1453126,188533,4162,19456,5212,812917,42.4,36.6,12.4,1.5,Waste Management Regulatory Authority (WMRA) - Delta Sector
Delta Region,Monufia,Lower Middle Income,2022-03,4295,55.7,11.5,5.1,8.7,6.7,12.4,14,4460575,66909,1453126,188533,4162,19456,5212,814055,35.2,29.6,12.8,1.3,Waste Management Regulatory Authority (WMRA) - Delta Sector
Delta Region,Monufia,Lower Middle Income,2022-04,4295,56.4,16,11.9,0.4,3.4,11.8,13.2,4466820,79062,1354690,192845,4069,19350,5242,815195,38.4,32.7,11.3,1.7,Waste Management Regulatory Authority (WMRA) - Delta Sector
Delta Region,Monufia,Lower Middle Income,2022-05,4295,53.9,15.2,13.6,0.4,0.4,16.4,14,4473074,67096,1354690,192845,4069,19350,5242,816336,42.2,36.4,10.1,2.3,Waste Management Regulatory Authority (WMRA) - Delta Sector
Delta Region,Monufia,Lower Middle Income,2022-06,4295,53.6,6.9,12.3,1.8,10.1,15.3,14,4479336,67190,1354690,192845,4069,19350,5242,817479,46.9,40.8,11,2.7,Waste Management Regulatory Authority (WMRA) - Delta Sector
Delta Region,Monufia,Lower Middle Income,2022-07,4295,55.3,11.3,16.1,5.4,1.3,10.6,14,4485607,67284,1355026,193041,3904,19690,5000,818623,36.4,30.8,10.8,2.6,Waste Management Regulatory Authority (WMRA) - Delta Sector
Delta Region,Monufia,Lower Middle Income,2022-08,4295,56.8,9.3,14.4,0.5,2.3,16.7,14.4,4491887,67378,1355026,193041,3904,19690,5000,819769,42.8,37,13.2,1.8,Waste Management Regulatory Authority (WMRA) - Delta Sector
Delta Region,Monufia,Lower Middle Income,2022-09,4295,57.3,10,12.9,0.5,2.7,16.6,15.4,4498175,67473,1355026,193041,3904,19690,5000,820917,48.7,42.5,13.2,2.6,Waste Management Regulatory Authority (WMRA) - Delta Sector
Delta Region,Monufia,Lower Middle Income,2022-10,4295,51,9.1,13.2,3.7,5.3,17.7,15.1,4504473,67567,1338921,195715,4171,19784,4897,822066,40.2,34.4,12.8,2.5,Waste Management Regulatory Authority (WMRA) - Delta Sector
Delta Region,Monufia,Lower Middle Income,2022-11,4295,55.6,16,9.8,6.7,3.5,8.4,14.7,4510779,67662,1338921,195715,4171,19784,4897,823217,41,35.2,12.4,2.5,Waste Management Regulatory Authority (WMRA) - Delta Sector
Delta Region,Monufia,Lower Middle Income,2022-12,4295,55.2,13.6,11.6,3.3,0.5,15.9,15.3,4517094,67756,1338921,195715,4171,19784,4897,824370,47,40.9,10.3,2.3,Waste Management Regulatory Authority (WMRA) - Delta Sector
Delta Region,Monufia,Lower Middle Income,2023-01,3700,48.3,18,8.6,4.9,4.8,15.4,15.8,4523418,67851,1423524,193073,3856,19233,5127,825524,41.8,36,11.8,1.5,Waste Management Regulatory Authority (WMRA) - Delta Sector
Delta Region,Monufia,Lower Middle Income,2023-02,3700,54.3,17.7,12.2,1.6,0.5,13.7,15.7,4529751,67946,1423524,193073,3856,19233,5127,826680,48.5,42.3,10.4,2.2,Waste Management Regulatory Authority (WMRA) - Delta Sector
Delta Region,Monufia,Lower Middle Income,2023-03,3700,50.1,17.4,13.9,5.1,1.8,11.7,15.5,4536093,80288,1423524,193073,3856,19233,5127,827837,41.5,35.6,10.5,1.9,Waste Management Regulatory Authority (WMRA) - Delta Sector
Delta Region,Monufia,Lower Middle Income,2023-04,3700,57.3,19.5,7.5,0.5,8.8,6.5,15.3,4542443,68137,1364560,192946,4060,19509,5046,828996,40.2,34.5,12.1,1.9,Waste Management Regulatory Authority (WMRA) - Delta Sector
Delta Region,Monufia,Lower Middle Income,2023-05,3700,55.2,12.6,4.1,9,6.8,12.3,16,4548803,68232,1364560,192946,4060,19509,5046,830157,45.3,39.3,10.2,2.7,Waste Management Regulatory Authority (WMRA) - Delta Sector
Delta Region,Monufia,Lower Middle Income,2023-06,3700,50.7,15.5,7.9,1.8,10.1,14,16.1,4555171,68328,1364560,192946,4060,19509,5046,831319,40.4,34.6,11.9,2.5,Waste Management Regulatory Authority (WMRA) - Delta Sector
Delta Region,Monufia,Lower Middle Income,2023-07,3700,51.6,16.8,10.1,1.7,3,16.7,16.4,4561548,68423,1446654,193871,4047,19130,5185,832483,38.8,33.1,12,2.5,Waste Management Regulatory Authority (WMRA) - Delta Sector
Delta Region,Monufia,Lower Middle Income,2023-08,3700,45.2,11.2,14.5,1.8,8.8,18.5,16.4,4567934,68519,1446654,193871,4047,19130,5185,833648,43.1,37.2,13,1.4,Waste Management Regulatory Authority (WMRA) - Delta Sector
Delta Region,Monufia,Lower Middle Income,2023-09,3700,48.6,9.3,7.7,12.8,9.1,12.6,16.7,4574329,68615,1446654,193871,4047,19130,5185,834815,44.1,38.1,10.2,2.4,Waste Management Regulatory Authority (WMRA) - Delta Sector
Delta Region,Monufia,Lower Middle Income,2023-10,3700,53.1,13.4,10.8,0.5,3.2,19,16.2,4580733,68711,1458357,189835,3939,18784,5017,835984,36.3,30.7,11.2,1.3,Waste Management Regulatory Authority (WMRA) - Delta Sector
Delta Region,Monufia,Lower Middle Income,2023-11,3700,47.2,15.7,15.1,1.5,9.5,11,17,4587146,68807,1458357,189835,3939,18784,5017,837154,39,33.3,13.8,2.6,Waste Management Regulatory Authority (WMRA) - Delta Sector
Delta Region,Monufia,Lower Middle Income,2023-12,3700,56,11.3,8.5,1.4,5.7,17,16.8,4593569,68904,1458357,189835,3939,18784,5017,838326,38.1,32.5,11.6,1.7,Waste Management Regulatory Authority (WMRA) - Delta Sector
Delta Region,Monufia,Lower Middle Income,2024-01,3200,53.5,7.4,11.1,5.4,2,20.6,17.6,4600000,69000,1438619,204999,4219,19968,5276,839500,45.3,39.3,11.6,2.5,Waste Management Regulatory Authority (WMRA) - Delta Sector
Delta Region,Monufia,Lower Middle Income,2024-02,3200,63.2,5.4,9,9,0.6,12.8,16.6,4606440,69097,1438619,204999,4219,19968,5276,840675,42.1,36.2,10.9,2.1,Waste Management Regulatory Authority (WMRA) - Delta Sector
Delta Region,Monufia,Lower Middle Income,2024-03,3200,58.4,12.9,10.2,6.3,1.1,11,17.8,4612889,81648,1438619,204999,4219,19968,5276,841852,40.2,34.4,12.8,1.5,Waste Management Regulatory Authority (WMRA) - Delta Sector
Delta Region,Monufia,Lower Middle Income,2024-04,3200,64.2,8.3,1.6,2.6,7.2,16.2,17.3,4619347,69290,1483463,200631,4297,19917,5133,843031,42.3,31,11.4,1.3,Waste Management Regulatory Authority (WMRA) - Delta Sector
Delta Region,Monufia,Lower Middle Income,2024-05,3200,59.3,5.1,11.1,6.7,0.5,17.3,17,4625814,69387,1483463,200631,4297,19917,5133,844211,37.4,31.8,12.7,2.5,Waste Management Regulatory Authority (WMRA) - Delta Sector
Delta Region,Monufia,Lower Middle Income,2024-06,3200,55.2,25.1,1.4,9.2,1.5,7.5,17.3,4632290,69484,1483463,200631,4297,19917,5133,845393,47.3,35,11.6,2.7,Waste Management Regulatory Authority (WMRA) - Delta Sector
Delta Region,Monufia,Lower Middle Income,2024-07,3200,48,12.6,12.7,9.7,7.7,9.3,17.5,4638775,69582,1496963,195310,4093,18734,5433,846576,44.9,38.9,13.7,2.2,Waste Management Regulatory Authority (WMRA) - Delta Sector
Delta Region,Monufia,Lower Middle Income,2024-08,3200,60.1,14.7,7.5,3.1,0.5,14.1,17.9,4645269,69679,1496963,195310,4093,18734,5433,847762,38.3,32.6,11.9,1.3,Waste Management Regulatory Authority (WMRA) - Delta Sector
Delta Region,Monufia,Lower Middle Income,2024-09,3200,51.9,8.8,11.7,6.4,2.2,19.1,18.1,4651773,69777,1496963,195310,4093,18734,5433,848949,42.9,37,10.6,1.9,Waste Management Regulatory Authority (WMRA) - Delta Sector
Delta Region,Monufia,Lower Middle Income,2024-10,3200,60.6,13.2,14,3.8,3.9,4.4,17.8,4658285,69874,1428319,200150,4334,18984,5482,850137,43,37.1,13.3,2.7,Waste Management Regulatory Authority (WMRA) - Delta Sector
Delta Region,Monufia,Lower Middle Income,2024-11,3200,70.5,7.3,6.2,0.6,0.6,14.8,18.1,4664807,69972,1428319,200150,4334,18984,5482,851327,42.4,36.5,12.9,1.7,Waste Management Regulatory Authority (WMRA) - Delta Sector
Delta Region,Monufia,Lower Middle Income,2024-12,3200,54.4,15.8,10.9,0.5,3.1,15.2,19.2,4671337,70070,1428319,200150,4334,18984,5482,852519,40.2,34.4,12.1,2,Waste Management Regulatory Authority (WMRA) - Delta Sector
Delta Region,Monufia,Lower Middle Income,2025-01,3350,55.3,13,10.8,7.1,0.5,13.3,19.1,4677877,70168,1528880,192690,4017,20556,5478,853713,38.6,32.9,10.8,2.3,Waste Management Regulatory Authority (WMRA) - Delta Sector
Delta Region,Monufia,Lower Middle Income,2025-02,3350,47.3,14.2,10.1,4.6,7.4,16.5,18.7,4684426,70266,1528880,192690,4017,20556,5478,854908,37.5,31.8,12.2,1.5,Waste Management Regulatory Authority (WMRA) - Delta Sector
Delta Region,Monufia,Lower Middle Income,2025-03,3350,57,8.2,8.2,15.1,0.5,11.1,18.7,4690985,83031,1528880,192690,4017,20556,5478,856105,36.6,31,10,2.7,Waste Management Regulatory Authority (WMRA) - Delta Sector
Delta Region,Monufia,Lower Middle Income,2025-04,3350,56.3,15,5.9,4,0.6,18.3,18.8,4697552,70463,1425669,193656,4168,19336,5215,857303,38.8,33.1,10.8,1.5,Waste Management Regulatory Authority (WMRA) - Delta Sector
Delta Region,Monufia,Lower Middle Income,2025-05,3350,59.3,11.1,9.3,3.2,3.7,13.5,19.1,4704129,70562,1425669,193656,4168,19336,5215,858504,44.7,32.9,10.9,2.5,Waste Management Regulatory Authority (WMRA) - Delta Sector
Delta Region,Monufia,Lower Middle Income,2025-06,3350,58.3,17.6,6.4,2.8,6.6,8.2,18.7,4710714,70661,1425669,193656,4168,19336,5215,859705,47.8,41.7,13.6,2,Waste Management Regulatory Authority (WMRA) - Delta Sector
Delta Region,Monufia,Lower Middle Income,2025-07,3350,55.4,15.9,13.9,1.4,0.9,12.5,19.1,4717309,70760,1413452,195465,4237,19134,5366,860909,41.8,36,13.9,2.4,Waste Management Regulatory Authority (WMRA) - Delta Sector
Delta Region,Monufia,Lower Middle Income,2025-08,3350,61.7,18.6,6.1,3.6,0.6,9.5,18.6,4723914,70859,1413452,195465,4237,19134,5366,862114,48.5,42.4,12.7,1.5,Waste Management Regulatory Authority (WMRA) - Delta Sector
Delta Region,Monufia,Lower Middle Income,2025-09,3350,60.1,10.8,10.9,0.5,0.5,17.2,19.7,4730527,70958,1413452,195465,4237,19134,5366,863321,36.7,31.1,10.9,2.3,Waste Management Regulatory Authority (WMRA) - Delta Sector
Delta Region,Monufia,Lower Middle Income,2025-10,3350,63.4,4.9,8.8,5.5,0.7,16.7,19.9,4737150,71057,1526698,206224,4356,20155,5287,864530,47.5,41.3,14,2.7,Waste Management Regulatory Authority (WMRA) - Delta Sector
Delta Region,Monufia,Lower Middle Income,2025-11,3350,54.8,14,8.4,9.3,0.5,13,19.5,4743782,71157,1526698,206224,4356,20155,5287,865740,42,36.1,13.8,2.5,Waste Management Regulatory Authority (WMRA) - Delta Sector
Delta Region,Monufia,Lower Middle Income,2025-12,3350,62.7,9.1,10.8,0.5,0.5,16.3,20.5,4750423,71256,1526698,206224,4356,20155,5287,866952,40.1,34.3,12.9,1.4,Waste Management Regulatory Authority (WMRA) - Delta Sector
Middle Upper Egypt Region,New Valley,Lower Middle Income,2021-01,3690,53.5,11.1,12.3,1.6,6.3,15.2,11.4,247229,3708,80265,10418,63,322,83,45119,46.9,40.8,11.7,2.4,New Valley Governorate - Sustainable Development Report
Middle Upper Egypt Region,New Valley,Lower Middle Income,2021-02,3690,49.9,15.5,9.7,8.7,5.8,10.5,12.2,247575,3714,80265,10418,63,322,83,45182,45.8,39.7,12.5,2.4,New Valley Governorate - Sustainable Development Report
Middle Upper Egypt Region,New Valley,Lower Middle Income,2021-03,3690,54.9,12.5,7.4,4.7,6.4,14.1,12.7,247922,3719,80265,10418,63,322,83,45246,46.4,40.4,11,1.8,New Valley Governorate - Sustainable Development Report
Middle Upper Egypt Region,New Valley,Lower Middle Income,2021-04,3690,59.9,14.9,10.4,0.4,2,12.4,13.1,248269,4394,77301,10140,69,304,80,45309,42.9,37,13.9,1.9,New Valley Governorate - Sustainable Development Report
Middle Upper Egypt Region,New Valley,Lower Middle Income,2021-05,3690,55.5,14.6,9.9,4.3,5.6,10,12.3,248616,3729,77301,10140,69,304,80,45372,40.5,34.8,13.2,1.4,New Valley Governorate - Sustainable Development Report
Middle Upper Egypt Region,New Valley,Lower Middle Income,2021-06,3690,57.2,4.5,14.3,3.5,6.4,14.1,13.1,248964,3734,77301,10140,69,304,80,45436,46.5,40.4,13.8,1.8,New Valley Governorate - Sustainable Development Report
Middle Upper Egypt Region,New Valley,Lower Middle Income,2021-07,3690,54.5,14.6,12.6,2.5,6.6,9.2,12.8,249313,3740,75150,10457,64,307,85,45500,48.4,42.3,10.7,2.4,New Valley Governorate - Sustainable Development Report
Middle Upper Egypt Region,New Valley,Lower Middle Income,2021-08,3690,50.4,14.7,12.5,5.3,1.3,15.8,12.8,249662,3745,75150,10457,64,307,85,45563,37.3,31.7,11.8,1.9,New Valley Governorate - Sustainable Development Report
Middle Upper Egypt Region,New Valley,Lower Middle Income,2021-09,3690,54.3,20.4,9.8,0.5,0.5,14.4,13.5,250012,3750,75150,10457,64,307,85,45627,37,31.4,13.4,1.7,New Valley Governorate - Sustainable Development Report
Middle Upper Egypt Region,New Valley,Lower Middle Income,2021-10,3690,56.8,21,5.8,4,0.5,12,13.5,250362,3755,78598,10948,65,308,87,45691,36.2,30.6,10.1,2.7,New Valley Governorate - Sustainable Development Report
Middle Upper Egypt Region,New Valley,Lower Middle Income,2021-11,3690,57.9,7.8,11.5,5.2,2.9,14.7,12.7,250712,3761,78598,10948,65,308,87,45755,40.7,29.7,11,1.9,New Valley Governorate - Sustainable Development Report
Middle Upper Egypt Region,New Valley,Lower Middle Income,2021-12,3690,43.6,16.6,15.1,3.5,10.7,10.5,14.1,251063,3766,78598,10948,65,308,87,45819,42.8,36.9,12.2,1.6,New Valley Governorate - Sustainable Development Report
Middle Upper Egypt Region,New Valley,Lower Middle Income,2022-01,4295,53.5,17.3,7.6,0.5,0.5,20.7,14.2,251415,3771,80734,11178,66,304,82,45883,41.3,35.5,11.1,2.4,New Valley Governorate - Sustainable Development Report
Middle Upper Egypt Region,New Valley,Lower Middle Income,2022-02,4295,58.5,13.3,6.3,8.4,0.5,13,13.4,251767,3777,80734,11178,66,304,82,45947,41.4,35.6,12.2,1.7,New Valley Governorate - Sustainable Development Report
Middle Upper Egypt Region,New Valley,Lower Middle Income,2022-03,4295,54.6,8.3,9.2,9.3,4.7,14,14.1,252119,3782,80734,11178,66,304,82,46012,47.5,41.4,12.3,1.8,New Valley Governorate - Sustainable Development Report
Middle Upper Egypt Region,New Valley,Lower Middle Income,2022-04,4295,56.6,10.3,16.1,0.8,3.3,12.9,14.2,252472,4469,80224,11232,68,318,87,46076,43.5,37.6,12.4,1.6,New Valley Governorate - Sustainable Development Report
Middle Upper Egypt Region,New Valley,Lower Middle Income,2022-05,4295,59.1,17.1,9.7,5.3,4.1,4.6,14.2,252825,3792,80224,11232,68,318,87,46141,40.4,34.6,12.8,2,New Valley Governorate - Sustainable Development Report
Middle Upper Egypt Region,New Valley,Lower Middle Income,2022-06,4295,55.9,11.9,8.8,0.6,6.9,16,14.1,253179,3798,80224,11232,68,318,87,46205,36.2,30.7,12.3,2,New Valley Governorate - Sustainable Development Report
Middle Upper Egypt Region,New Valley,Lower Middle Income,2022-07,4295,61.3,8.9,10.8,0.6,2.5,16,14.1,253534,3803,81164,10328,65,310,84,46270,43.7,37.8,13.8,2.7,New Valley Governorate - Sustainable Development Report
Middle Upper Egypt Region,New Valley,Lower Middle Income,2022-08,4295,61.6,7.2,11.9,0.5,0.5,18.3,14.5,253889,3808,81164,10328,65,310,84,46335,38.4,32.7,12.9,2.7,New Valley Governorate - Sustainable Development Report
Middle Upper Egypt Region,New Valley,Lower Middle Income,2022-09,4295,57.3,11.8,5.9,4.2,6,14.7,15.2,254244,3814,81164,10328,65,310,84,46400,46.2,40.1,13.2,2.5,New Valley Governorate - Sustainable Development Report
Middle Upper Egypt Region,New Valley,Lower Middle Income,2022-10,4295,59,9,9.8,8.9,7.8,5.5,15,254600,3819,77442,10585,65,337,85,46464,35.6,30,11,1.6,New Valley Governorate - Sustainable Development Report
Middle Upper Egypt Region,New Valley,Lower Middle Income,2022-11,4295,48.7,16.4,18.8,6,1.4,8.7,14.8,254957,3824,77442,10585,65,337,85,46530,39.5,33.8,11,1.6,New Valley Governorate - Sustainable Development Report
Middle Upper Egypt Region,New Valley,Lower Middle Income,2022-12,4295,58.5,14.1,5.9,3,3.8,14.6,15.4,255314,3830,77442,10585,65,337,85,46595,47.4,41.2,13.2,2.6,New Valley Governorate - Sustainable Development Report
Middle Upper Egypt Region,New Valley,Lower Middle Income,2023-01,3700,56.8,11.5,3.8,8.7,1.9,17.2,14.1,255671,3835,82292,11303,67,326,84,46660,47.7,41.5,11.3,1.8,New Valley Governorate - Sustainable Development Report
Middle Upper Egypt Region,New Valley,Lower Middle Income,2023-02,3700,54.9,12.4,8.6,4.2,3,17,15.8,256029,3840,82292,11303,67,326,84,46725,36.3,30.7,13.2,2,New Valley Governorate - Sustainable Development Report
Middle Upper Egypt Region,New Valley,Lower Middle Income,2023-03,3700,54,9,11.9,7.6,0.4,17,14.8,256387,4538,82292,11303,67,326,84,46791,41.4,35.6,11.4,1.9,New Valley Governorate - Sustainable Development Report
Middle Upper Egypt Region,New Valley,Lower Middle Income,2023-04,3700,53.8,13.2,13,1.9,6.4,11.8,15.5,256746,3851,78365,10964,67,313,83,46856,35.6,30,12.5,2.1,New Valley Governorate - Sustainable Development Report
Middle Upper Egypt Region,New Valley,Lower Middle Income,2023-05,3700,50,8.9,12.2,0.5,9.6,18.8,15.3,257106,3857,78365,10964,67,313,83,46922,44.6,38.6,10.3,2.3,New Valley Governorate - Sustainable Development Report
Middle Upper Egypt Region,New Valley,Lower Middle Income,2023-06,3700,56.2,12.3,10.1,0.5,6.5,14.4,15.4,257466,3862,78365,10964,67,313,83,46988,46,39.9,10,1.8,New Valley Governorate - Sustainable Development Report
Middle Upper Egypt Region,New Valley,Lower Middle Income,2023-07,3700,56.1,19.1,7.3,3.3,4.2,10,16.5,257826,3867,82673,11431,70,330,85,47053,38.9,33.2,11.3,1.5,New Valley Governorate - Sustainable Development Report
Middle Upper Egypt Region,New Valley,Lower Middle Income,2023-08,3700,51.6,13.9,8.3,8.5,0.5,17.3,15.9,258187,3873,82673,11431,70,330,85,47119,37.4,31.7,11.3,2.6,New Valley Governorate - Sustainable Development Report
Middle Upper Egypt Region,New Valley,Lower Middle Income,2023-09,3700,61.8,11.1,6.7,0.5,0.5,19.3,16.4,258549,3878,82673,11431,70,330,85,47185,39.8,34,10.9,2,New Valley Governorate - Sustainable Development Report
Middle Upper Egypt Region,New Valley,Lower Middle Income,2023-10,3700,56.7,18.1,7.8,6.7,0.5,10.2,16.4,258911,3884,78341,10690,70,317,90,47251,49.3,36.6,12.5,2.5,New Valley Governorate - Sustainable Development Report
Middle Upper Egypt Region,New Valley,Lower Middle Income,2023-11,3700,58.1,10.8,3.9,3.4,3.7,20,16.7,259273,3889,78341,10690,70,317,90,47317,39,33.3,11.8,2.6,New Valley Governorate - Sustainable Development Report
Middle Upper Egypt Region,New Valley,Lower Middle Income,2023-12,3700,53.8,16.1,11.7,4.8,0.4,13.1,16.7,259636,3895,78341,10690,70,317,90,47384,43.6,37.7,11.9,2.6,New Valley Governorate - Sustainable Development Report
Middle Upper Egypt Region,New Valley,Lower Middle Income,2024-01,3200,52,16.7,11.4,8.1,0.4,11.3,16.3,260000,3900,83042,10550,70,318,89,47450,40.2,34.5,12.9,1.3,New Valley Governorate - Sustainable Development Report
Middle Upper Egypt Region,New Valley,Lower Middle Income,2024-02,3200,55.6,17.1,9.1,3.7,5.5,9,17.3,260364,3905,83042,10550,70,318,89,47516,42,36.2,11.7,2.4,New Valley Governorate - Sustainable Development Report
Middle Upper Egypt Region,New Valley,Lower Middle Income,2024-03,3200,62.4,8.5,2,3.7,8.8,14.7,16.9,260728,4615,83042,10550,70,318,89,47583,44.5,38.5,10.4,1.4,New Valley Governorate - Sustainable Development Report
Middle Upper Egypt Region,New Valley,Lower Middle Income,2024-04,3200,60.4,13.7,9.7,0.5,0.5,15.1,16.6,261093,3916,80784,10594,71,336,93,47649,43.2,37.3,13.5,1.9,New Valley Governorate - Sustainable Development Report
Middle Upper Egypt Region,New Valley,Lower Middle Income,2024-05,3200,52.5,12.4,10.7,8.9,3.8,11.8,17.1,261459,3922,80784,10594,71,336,93,47716,42.8,36.9,10.4,1.4,New Valley Governorate - Sustainable Development Report
Middle Upper Egypt Region,New Valley,Lower Middle Income,2024-06,3200,49.9,19.9,11.4,0.5,0.5,17.9,18.1,261825,3927,80784,10594,71,336,93,47783,38.2,27.6,12.6,1.9,New Valley Governorate - Sustainable Development Report
Middle Upper Egypt Region,New Valley,Lower Middle Income,2024-07,3200,50.6,19.9,0.5,9.6,5,14.3,17.9,262191,3933,84751,10576,69,334,85,47850,37.4,31.8,13.2,1.9,New Valley Governorate - Sustainable Development Report
Middle Upper Egypt Region,New Valley,Lower Middle Income,2024-08,3200,52.9,19.8,12.2,0.5,0.5,14.1,17.6,262558,3938,84751,10576,69,334,85,47917,44,38,11.7,2.6,New Valley Governorate - Sustainable Development Report
Middle Upper Egypt Region,New Valley,Lower Middle Income,2024-09,3200,59.3,7.2,10.5,1.8,3.2,17.9,17.8,262926,3944,84751,10576,69,334,85,47984,39.6,33.9,10.1,1.7,New Valley Governorate - Sustainable Development Report
Middle Upper Egypt Region,New Valley,Lower Middle Income,2024-10,3200,59.8,16.2,6.9,5.3,3.2,8.7,17.9,263294,3949,81771,10933,69,329,86,48051,45,39,11,2.2,New Valley Governorate - Sustainable Development Report
Middle Upper Egypt Region,New Valley,Lower Middle Income,2024-11,3200,57,20.3,10.2,0.5,3,9,18.9,263663,3955,81771,10933,69,329,86,48118,46.3,40.2,13.5,1.9,New Valley Governorate - Sustainable Development Report
Middle Upper Egypt Region,New Valley,Lower Middle Income,2024-12,3200,57.8,14.8,9,2.7,2.1,13.6,18.5,264032,3960,81771,10933,69,329,86,48186,36.6,31,13.3,1.6,New Valley Governorate - Sustainable Development Report
Middle Upper Egypt Region,New Valley,Lower Middle Income,2025-01,3350,55.1,7.9,15.2,2.5,3.7,15.7,18.6,264401,3966,80748,10799,71,335,87,48253,46,39.9,10.2,1.8,New Valley Governorate - Sustainable Development Report
Middle Upper Egypt Region,New Valley,Lower Middle Income,2025-02,3350,66.7,9.4,3.8,1.8,5.3,12.9,18.9,264771,3972,80748,10799,71,335,87,48321,47.7,41.6,11.9,1.5,New Valley Governorate - Sustainable Development Report
Middle Upper Egypt Region,New Valley,Lower Middle Income,2025-03,3350,55.3,19.5,2.3,0.9,9.5,12.5,18.8,265142,4693,80748,10799,71,335,87,48388,45.5,39.4,13.9,1.7,New Valley Governorate - Sustainable Development Report
Middle Upper Egypt Region,New Valley,Lower Middle Income,2025-04,3350,53.9,18,10.3,2.6,3.9,11.3,18.7,265513,3983,82377,10975,74,338,86,48456,38.8,33.1,11.5,2.7,New Valley Governorate - Sustainable Development Report
Middle Upper Egypt Region,New Valley,Lower Middle Income,2025-05,3350,53.8,13,6.1,4.3,4.7,18.1,18.8,265885,3988,82377,10975,74,338,86,48524,48.9,42.7,13.9,2.6,New Valley Governorate - Sustainable Development Report
Middle Upper Egypt Region,New Valley,Lower Middle Income,2025-06,3350,56.8,10.9,11.3,5.7,3.9,11.3,19.1,266257,3994,82377,10975,74,338,86,48592,46.7,40.6,14,1.3,New Valley Governorate - Sustainable Development Report
Middle Upper Egypt Region,New Valley,Lower Middle Income,2025-07,3350,63.3,18.5,3.8,3.3,0.6,10.6,19.2,266630,3999,79962,11769,74,333,93,48660,46.6,40.5,11.4,1.3,New Valley Governorate - Sustainable Development Report
Middle Upper Egypt Region,New Valley,Lower Middle Income,2025-08,3350,48.8,16,12.1,1.6,5.2,16.3,19.6,267003,4005,79962,11769,74,333,93,48728,38.4,32.8,10.5,1.7,New Valley Governorate - Sustainable Development Report
Middle Upper Egypt Region,New Valley,Lower Middle Income,2025-09,3350,60.6,8,9.8,4.1,0.5,16.9,19.5,267377,4011,79962,11769,74,333,93,48796,50,43.7,12.2,1.6,New Valley Governorate - Sustainable Development Report
Middle Upper Egypt Region,New Valley,Lower Middle Income,2025-10,3350,53.3,13.9,10.5,6.4,2.2,13.7,19.9,267751,4016,84120,11631,69,337,93,48865,38.6,32.9,10,1.5,New Valley Governorate - Sustainable Development Report
Middle Upper Egypt Region,New Valley,Lower Middle Income,2025-11,3350,55,10.8,15.5,0.5,6.7,11.5,19.7,268126,4022,84120,11631,69,337,93,48933,36.2,30.6,13.2,2.2,New Valley Governorate - Sustainable Development Report
Middle Upper Egypt Region,New Valley,Lower Middle Income,2025-12,3350,62.2,16.4,4.5,1,0.6,15.3,19.9,268502,4028,84120,11631,69,337,93,49002,37.9,32.2,12.6,1.5,New Valley Governorate - Sustainable Development Report
Suez Canal Region,North Sinai,Lower Middle Income,2021-01,3690,46.9,17.3,15.2,0.4,4.6,15.6,12.4,465932,6989,150083,20172,131,600,157,85033,40.3,29.3,13.4,2.4,Ministry of Environment - Sinai State of Environment Report
Suez Canal Region,North Sinai,Lower Middle Income,2021-02,3690,65.4,11.7,10,1.1,1.6,10.2,12.2,466584,6999,150083,20172,131,600,157,85152,37.3,31.7,10.2,1.9,Ministry of Environment - Sinai State of Environment Report
Suez Canal Region,North Sinai,Lower Middle Income,2021-03,3690,63.6,7.9,10.5,0.6,4.5,12.9,12.7,467237,7009,150083,20172,131,600,157,85271,46.6,40.6,13.1,1.5,Ministry of Environment - Sinai State of Environment Report
Suez Canal Region,North Sinai,Lower Middle Income,2021-04,3690,57.2,15.7,14.7,0.4,0.4,11.5,11.2,467892,8281,149055,20009,123,578,159,85390,35.3,29.8,10.4,1.9,Ministry of Environment - Sinai State of Environment Report
Suez Canal Region,North Sinai,Lower Middle Income,2021-05,3690,61.6,6.8,6.5,4.9,3.6,16.6,13.3,468547,7028,149055,20009,123,578,159,85510,45.9,39.9,10.4,1.8,Ministry of Environment - Sinai State of Environment Report
Suez Canal Region,North Sinai,Lower Middle Income,2021-06,3690,59.2,14.6,11.1,4.3,5.6,5.2,12.6,469203,7038,149055,20009,123,578,159,85630,36,30.5,12.6,2.5,Ministry of Environment - Sinai State of Environment Report
Suez Canal Region,North Sinai,Lower Middle Income,2021-07,3690,75.3,4.8,7.1,3.8,6.5,2.4,13.2,469859,7048,153511,20219,130,575,156,85749,39.3,33.6,13,1.7,Ministry of Environment - Sinai State of Environment Report
Suez Canal Region,North Sinai,Lower Middle Income,2021-08,3690,55.4,16,13.9,1.2,1.9,11.7,12.5,470517,7058,153511,20219,130,575,156,85869,42.5,36.6,10.5,2,Ministry of Environment - Sinai State of Environment Report
Suez Canal Region,North Sinai,Lower Middle Income,2021-09,3690,57.6,9.5,6.6,5.9,3.6,16.9,13.3,471176,7068,153511,20219,130,575,156,85990,47.3,41.2,13.7,2.7,Ministry of Environment - Sinai State of Environment Report
Suez Canal Region,North Sinai,Lower Middle Income,2021-10,3690,56.6,15.7,13.6,0.5,0.5,13,12.8,471836,7078,142779,19139,121,615,168,86110,44.4,38.4,11.3,2.6,Ministry of Environment - Sinai State of Environment Report
Suez Canal Region,North Sinai,Lower Middle Income,2021-11,3690,51,9.4,12.5,10.8,3.4,12.9,13.1,472496,7087,142779,19139,121,615,168,86231,43.7,32.1,13,2,Ministry of Environment - Sinai State of Environment Report
Suez Canal Region,North Sinai,Lower Middle Income,2021-12,3690,64.2,6,11,8.6,0.5,9.7,14.3,473158,7097,142779,19139,121,615,168,86351,49.8,43.6,12.4,2.2,Ministry of Environment - Sinai State of Environment Report
Suez Canal Region,North Sinai,Lower Middle Income,2022-01,4295,56.7,13.1,6.6,12.7,1.3,9.6,13.5,473820,7107,146232,19807,122,599,162,86472,36.1,30.6,12.9,2.6,Ministry of Environment - Sinai State of Environment Report
Suez Canal Region,North Sinai,Lower Middle Income,2022-02,4295,51,15.3,9.3,5.5,0.5,18.3,13.8,474484,7117,146232,19807,122,599,162,86593,38,32.3,11.1,2.4,Ministry of Environment - Sinai State of Environment Report
Suez Canal Region,North Sinai,Lower Middle Income,2022-03,4295,54.4,16,10.8,6.9,0.5,11.4,14.2,475148,7127,146232,19807,122,599,162,86715,40.1,34.4,11.6,1.9,Ministry of Environment - Sinai State of Environment Report
Suez Canal Region,North Sinai,Lower Middle Income,2022-04,4295,61.7,17.3,5,4.6,1.1,10.3,14.2,475813,8422,142734,20912,125,610,158,86836,45,39,13.6,2.7,Ministry of Environment - Sinai State of Environment Report
Suez Canal Region,North Sinai,Lower Middle Income,2022-05,4295,53.6,16.6,11,2.6,4.6,11.7,14.2,476479,7147,142734,20912,125,610,158,86957,41.3,35.5,10.2,1.6,Ministry of Environment - Sinai State of Environment Report
Suez Canal Region,North Sinai,Lower Middle Income,2022-06,4295,55.1,18,1.6,6.9,0.5,18,14.4,477146,7157,142734,20912,125,610,158,87079,36.7,31.1,13.7,1.7,Ministry of Environment - Sinai State of Environment Report
Suez Canal Region,North Sinai,Lower Middle Income,2022-07,4295,59.8,9.1,14.3,6.2,0.6,10,15.4,477814,7167,142024,20814,127,594,161,87201,38.4,32.7,11.8,2.6,Ministry of Environment - Sinai State of Environment Report
Suez Canal Region,North Sinai,Lower Middle Income,2022-08,4295,61.5,9.1,6.5,5,0.6,17.4,14.5,478483,7177,142024,20814,127,594,161,87323,44.1,38.1,11.2,1.6,Ministry of Environment - Sinai State of Environment Report
Suez Canal Region,North Sinai,Lower Middle Income,2022-09,4295,53.4,10.7,8.9,10.4,0.4,16.2,14.8,479153,7187,142024,20814,127,594,161,87445,40.1,34.4,12.3,1.4,Ministry of Environment - Sinai State of Environment Report
Suez Canal Region,North Sinai,Lower Middle Income,2022-10,4295,51.7,14.1,13.1,4.6,0.7,15.7,15.2,479824,7197,147324,20693,123,588,169,87568,49.2,43,12.7,1.8,Ministry of Environment - Sinai State of Environment Report
Suez Canal Region,North Sinai,Lower Middle Income,2022-11,4295,54.4,15.9,9.3,1,3.4,16,15.3,480496,7207,147324,20693,123,588,169,87691,48.7,42.5,11.8,1.3,Ministry of Environment - Sinai State of Environment Report
Suez Canal Region,North Sinai,Lower Middle Income,2022-12,4295,59.7,11,11.3,0.5,6.7,10.9,15.6,481168,7218,147324,20693,123,588,169,87813,37.2,31.6,11.8,2.3,Ministry of Environment - Sinai State of Environment Report
Suez Canal Region,North Sinai,Lower Middle Income,2023-01,3700,56.7,8.2,13.6,5,0.5,16.1,15.5,481842,7228,144396,20822,126,607,156,87936,43.1,37.2,10.5,1.6,Ministry of Environment - Sinai State of Environment Report
Suez Canal Region,North Sinai,Lower Middle Income,2023-02,3700,58.3,17.5,9.8,0.5,0.5,13.3,14.8,482517,7238,144396,20822,126,607,156,88059,40.1,34.4,11.5,2.1,Ministry of Environment - Sinai State of Environment Report
Suez Canal Region,North Sinai,Lower Middle Income,2023-03,3700,54.1,13.3,13.2,8.3,0.7,10.4,16.2,483192,8553,144396,20822,126,607,156,88183,36.3,30.7,11.4,1.3,Ministry of Environment - Sinai State of Environment Report
Suez Canal Region,North Sinai,Lower Middle Income,2023-04,3700,63.6,12,2.9,4.7,0.6,16.1,15.1,483868,7258,147930,19968,135,586,165,88306,41.4,35.6,13.1,2.1,Ministry of Environment - Sinai State of Environment Report
Suez Canal Region,North Sinai,Lower Middle Income,2023-05,3700,57.3,9.6,9.5,6.6,3.6,13.5,15.8,484546,7268,147930,19968,135,586,165,88430,45.1,39.1,13,2.3,Ministry of Environment - Sinai State of Environment Report
Suez Canal Region,North Sinai,Lower Middle Income,2023-06,3700,55.2,12.2,6.4,7.4,0.5,18.2,15.6,485224,7278,147930,19968,135,586,165,88553,45.2,33.3,11.1,2.1,Ministry of Environment - Sinai State of Environment Report
Suez Canal Region,North Sinai,Lower Middle Income,2023-07,3700,50.7,17,8.7,0.5,5.2,17.9,16,485904,7289,148705,20926,128,591,159,88677,38.5,32.8,10.2,1.9,Ministry of Environment - Sinai State of Environment Report
Suez Canal Region,North Sinai,Lower Middle Income,2023-08,3700,58.6,17,0.9,0.5,8.9,14,16.2,486584,7299,148705,20926,128,591,159,88802,43.5,37.6,13.4,1.3,Ministry of Environment - Sinai State of Environment Report
Suez Canal Region,North Sinai,Lower Middle Income,2023-09,3700,57.4,12.1,7.5,3.8,1.8,17.4,16.4,487265,7309,148705,20926,128,591,159,88926,37,31.4,11,2.3,Ministry of Environment - Sinai State of Environment Report
Suez Canal Region,North Sinai,Lower Middle Income,2023-10,3700,49.7,16.5,10.5,5.4,6.9,11,16.6,487947,7319,155942,21598,127,596,159,89050,44.3,38.3,12.9,2.2,Ministry of Environment - Sinai State of Environment Report
Suez Canal Region,North Sinai,Lower Middle Income,2023-11,3700,53,18.8,11,4.7,0.5,12,17.1,488630,7329,155942,21598,127,596,159,89175,41.9,36,10.7,2.1,Ministry of Environment - Sinai State of Environment Report
Suez Canal Region,North Sinai,Lower Middle Income,2023-12,3700,51.1,14.6,11.4,6,4.5,12.5,16.9,489314,7340,155942,21598,127,596,159,89300,38,32.4,10.4,2.2,Ministry of Environment - Sinai State of Environment Report
Suez Canal Region,North Sinai,Lower Middle Income,2024-01,3200,55.8,18,8.8,5.4,0.5,11.5,16.7,490000,7350,147927,20264,135,646,173,89425,48.9,42.7,12.7,2.2,Ministry of Environment - Sinai State of Environment Report
Suez Canal Region,North Sinai,Lower Middle Income,2024-02,3200,57,10.2,13.7,0.5,3.5,15,17.3,490686,7360,147927,20264,135,646,173,89550,43.8,37.9,10,1.5,Ministry of Environment - Sinai State of Environment Report
Suez Canal Region,North Sinai,Lower Middle Income,2024-03,3200,54.3,11,10.9,5.6,1.9,16.3,17.6,491372,8698,147927,20264,135,646,173,89675,47.5,41.4,10.2,1.6,Ministry of Environment - Sinai State of Environment Report
Suez Canal Region,North Sinai,Lower Middle Income,2024-04,3200,55.6,13.1,11.1,7.6,0.5,12.2,16.7,492060,7381,153716,20227,130,635,167,89801,38.7,33,11.9,1.8,Ministry of Environment - Sinai State of Environment Report
Suez Canal Region,North Sinai,Lower Middle Income,2024-05,3200,53.8,11.7,16.1,6.1,0.5,11.8,17.5,492749,7391,153716,20227,130,635,167,89927,49.6,43.4,11.5,2.7,Ministry of Environment - Sinai State of Environment Report
Suez Canal Region,North Sinai,Lower Middle Income,2024-06,3200,56.7,9.2,6.9,9.2,0.5,17.4,17.8,493439,7402,153716,20227,130,635,167,90053,39.7,34,11.2,1.8,Ministry of Environment - Sinai State of Environment Report
Suez Canal Region,North Sinai,Lower Middle Income,2024-07,3200,64,10.7,6.6,3,0.5,15.2,17.5,494130,7412,160895,20306,136,625,171,90179,48.3,42.1,11.5,1.3,Ministry of Environment - Sinai State of Environment Report
Suez Canal Region,North Sinai,Lower Middle Income,2024-08,3200,53.2,14,15,6.9,4.9,5.9,18.3,494822,7422,160895,20306,136,625,171,90305,43,37.1,10.2,1.6,Ministry of Environment - Sinai State of Environment Report
Suez Canal Region,North Sinai,Lower Middle Income,2024-09,3200,58.9,20.3,0.5,6.9,2.5,10.9,17.8,495514,7433,160895,20306,136,625,171,90431,46.4,40.4,12.2,1.5,Ministry of Environment - Sinai State of Environment Report
Suez Canal Region,North Sinai,Lower Middle Income,2024-10,3200,54,18.1,11.9,2.3,0.5,13.2,18.1,496208,7443,159649,21861,138,618,170,90558,39.5,33.8,11.1,1.7,Ministry of Environment - Sinai State of Environment Report
Suez Canal Region,North Sinai,Lower Middle Income,2024-11,3200,49.3,9.6,7.3,12.6,6,15.3,18,496903,7454,159649,21861,138,618,170,90685,35.4,29.9,13.9,1.9,Ministry of Environment - Sinai State of Environment Report
Suez Canal Region,North Sinai,Lower Middle Income,2024-12,3200,50.2,10.1,10.3,0.5,9.2,19.7,18.3,497599,7464,159649,21861,138,618,170,90812,44.3,38.4,12.1,1.3,Ministry of Environment - Sinai State of Environment Report
Suez Canal Region,North Sinai,Lower Middle Income,2025-01,3350,45.4,16.9,8.5,12.2,3.1,13.8,18,498295,7474,155730,20770,134,615,176,90939,44.2,38.3,11.4,2.2,Ministry of Environment - Sinai State of Environment Report
Suez Canal Region,North Sinai,Lower Middle Income,2025-02,3350,55.4,16.2,11,3.3,4.6,9.6,17.9,498993,7485,155730,20770,134,615,176,91066,49.8,43.6,11.9,1.5,Ministry of Environment - Sinai State of Environment Report
Suez Canal Region,North Sinai,Lower Middle Income,2025-03,3350,60.3,8.3,2.8,4,7.6,16.9,19.3,499691,8844,155730,20770,134,615,176,91194,45.7,39.7,12.5,1.8,Ministry of Environment - Sinai State of Environment Report
Suez Canal Region,North Sinai,Lower Middle Income,2025-04,3350,59.3,21.3,8.3,0.5,0.5,10,18.5,500391,7506,157028,21663,134,631,174,91321,47.7,41.6,13.8,2.4,Ministry of Environment - Sinai State of Environment Report
Suez Canal Region,North Sinai,Lower Middle Income,2025-05,3350,54.6,9.7,10.8,9.7,0.5,14.7,18.5,501092,7516,157028,21663,134,631,174,91449,40.8,35,13.8,2.4,Ministry of Environment - Sinai State of Environment Report
Suez Canal Region,North Sinai,Lower Middle Income,2025-06,3350,52.8,8.8,14,2.6,1.3,20.5,18.2,501793,7527,157028,21663,134,631,174,91577,48.8,42.6,13.5,1.3,Ministry of Environment - Sinai State of Environment Report
Suez Canal Region,North Sinai,Lower Middle Income,2025-07,3350,51.8,14.8,14,1.3,7.3,10.7,18.9,502496,7537,150839,21863,133,644,173,91706,47.8,41.7,13.4,1.3,Ministry of Environment - Sinai State of Environment Report
Suez Canal Region,North Sinai,Lower Middle Income,2025-08,3350,55.7,12.3,7.8,7.5,4.3,12.4,18.8,503199,7548,150839,21863,133,644,173,91834,40.5,34.7,13.8,1.7,Ministry of Environment - Sinai State of Environment Report
Suez Canal Region,North Sinai,Lower Middle Income,2025-09,3350,56.4,11.3,8.3,4.1,4.9,14.9,20.2,503904,7559,150839,21863,133,644,173,91962,40.6,29.6,10.5,1.3,Ministry of Environment - Sinai State of Environment Report
Suez Canal Region,North Sinai,Lower Middle Income,2025-10,3350,54.4,16.4,9.1,1.6,0.5,18,20,504609,7569,150625,21451,141,670,171,92091,37.5,31.8,11.1,2,Ministry of Environment - Sinai State of Environment Report
Suez Canal Region,North Sinai,Lower Middle Income,2025-11,3350,55.4,13.8,14.1,2.2,0.5,14.1,19.4,505315,7580,150625,21451,141,670,171,92220,37.5,31.9,11.3,2.5,Ministry of Environment - Sinai State of Environment Report
Suez Canal Region,North Sinai,Lower Middle Income,2025-12,3350,52,10.8,14.6,0.5,6.7,15.5,20.8,506023,7590,150625,21451,141,670,171,92349,35.7,30.1,10.6,2.2,Ministry of Environment - Sinai State of Environment Report
Suez Canal Region,Port Said,Lower Middle Income,2021-01,3690,65.6,0.6,17,0.6,1.1,15.1,11.9,741688,20026,241430,31316,657,3177,803,243645,86,81.7,11.4,2.4,Port Said Governorate - New Solid Waste System
Suez Canal Region,Port Said,Lower Middle Income,2021-02,3690,50.5,13.7,12,6.5,3.5,13.8,11.1,742726,20054,241430,31316,657,3177,803,243985,86.2,81.9,11.2,1.6,Port Said Governorate - New Solid Waste System
Suez Canal Region,Port Said,Lower Middle Income,2021-03,3690,51.4,10,13.6,7.5,5.8,11.6,13.2,743766,20082,241430,31316,657,3177,803,244327,86.3,82,10.1,2.3,Port Said Governorate - New Solid Waste System
Suez Canal Region,Port Said,Lower Middle Income,2021-04,3690,60.5,7.7,13.1,2.5,8.8,7.4,11.8,744807,23730,224670,30687,641,3271,882,244669,83.6,79.4,12.5,1.3,Port Said Governorate - New Solid Waste System
Suez Canal Region,Port Said,Lower Middle Income,2021-05,3690,61.8,11.5,8.2,4.6,0.5,13.5,11.8,745850,20138,224670,30687,641,3271,882,245012,87.7,83.3,13.5,2.6,Port Said Governorate - New Solid Waste System
Suez Canal Region,Port Said,Lower Middle Income,2021-06,3690,62.7,12.2,14.1,0.6,0.6,9.8,13.1,746894,20166,224670,30687,641,3271,882,245355,88.4,84,10.6,1.5,Port Said Governorate - New Solid Waste System
Suez Canal Region,Port Said,Lower Middle Income,2021-07,3690,56.1,19,6.9,1.2,3.8,13,13.8,747940,20194,224130,30974,671,3195,879,245698,87.5,83.2,12.7,2.1,Port Said Governorate - New Solid Waste System
Suez Canal Region,Port Said,Lower Middle Income,2021-08,3690,55,10.6,9.7,6.6,5.6,12.5,13.5,748987,20223,224130,30974,671,3195,879,246042,83.5,79.3,11.7,2.7,Port Said Governorate - New Solid Waste System
Suez Canal Region,Port Said,Lower Middle Income,2021-09,3690,57.6,22.2,10,2.3,0.5,7.4,13.3,750036,20251,224130,30974,671,3195,879,246387,83.9,79.7,10.4,1.4,Port Said Governorate - New Solid Waste System
Suez Canal Region,Port Said,Lower Middle Income,2021-10,3690,62.8,3.6,10.6,3.4,12.7,7,13.4,751086,20279,234753,32777,643,3327,865,246732,88.6,84.2,13.3,1.4,Port Said Governorate - New Solid Waste System
Suez Canal Region,Port Said,Lower Middle Income,2021-11,3690,59.9,14.4,10.7,2.2,2.8,10,13.6,752137,20308,234753,32777,643,3327,865,247077,84.7,80.5,13.1,1.5,Port Said Governorate - New Solid Waste System
Suez Canal Region,Port Said,Lower Middle Income,2021-12,3690,57.1,3.7,9.8,1.6,6.8,21,13.8,753190,20336,234753,32777,643,3327,865,247423,83.8,79.6,12.4,1.7,Port Said Governorate - New Solid Waste System
Suez Canal Region,Port Said,Lower Middle Income,2022-01,4295,50.4,17.1,8.1,0.5,9.2,14.8,13.7,754245,20365,235193,33073,700,3349,835,247769,84.7,80.5,11.2,2,Port Said Governorate - New Solid Waste System
Suez Canal Region,Port Said,Lower Middle Income,2022-02,4295,56.1,15.7,11,3.7,0.5,13,13.7,755301,20393,235193,33073,700,3349,835,248116,88.8,84.3,11.2,1.9,Port Said Governorate - New Solid Waste System
Suez Canal Region,Port Said,Lower Middle Income,2022-03,4295,58.8,12.6,13.9,5.5,0.5,8.9,13.9,756358,20422,235193,33073,700,3349,835,248464,89.9,85.4,12.2,1.4,Port Said Governorate - New Solid Waste System
Suez Canal Region,Port Said,Lower Middle Income,2022-04,4295,59.5,10.5,10.7,1.1,0.6,17.7,13.7,757417,24131,226904,32150,686,3362,888,248811,87.1,82.7,10.1,1.5,Port Said Governorate - New Solid Waste System
Suez Canal Region,Port Said,Lower Middle Income,2022-05,4295,52.9,9.4,9.4,8.9,4,15.4,14,758477,20479,226904,32150,686,3362,888,249160,87.9,83.5,13.5,2.4,Port Said Governorate - New Solid Waste System
Suez Canal Region,Port Said,Lower Middle Income,2022-06,4295,50.4,16.2,18.2,0.8,0.5,13.9,13.6,759539,20508,226904,32150,686,3362,888,249509,85,80.8,12.9,2.2,Port Said Governorate - New Solid Waste System
Suez Canal Region,Port Said,Lower Middle Income,2022-07,4295,60.3,12.8,5.9,3.3,5.3,12.5,14.4,760603,20536,234133,32395,673,3355,868,249858,83.6,79.4,11.5,2,Port Said Governorate - New Solid Waste System
Suez Canal Region,Port Said,Lower Middle Income,2022-08,4295,54.2,16.4,10.2,3.6,5.8,9.8,14.1,761667,20565,234133,32395,673,3355,868,250208,84.1,79.9,11,1.3,Port Said Governorate - New Solid Waste System
Suez Canal Region,Port Said,Lower Middle Income,2022-09,4295,49.2,11.4,7.5,0.9,9.6,21.4,14.3,762734,20594,234133,32395,673,3355,868,250558,83.3,79.2,11.5,2.2,Port Said Governorate - New Solid Waste System
Suez Canal Region,Port Said,Lower Middle Income,2022-10,4295,54.3,13.2,9.2,8.5,8.1,6.8,14.9,763802,20623,229521,33871,690,3115,834,250909,83.1,78.9,11.5,1.3,Port Said Governorate - New Solid Waste System
Suez Canal Region,Port Said,Lower Middle Income,2022-11,4295,56.6,7.6,16.6,5.8,0.5,12.9,15.5,764871,20652,229521,33871,690,3115,834,251260,87.6,83.2,10.1,1.6,Port Said Governorate - New Solid Waste System
Suez Canal Region,Port Said,Lower Middle Income,2022-12,4295,47.6,13.2,12.2,0.4,9,17.6,15.5,765942,20680,229521,33871,690,3115,834,251612,83.2,79,12.4,1.4,Port Said Governorate - New Solid Waste System
Suez Canal Region,Port Said,Lower Middle Income,2023-01,3700,47.4,12.1,15.2,8.2,1.4,15.7,14.6,767014,20709,239432,31979,658,3119,851,251964,86.7,82.3,13.1,2.7,Port Said Governorate - New Solid Waste System
Suez Canal Region,Port Said,Lower Middle Income,2023-02,3700,62.2,12.3,6.6,4.3,3.7,10.9,14.9,768088,20738,239432,31979,658,3119,851,252317,87.1,82.8,10.9,2.4,Port Said Governorate - New Solid Waste System
Suez Canal Region,Port Said,Lower Middle Income,2023-03,3700,61.2,7.7,7,6.8,0.5,16.9,15.9,769163,24505,239432,31979,658,3119,851,252670,87,82.6,12.7,2.6,Port Said Governorate - New Solid Waste System
Suez Canal Region,Port Said,Lower Middle Income,2023-04,3700,53.7,6.7,9,5.8,9.2,15.7,15.2,770240,20796,245114,34150,671,3339,855,253024,83.4,79.2,13.2,1.3,Port Said Governorate - New Solid Waste System
Suez Canal Region,Port Said,Lower Middle Income,2023-05,3700,57,16,6.8,4.8,0.5,14.9,15.6,771318,20826,245114,34150,671,3339,855,253378,84.4,80.1,13.9,1.3,Port Said Governorate - New Solid Waste System
Suez Canal Region,Port Said,Lower Middle Income,2023-06,3700,57.8,10.2,11.2,4.9,7.9,7.9,16.1,772398,20855,245114,34150,671,3339,855,253733,83.5,79.3,13.2,2.6,Port Said Governorate - New Solid Waste System
Suez Canal Region,Port Said,Lower Middle Income,2023-07,3700,54.4,9.7,13.2,6.7,4.9,11.1,15.6,773479,20884,232125,34126,725,3127,892,254088,88.2,83.8,13.4,1.4,Port Said Governorate - New Solid Waste System
Suez Canal Region,Port Said,Lower Middle Income,2023-08,3700,66.6,7.7,3.2,0.6,3.3,18.6,16.1,774562,20913,232125,34126,725,3127,892,254444,84.8,80.5,12.7,1.7,Port Said Governorate - New Solid Waste System
Suez Canal Region,Port Said,Lower Middle Income,2023-09,3700,46.4,19.2,11.1,0.5,3.6,19.2,15.8,775647,20942,232125,34126,725,3127,892,254800,88.6,84.1,12.4,2.5,Port Said Governorate - New Solid Waste System
Suez Canal Region,Port Said,Lower Middle Income,2023-10,3700,56.2,16.9,4.4,2.1,0.5,20,16.2,776733,20972,252002,31548,685,3305,907,255157,84.8,80.5,10.1,1.4,Port Said Governorate - New Solid Waste System
Suez Canal Region,Port Said,Lower Middle Income,2023-11,3700,51.4,21.3,7,1.1,2.2,17.1,16.6,777820,21001,252002,31548,685,3305,907,255514,83.5,79.3,11.1,2.2,Port Said Governorate - New Solid Waste System
Suez Canal Region,Port Said,Lower Middle Income,2023-12,3700,56.7,13.9,10.6,4.3,0.5,14,16.1,778909,21031,252002,31548,685,3305,907,255872,84.4,80.2,10.8,2.6,Port Said Governorate - New Solid Waste System
Suez Canal Region,Port Said,Lower Middle Income,2024-01,3200,52.2,12.2,13,10.4,0.5,11.7,17,780000,21060,230990,33756,719,3378,886,256230,89.2,84.8,12.9,2.4,Port Said Governorate - New Solid Waste System
Suez Canal Region,Port Said,Lower Middle Income,2024-02,3200,58,15.1,8.8,5.5,8.3,4.4,16.9,781092,21089,230990,33756,719,3378,886,256589,85.4,81.2,10.7,2.6,Port Said Governorate - New Solid Waste System
Suez Canal Region,Port Said,Lower Middle Income,2024-03,3200,57,9.9,10.5,0.4,6.6,15.5,17.3,782185,24920,230990,33756,719,3378,886,256948,85.8,81.5,11.4,2.1,Port Said Governorate - New Solid Waste System
Suez Canal Region,Port Said,Lower Middle Income,2024-04,3200,58.2,16.4,6.8,1.5,6.2,10.9,17.3,783280,21149,245163,33322,731,3215,881,257307,83.9,79.7,10.7,2,Port Said Governorate - New Solid Waste System
Suez Canal Region,Port Said,Lower Middle Income,2024-05,3200,54.9,10.4,10.8,10.9,0.4,12.6,17.8,784377,21178,245163,33322,731,3215,881,257668,85.9,81.6,12.7,2.1,Port Said Governorate - New Solid Waste System
Suez Canal Region,Port Said,Lower Middle Income,2024-06,3200,55,15.5,7.9,1.8,1.7,18.2,17.6,785475,21208,245163,33322,731,3215,881,258029,84.4,80.1,12.7,2.3,Port Said Governorate - New Solid Waste System
Suez Canal Region,Port Said,Lower Middle Income,2024-07,3200,56.8,13.7,8.5,7.1,3.6,10.3,17.4,786574,21237,249029,33536,737,3463,849,258390,84.6,80.4,11.6,1.9,Port Said Governorate - New Solid Waste System
Suez Canal Region,Port Said,Lower Middle Income,2024-08,3200,54.5,5.1,6.9,7.5,8.6,17.5,17.7,787676,21267,249029,33536,737,3463,849,258752,89.3,84.8,11.4,1.9,Port Said Governorate - New Solid Waste System
Suez Canal Region,Port Said,Lower Middle Income,2024-09,3200,51.6,11.1,11.8,4.5,9,12,18.1,788778,21297,249029,33536,737,3463,849,259114,86.7,82.4,11.5,1.9,Port Said Governorate - New Solid Waste System
Suez Canal Region,Port Said,Lower Middle Income,2024-10,3200,55,14.7,11.7,0.4,6,12,18,789883,21327,241153,33181,719,3490,852,259477,84.1,79.9,12.4,2,Port Said Governorate - New Solid Waste System
Suez Canal Region,Port Said,Lower Middle Income,2024-11,3200,64.7,8.3,11.9,4.9,0.6,9.6,18.1,790989,21357,241153,33181,719,3490,852,259840,87,82.7,10.6,2.1,Port Said Governorate - New Solid Waste System
Suez Canal Region,Port Said,Lower Middle Income,2024-12,3200,52.7,15,9.7,7.7,2.5,12.5,18,792096,21387,241153,33181,719,3490,852,260204,89.7,85.2,13.1,2.3,Port Said Governorate - New Solid Waste System
Suez Canal Region,Port Said,Lower Middle Income,2025-01,3350,52.1,6.7,17.5,8.5,0.5,14.7,18.1,793205,21417,240041,33952,727,3340,917,260568,87.7,70.8,12.7,1.7,Port Said Governorate - New Solid Waste System
Suez Canal Region,Port Said,Lower Middle Income,2025-02,3350,53.7,11.5,8.2,5.3,6.1,15.2,17.9,794315,21447,240041,33952,727,3340,917,260932,83.2,79,13.1,2,Port Said Governorate - New Solid Waste System
Suez Canal Region,Port Said,Lower Middle Income,2025-03,3350,55.7,11.1,12.4,5.3,3,12.4,19.4,795427,25343,240041,33952,727,3340,917,261298,88.1,83.7,10,1.4,Port Said Governorate - New Solid Waste System
Suez Canal Region,Port Said,Lower Middle Income,2025-04,3350,57.2,11.1,13.2,0.5,1.6,16.5,18.3,796541,21507,257119,32933,700,3457,931,261664,84.9,80.7,10.7,1.5,Port Said Governorate - New Solid Waste System
Suez Canal Region,Port Said,Lower Middle Income,2025-05,3350,59.7,7.7,12,0.6,0.6,19.5,18.6,797656,21537,257119,32933,700,3457,931,262030,89.7,85.2,12.3,2.2,Port Said Governorate - New Solid Waste System
Suez Canal Region,Port Said,Lower Middle Income,2025-06,3350,57.5,18.9,5.5,3.7,4.7,9.7,18.8,798773,21567,257119,32933,700,3457,931,262397,88.8,71.7,13.7,2.2,Port Said Governorate - New Solid Waste System
Suez Canal Region,Port Said,Lower Middle Income,2025-07,3350,61,15.1,3.7,3.9,4.4,11.9,19.6,799891,21597,256852,32501,696,3533,876,262764,83.8,79.6,12.8,1.5,Port Said Governorate - New Solid Waste System
Suez Canal Region,Port Said,Lower Middle Income,2025-08,3350,47.4,13.3,17.9,2.1,8.9,10.4,19.2,801011,21627,256852,32501,696,3533,876,263132,89.5,85,11.7,1.6,Port Said Governorate - New Solid Waste System
Suez Canal Region,Port Said,Lower Middle Income,2025-09,3350,50.5,14.2,8.7,2.3,5.1,19.1,20,802132,21658,256852,32501,696,3533,876,263500,85.7,81.4,13.1,2,Port Said Governorate - New Solid Waste System
Suez Canal Region,Port Said,Lower Middle Income,2025-10,3350,53.5,10.4,8.7,13.1,3.4,10.8,19.3,803255,21688,251532,35119,749,3326,940,263869,85.1,80.9,11.5,1.3,Port Said Governorate - New Solid Waste System
Suez Canal Region,Port Said,Lower Middle Income,2025-11,3350,57,6.1,12.7,7.3,1.5,15.4,19.8,804380,21718,251532,35119,749,3326,940,264239,88.1,83.7,10.5,2.6,Port Said Governorate - New Solid Waste System
Suez Canal Region,Port Said,Lower Middle Income,2025-12,3350,51.7,13.6,12.1,1.9,10,10.6,19.6,805506,21749,251532,35119,749,3326,940,264609,88.8,84.4,13.3,2.4,Port Said Governorate - New Solid Waste System
Greater Cairo Region,Qalyubia,Lower Middle Income,2021-01,3690,53.7,15.4,9.1,3.1,0.5,18.2,11.5,5705295,85579,1856330,241423,4986,25296,6309,1041216,47.8,41.6,12.5,1.8,Waste Management Regulatory Authority (WMRA) - Greater Cairo Waste System
Greater Cairo Region,Qalyubia,Lower Middle Income,2021-02,3690,52.1,14.4,12,1.3,2.1,18.2,12.2,5713282,85699,1856330,241423,4986,25296,6309,1042674,41.2,35.4,13.8,2.4,Waste Management Regulatory Authority (WMRA) - Greater Cairo Waste System
Greater Cairo Region,Qalyubia,Lower Middle Income,2021-03,3690,48.2,20.1,6.4,0.5,3.4,21.4,12.6,5721281,85819,1856330,241423,4986,25296,6309,1044134,39.3,33.6,13.3,2.2,Waste Management Regulatory Authority (WMRA) - Greater Cairo Waste System
Greater Cairo Region,Qalyubia,Lower Middle Income,2021-04,3690,55.1,12.7,12,4.4,4.6,11.2,12.6,5729290,101408,1783369,250826,5286,24214,6448,1045595,41,35.2,12.6,1.5,Waste Management Regulatory Authority (WMRA) - Greater Cairo Waste System
Greater Cairo Region,Qalyubia,Lower Middle Income,2021-05,3690,60.3,14,6,4.3,1.7,13.7,12.4,5737311,86060,1783369,250826,5286,24214,6448,1047059,47.8,41.7,11.5,1.7,Waste Management Regulatory Authority (WMRA) - Greater Cairo Waste System
Greater Cairo Region,Qalyubia,Lower Middle Income,2021-06,3690,54.6,5.5,8.5,12.5,0.5,18.4,12.6,5745344,86180,1783369,250826,5286,24214,6448,1048525,44.1,38.1,12.3,1.3,Waste Management Regulatory Authority (WMRA) - Greater Cairo Waste System
Greater Cairo Region,Qalyubia,Lower Middle Income,2021-07,3690,57.4,10.9,4.9,4.9,8.9,13,12.8,5753387,86301,1841714,244351,5008,24069,6320,1049993,48.3,35.8,11.7,1.4,Waste Management Regulatory Authority (WMRA) - Greater Cairo Waste System
Greater Cairo Region,Qalyubia,Lower Middle Income,2021-08,3690,51.4,15.8,10.6,0.5,3.1,18.6,12.8,5761442,86422,1841714,244351,5008,24069,6320,1051463,47.5,35.1,11.8,1.4,Waste Management Regulatory Authority (WMRA) - Greater Cairo Waste System
Greater Cairo Region,Qalyubia,Lower Middle Income,2021-09,3690,69.4,2.4,14.6,3.9,0.6,9.2,13.5,5769508,86543,1841714,244351,5008,24069,6320,1052935,38.6,32.9,11.9,1.9,Waste Management Regulatory Authority (WMRA) - Greater Cairo Waste System
Greater Cairo Region,Qalyubia,Lower Middle Income,2021-10,3690,63.2,10.5,6.6,4.2,0.5,15.1,14.1,5777585,86664,1744242,234212,5175,24518,6391,1054409,39.2,33.5,13.4,1.9,Waste Management Regulatory Authority (WMRA) - Greater Cairo Waste System
Greater Cairo Region,Qalyubia,Lower Middle Income,2021-11,3690,58.7,8.6,8.6,6.1,3.4,14.6,13.1,5785674,86785,1744242,234212,5175,24518,6391,1055886,41,35.2,10.4,1.8,Waste Management Regulatory Authority (WMRA) - Greater Cairo Waste System
Greater Cairo Region,Qalyubia,Lower Middle Income,2021-12,3690,56.3,14.3,11.9,3,3.6,10.9,13,5793774,86907,1744242,234212,5175,24518,6391,1057364,35.2,29.7,10.9,2,Waste Management Regulatory Authority (WMRA) - Greater Cairo Waste System
Greater Cairo Region,Qalyubia,Lower Middle Income,2022-01,4295,51,10.9,9.4,4,2.6,22.2,13.6,5801885,87028,1859185,250757,5450,25828,6705,1058844,39.4,33.7,11.2,2,Waste Management Regulatory Authority (WMRA) - Greater Cairo Waste System
Greater Cairo Region,Qalyubia,Lower Middle Income,2022-02,4295,59.7,11.5,14.3,1.7,1.9,10.8,14.7,5810008,87150,1859185,250757,5450,25828,6705,1060326,46.3,40.2,11.4,2.6,Waste Management Regulatory Authority (WMRA) - Greater Cairo Waste System
Greater Cairo Region,Qalyubia,Lower Middle Income,2022-03,4295,58,14.9,8.6,6.7,0.5,11.3,13.6,5818142,87272,1859185,250757,5450,25828,6705,1061811,48.1,41.9,13.7,1.6,Waste Management Regulatory Authority (WMRA) - Greater Cairo Waste System
Greater Cairo Region,Qalyubia,Lower Middle Income,2022-04,4295,61.1,8.2,3,2.8,5.8,19,14.7,5826287,103125,1869947,238835,5237,24697,6413,1063297,44.9,38.9,11.8,2.5,Waste Management Regulatory Authority (WMRA) - Greater Cairo Waste System
Greater Cairo Region,Qalyubia,Lower Middle Income,2022-05,4295,54.2,15.9,12.5,8.9,1.7,6.7,14.8,5834444,87517,1869947,238835,5237,24697,6413,1064786,48.7,42.5,10.3,2,Waste Management Regulatory Authority (WMRA) - Greater Cairo Waste System
Greater Cairo Region,Qalyubia,Lower Middle Income,2022-06,4295,61.4,10,7.9,3.2,1.8,15.8,14.1,5842612,87639,1869947,238835,5237,24697,6413,1066277,40.3,34.5,13.9,1.4,Waste Management Regulatory Authority (WMRA) - Greater Cairo Waste System
Greater Cairo Region,Qalyubia,Lower Middle Income,2022-07,4295,55.7,10.9,10.8,3.9,6.3,12.4,14.6,5850792,87762,1868890,242263,5278,24910,6379,1067770,49.9,43.6,11.8,1.3,Waste Management Regulatory Authority (WMRA) - Greater Cairo Waste System
Greater Cairo Region,Qalyubia,Lower Middle Income,2022-08,4295,58.7,12.1,9.9,0.9,0.5,17.8,15.2,5858983,87885,1868890,242263,5278,24910,6379,1069264,35.9,30.4,12.8,2.5,Waste Management Regulatory Authority (WMRA) - Greater Cairo Waste System
Greater Cairo Region,Qalyubia,Lower Middle Income,2022-09,4295,52.8,11.8,14.5,2.6,6.5,11.9,14.5,5867186,88008,1868890,242263,5278,24910,6379,1070761,42.9,37,13,2.7,Waste Management Regulatory Authority (WMRA) - Greater Cairo Waste System
Greater Cairo Region,Qalyubia,Lower Middle Income,2022-10,4295,57.5,7.1,17,0.6,6.7,11.1,14.7,5875400,88131,1774172,258601,5424,24485,6469,1072260,42.4,36.5,10.4,2.6,Waste Management Regulatory Authority (WMRA) - Greater Cairo Waste System
Greater Cairo Region,Qalyubia,Lower Middle Income,2022-11,4295,56.3,20,2.9,0.5,5.6,14.8,14.7,5883625,88254,1774172,258601,5424,24485,6469,1073762,37.1,31.5,10.2,2.2,Waste Management Regulatory Authority (WMRA) - Greater Cairo Waste System
Greater Cairo Region,Qalyubia,Lower Middle Income,2022-12,4295,55.9,10,17,4.2,0.5,12.3,14.7,5891862,88378,1774172,258601,5424,24485,6469,1075265,41.5,35.6,11.9,2.5,Waste Management Regulatory Authority (WMRA) - Greater Cairo Waste System
Greater Cairo Region,Qalyubia,Lower Middle Income,2023-01,3700,53,20,7.6,6.4,1.1,12,14.9,5900111,88502,1888220,260313,5057,24448,6775,1076770,41,35.2,11.8,1.7,Waste Management Regulatory Authority (WMRA) - Greater Cairo Waste System
Greater Cairo Region,Qalyubia,Lower Middle Income,2023-02,3700,49.6,16.1,15.7,0.5,0.5,17.6,14.8,5908371,88626,1888220,260313,5057,24448,6775,1078278,36.1,30.6,13.9,2.2,Waste Management Regulatory Authority (WMRA) - Greater Cairo Waste System
Greater Cairo Region,Qalyubia,Lower Middle Income,2023-03,3700,59.1,18.9,6.9,0.5,4.2,10.4,15.5,5916643,104725,1888220,260313,5057,24448,6775,1079787,48.7,42.5,11.9,2,Waste Management Regulatory Authority (WMRA) - Greater Cairo Waste System
Greater Cairo Region,Qalyubia,Lower Middle Income,2023-04,3700,58.8,15.6,0.6,11.7,3.5,9.9,15.3,5924926,88874,1792663,250635,5283,26328,6802,1081299,40.2,34.4,13,2.4,Waste Management Regulatory Authority (WMRA) - Greater Cairo Waste System
Greater Cairo Region,Qalyubia,Lower Middle Income,2023-05,3700,48.5,15.9,11.8,9.1,0.5,14.3,15.8,5933221,88998,1792663,250635,5283,26328,6802,1082813,43.3,37.4,12,1.6,Waste Management Regulatory Authority (WMRA) - Greater Cairo Waste System
Greater Cairo Region,Qalyubia,Lower Middle Income,2023-06,3700,56.1,15.2,14,1.2,2.5,11.1,15.3,5941527,89123,1792663,250635,5283,26328,6802,1084329,46.1,40.1,13.7,2.7,Waste Management Regulatory Authority (WMRA) - Greater Cairo Waste System
Greater Cairo Region,Qalyubia,Lower Middle Income,2023-07,3700,57.8,16.3,3.4,8.7,0.5,13.2,16.1,5949846,89248,1922046,253185,5073,24935,6792,1085847,43.5,37.6,10.9,2.7,Waste Management Regulatory Authority (WMRA) - Greater Cairo Waste System
Greater Cairo Region,Qalyubia,Lower Middle Income,2023-08,3700,57.8,13.6,10.9,0.5,0.5,16.7,16.4,5958175,89373,1922046,253185,5073,24935,6792,1087367,39.1,33.4,10.9,2.5,Waste Management Regulatory Authority (WMRA) - Greater Cairo Waste System
Greater Cairo Region,Qalyubia,Lower Middle Income,2023-09,3700,55.2,11.3,14.3,0.5,4.3,14.4,15.5,5966517,89498,1922046,253185,5073,24935,6792,1088889,39.2,33.5,12.1,2.3,Waste Management Regulatory Authority (WMRA) - Greater Cairo Waste System
Greater Cairo Region,Qalyubia,Lower Middle Income,2023-10,3700,61.3,11.9,8.6,0.5,5.4,12.3,16.5,5974870,89623,1861920,258960,5593,24993,6980,1090414,40.4,34.7,11.4,1.8,Waste Management Regulatory Authority (WMRA) - Greater Cairo Waste System
Greater Cairo Region,Qalyubia,Lower Middle Income,2023-11,3700,59.7,12,5.8,3,1.5,18,17,5983235,89749,1861920,258960,5593,24993,6980,1091940,42.3,36.4,13.4,1.5,Waste Management Regulatory Authority (WMRA) - Greater Cairo Waste System
Greater Cairo Region,Qalyubia,Lower Middle Income,2023-12,3700,46.8,10.2,13.4,5,8.3,16.3,16.2,5991611,89874,1861920,258960,5593,24993,6980,1093469,42.1,36.3,10.5,1.5,Waste Management Regulatory Authority (WMRA) - Greater Cairo Waste System
Greater Cairo Region,Qalyubia,Lower Middle Income,2024-01,3200,43.6,14.1,13.3,8.4,5.9,14.7,17.5,6000000,90000,1924735,248563,5168,25286,6512,1095000,47.1,41,10.2,1.4,Waste Management Regulatory Authority (WMRA) - Greater Cairo Waste System
Greater Cairo Region,Qalyubia,Lower Middle Income,2024-02,3200,57.9,10.1,9,0.5,9,13.5,17.1,6008400,90126,1924735,248563,5168,25286,6512,1096533,47.4,41.3,13.7,1.5,Waste Management Regulatory Authority (WMRA) - Greater Cairo Waste System
Greater Cairo Region,Qalyubia,Lower Middle Income,2024-03,3200,59.8,7.1,12.7,1.7,0.4,18.2,16.8,6016811,106497,1924735,248563,5168,25286,6512,1098068,44.3,38.4,13.9,2.2,Waste Management Regulatory Authority (WMRA) - Greater Cairo Waste System
Greater Cairo Region,Qalyubia,Lower Middle Income,2024-04,3200,57.6,13.3,9.7,5.5,3.6,10.3,17.2,6025235,90379,1956768,246040,5642,25403,6543,1099605,42.3,36.5,11.1,2.7,Waste Management Regulatory Authority (WMRA) - Greater Cairo Waste System
Greater Cairo Region,Qalyubia,Lower Middle Income,2024-05,3200,43.9,16.9,16.7,8.2,4.1,10.2,17.5,6033670,90505,1956768,246040,5642,25403,6543,1101145,47.5,41.4,11,2.7,Waste Management Regulatory Authority (WMRA) - Greater Cairo Waste System
Greater Cairo Region,Qalyubia,Lower Middle Income,2024-06,3200,47.8,9,7,11.6,9.2,15.4,17.5,6042117,90632,1956768,246040,5642,25403,6543,1102686,41.6,35.8,11.5,1.6,Waste Management Regulatory Authority (WMRA) - Greater Cairo Waste System
Greater Cairo Region,Qalyubia,Lower Middle Income,2024-07,3200,56,18,9.8,0.5,4.3,11.4,17.8,6050576,90759,1933587,261992,5232,25356,6937,1104230,45.6,33.7,13.8,1.5,Waste Management Regulatory Authority (WMRA) - Greater Cairo Waste System
Greater Cairo Region,Qalyubia,Lower Middle Income,2024-08,3200,61.5,14,9.2,4.5,3,7.7,17.3,6059047,90886,1933587,261992,5232,25356,6937,1105776,49.6,43.4,12.2,1.5,Waste Management Regulatory Authority (WMRA) - Greater Cairo Waste System
Greater Cairo Region,Qalyubia,Lower Middle Income,2024-09,3200,60.6,8.8,6,2.6,2.3,19.5,18,6067530,91013,1933587,261992,5232,25356,6937,1107324,39.7,34,10.5,1.8,Waste Management Regulatory Authority (WMRA) - Greater Cairo Waste System
Greater Cairo Region,Qalyubia,Lower Middle Income,2024-10,3200,57.8,15.4,11.3,5,4.4,6.1,17.4,6076024,91140,1926313,261074,5716,25673,6778,1108874,42.6,36.7,11.1,2.3,Waste Management Regulatory Authority (WMRA) - Greater Cairo Waste System
Greater Cairo Region,Qalyubia,Lower Middle Income,2024-11,3200,47.7,15.3,22.3,0.4,4.2,10.1,18.1,6084531,91268,1926313,261074,5716,25673,6778,1110427,38.5,32.8,12.6,2.3,Waste Management Regulatory Authority (WMRA) - Greater Cairo Waste System
Greater Cairo Region,Qalyubia,Lower Middle Income,2024-12,3200,63.9,7.5,12.4,0.5,1.8,13.8,17.9,6093049,91396,1926313,261074,5716,25673,6778,1111981,46.4,40.3,12.1,1.3,Waste Management Regulatory Authority (WMRA) - Greater Cairo Waste System
Greater Cairo Region,Qalyubia,Lower Middle Income,2025-01,3350,56,8.1,11.9,3.8,3.8,16.5,18.1,6101579,91524,1902354,270235,5518,26787,7157,1113538,36.7,31.1,12.2,1.8,Waste Management Regulatory Authority (WMRA) - Greater Cairo Waste System
Greater Cairo Region,Qalyubia,Lower Middle Income,2025-02,3350,50.3,16.1,7.7,8.6,4.2,13.1,19,6110122,91652,1902354,270235,5518,26787,7157,1115097,41.1,35.3,10.3,2.2,Waste Management Regulatory Authority (WMRA) - Greater Cairo Waste System
Greater Cairo Region,Qalyubia,Lower Middle Income,2025-03,3350,54.4,14.7,13.5,1.6,0.5,15.3,19.1,6118676,108300,1902354,270235,5518,26787,7157,1116658,44.2,38.2,10.6,2.6,Waste Management Regulatory Authority (WMRA) - Greater Cairo Waste System
Greater Cairo Region,Qalyubia,Lower Middle Income,2025-04,3350,69,10.6,8.1,3.2,0.7,8.5,19,6127242,91909,1971573,265381,5650,25744,7178,1118222,49.5,43.3,12.2,2.6,Waste Management Regulatory Authority (WMRA) - Greater Cairo Waste System
Greater Cairo Region,Qalyubia,Lower Middle Income,2025-05,3350,52,15.7,4.8,2.7,11,13.9,18.5,6135820,92037,1971573,265381,5650,25744,7178,1119787,41.2,35.4,12.1,1.7,Waste Management Regulatory Authority (WMRA) - Greater Cairo Waste System
Greater Cairo Region,Qalyubia,Lower Middle Income,2025-06,3350,53,8.5,17.2,1.6,1.9,17.8,19,6144410,92166,1971573,265381,5650,25744,7178,1121355,47.8,41.6,10.3,2.3,Waste Management Regulatory Authority (WMRA) - Greater Cairo Waste System
Greater Cairo Region,Qalyubia,Lower Middle Income,2025-07,3350,54.8,13,8.8,3,4.5,15.9,19.7,6153012,92295,1947710,255817,5361,25859,6969,1122925,35.3,29.8,10.9,2,Waste Management Regulatory Authority (WMRA) - Greater Cairo Waste System
Greater Cairo Region,Qalyubia,Lower Middle Income,2025-08,3350,61.7,11.1,8.6,0.6,0.6,17.5,19.4,6161627,92424,1947710,255817,5361,25859,6969,1124497,37.6,31.9,11.8,1.6,Waste Management Regulatory Authority (WMRA) - Greater Cairo Waste System
Greater Cairo Region,Qalyubia,Lower Middle Income,2025-09,3350,63,17.4,0.5,3.2,0.5,15.3,20.4,6170253,92554,1947710,255817,5361,25859,6969,1126071,43.6,37.7,13.9,1.6,Waste Management Regulatory Authority (WMRA) - Greater Cairo Waste System
Greater Cairo Region,Qalyubia,Lower Middle Income,2025-10,3350,57.5,16.3,10.4,0.5,0.5,14.8,19.8,6178891,92683,1841197,255060,5599,27440,7192,1127648,48,41.9,10.3,2,Waste Management Regulatory Authority (WMRA) - Greater Cairo Waste System
Greater Cairo Region,Qalyubia,Lower Middle Income,2025-11,3350,70.7,9.1,4.7,5.5,0.6,9.3,19.8,6187542,92813,1841197,255060,5599,27440,7192,1129226,37.3,31.7,12.1,2.7,Waste Management Regulatory Authority (WMRA) - Greater Cairo Waste System
Greater Cairo Region,Qalyubia,Lower Middle Income,2025-12,3350,62.5,12.6,7.4,1.1,3.5,12.9,19.8,6196204,92943,1841197,255060,5599,27440,7192,1130807,45,39,10.5,1.5,Waste Management Regulatory Authority (WMRA) - Greater Cairo Waste System
South Upper Egypt Region,Qena,Lower Middle Income,2021-01,3690,50.4,10.3,9.6,6.8,5.7,17.2,11.9,3328088,49921,1033974,135021,2991,14505,3597,607376,43.5,37.6,13.2,1.9,Ministry of Environment - National Waste Management Program
South Upper Egypt Region,Qena,Lower Middle Income,2021-02,3690,60.1,14.1,8.4,2.8,0.5,14.1,12.4,3332748,49991,1033974,135021,2991,14505,3597,608227,43.4,37.5,12.6,1.6,Ministry of Environment - National Waste Management Program
South Upper Egypt Region,Qena,Lower Middle Income,2021-03,3690,61.3,10.8,10.3,1.1,4,12.4,12.7,3337414,50061,1033974,135021,2991,14505,3597,609078,37.9,32.3,10,2.7,Ministry of Environment - National Waste Management Program
South Upper Egypt Region,Qena,Lower Middle Income,2021-04,3690,58.7,10.1,11.7,3.6,1.3,14.7,12.1,3342086,59155,1086817,137656,2991,14322,3700,609931,48.3,42.1,11.8,1.5,Ministry of Environment - National Waste Management Program
South Upper Egypt Region,Qena,Lower Middle Income,2021-05,3690,57.6,18.6,6.5,3.4,0.5,13.4,12,3346765,50201,1086817,137656,2991,14322,3700,610785,48.7,42.5,13.5,1.3,Ministry of Environment - National Waste Management Program
South Upper Egypt Region,Qena,Lower Middle Income,2021-06,3690,49.7,16,13.1,7.3,3.2,10.6,12,3351450,50272,1086817,137656,2991,14322,3700,611640,40.4,34.6,10.3,2,Ministry of Environment - National Waste Management Program
South Upper Egypt Region,Qena,Lower Middle Income,2021-07,3690,46.9,17,14,4,0.8,17.2,13,3356142,50342,1047812,149185,2880,14911,3727,612496,40.8,35,13.3,2.5,Ministry of Environment - National Waste Management Program
South Upper Egypt Region,Qena,Lower Middle Income,2021-08,3690,50.4,13.1,14.6,0.5,5.9,15.4,12.5,3360841,50413,1047812,149185,2880,14911,3727,613353,38.4,32.7,13.4,2.1,Ministry of Environment - National Waste Management Program
South Upper Egypt Region,Qena,Lower Middle Income,2021-09,3690,60.6,9.8,7.7,5.6,0.5,15.8,12.2,3365546,50483,1047812,149185,2880,14911,3727,614212,50,43.7,10.1,2.7,Ministry of Environment - National Waste Management Program
South Upper Egypt Region,Qena,Lower Middle Income,2021-10,3690,50.9,14.8,3.9,8.2,8.6,13.7,13.4,3370258,50554,1092384,144324,3148,14074,3639,615072,37,31.4,10.9,2.6,Ministry of Environment - National Waste Management Program
South Upper Egypt Region,Qena,Lower Middle Income,2021-11,3690,53.4,12.1,10.2,5.3,3.4,15.6,14.3,3374976,50625,1092384,144324,3148,14074,3639,615933,43.3,37.4,11.3,2.6,Ministry of Environment - National Waste Management Program
South Upper Egypt Region,Qena,Lower Middle Income,2021-12,3690,53.9,13.6,7.9,2.8,0.9,20.9,13.5,3379701,50696,1092384,144324,3148,14074,3639,616795,35.7,30.1,11.6,2.1,Ministry of Environment - National Waste Management Program
South Upper Egypt Region,Qena,Lower Middle Income,2022-01,4295,55.6,13.7,13.8,6.5,3.3,7.2,13.9,3384433,50766,1105768,140156,2918,14213,3761,617659,41.6,35.8,12.9,1.9,Ministry of Environment - National Waste Management Program
South Upper Egypt Region,Qena,Lower Middle Income,2022-02,4295,59.2,12.5,5.9,0.5,5.5,16.4,13.7,3389171,50838,1105768,140156,2918,14213,3761,618524,39.7,34,10,1.8,Ministry of Environment - National Waste Management Program
South Upper Egypt Region,Qena,Lower Middle Income,2022-03,4295,55,10.7,15.6,0.5,3.9,14.3,13.9,3393916,50909,1105768,140156,2918,14213,3761,619390,49.3,43.1,10.7,1.8,Ministry of Environment - National Waste Management Program
South Upper Egypt Region,Qena,Lower Middle Income,2022-04,4295,60.2,8.9,9.7,4.2,3.7,13.3,14.4,3398667,60156,1049157,145543,3147,14561,3892,620257,47.4,41.3,11.2,2.4,Ministry of Environment - National Waste Management Program
South Upper Egypt Region,Qena,Lower Middle Income,2022-05,4295,48.7,18.5,17.3,1.1,0.4,13.9,14,3403425,51051,1049157,145543,3147,14561,3892,621125,35.7,30.1,13.8,2.2,Ministry of Environment - National Waste Management Program
South Upper Egypt Region,Qena,Lower Middle Income,2022-06,4295,48.8,14.9,9.6,3.7,6.5,16.6,14.4,3408190,51123,1049157,145543,3147,14561,3892,621995,47.8,35.4,13.8,2.1,Ministry of Environment - National Waste Management Program
South Upper Egypt Region,Qena,Lower Middle Income,2022-07,4295,55,10.7,10.3,4.8,2.3,17,14.5,3412962,51194,1039288,145078,3017,14118,4026,622866,49.7,43.5,13.2,2.2,Ministry of Environment - National Waste Management Program
South Upper Egypt Region,Qena,Lower Middle Income,2022-08,4295,55.2,18.3,11.2,0.5,2.2,12.6,14.2,3417740,51266,1039288,145078,3017,14118,4026,623738,35.6,30.1,12.2,2.7,Ministry of Environment - National Waste Management Program
South Upper Egypt Region,Qena,Lower Middle Income,2022-09,4295,47.9,12,15,1.9,3.9,19.3,15.1,3422525,51338,1039288,145078,3017,14118,4026,624611,41.6,35.8,13.1,2.7,Ministry of Environment - National Waste Management Program
South Upper Egypt Region,Qena,Lower Middle Income,2022-10,4295,55.5,14.2,6.4,4.6,0.5,18.7,14.7,3427316,51410,1117081,143652,3135,13972,4015,625485,49.2,43,13.7,1.8,Ministry of Environment - National Waste Management Program
South Upper Egypt Region,Qena,Lower Middle Income,2022-11,4295,56.5,9.1,13.2,4.6,6.9,9.6,14.6,3432114,51482,1117081,143652,3135,13972,4015,626361,50,43.7,10.4,1.6,Ministry of Environment - National Waste Management Program
South Upper Egypt Region,Qena,Lower Middle Income,2022-12,4295,55.4,15.5,7.9,0.5,2.5,18.2,15.3,3436919,51554,1117081,143652,3135,13972,4015,627238,42.9,37,11.6,2.3,Ministry of Environment - National Waste Management Program
South Upper Egypt Region,Qena,Lower Middle Income,2023-01,3700,62.9,11.6,5.2,2.6,1.4,16.3,14.8,3441731,51626,1037739,140932,3233,14282,3928,628116,38.2,27.7,10.2,2,Ministry of Environment - National Waste Management Program
South Upper Egypt Region,Qena,Lower Middle Income,2023-02,3700,57.8,10.1,15.1,4.7,4.8,7.4,15.3,3446550,51698,1037739,140932,3233,14282,3928,628995,40.7,34.9,13.4,1.3,Ministry of Environment - National Waste Management Program
South Upper Egypt Region,Qena,Lower Middle Income,2023-03,3700,55.3,7.7,8.6,6.5,0.5,21.4,15.5,3451375,61090,1037739,140932,3233,14282,3928,629876,42.1,36.3,13.2,2.2,Ministry of Environment - National Waste Management Program
South Upper Egypt Region,Qena,Lower Middle Income,2023-04,3700,52.4,17,5.9,5.5,3.3,16,16,3456207,51843,1102157,150217,2987,15135,3859,630758,44.9,38.9,10.9,2.7,Ministry of Environment - National Waste Management Program
South Upper Egypt Region,Qena,Lower Middle Income,2023-05,3700,57.4,15.4,15.1,1.3,4.1,6.7,15.9,3461045,51916,1102157,150217,2987,15135,3859,631641,39.9,34.2,11,2.4,Ministry of Environment - National Waste Management Program
South Upper Egypt Region,Qena,Lower Middle Income,2023-06,3700,54.1,19.1,4.5,3.3,6.1,12.9,15.9,3465891,51988,1102157,150217,2987,15135,3859,632525,42,30.7,13.4,1.3,Ministry of Environment - National Waste Management Program
South Upper Egypt Region,Qena,Lower Middle Income,2023-07,3700,61.3,12.3,9,4,3.4,10.1,16.3,3470743,52061,1058227,148801,3135,15168,3733,633411,44.1,38.1,11.7,1.9,Ministry of Environment - National Waste Management Program
South Upper Egypt Region,Qena,Lower Middle Income,2023-08,3700,57.2,19.7,8.6,0.5,2.6,11.5,16.7,3475602,52134,1058227,148801,3135,15168,3733,634297,39.9,34.2,10.7,1.3,Ministry of Environment - National Waste Management Program
South Upper Egypt Region,Qena,Lower Middle Income,2023-09,3700,60.2,16.1,8.4,1.7,4.4,9.2,16.5,3480468,52207,1058227,148801,3135,15168,3733,635185,41.4,35.6,11.1,2.2,Ministry of Environment - National Waste Management Program
South Upper Egypt Region,Qena,Lower Middle Income,2023-10,3700,61.4,19.7,2.7,0.6,0.6,15,16.4,3485341,52280,1079761,150670,3138,15065,4049,636075,40.4,34.6,13.2,2.1,Ministry of Environment - National Waste Management Program
South Upper Egypt Region,Qena,Lower Middle Income,2023-11,3700,53.1,12.4,17.9,7.8,0.5,8.4,16,3490220,52353,1079761,150670,3138,15065,4049,636965,37.5,31.9,11.6,2.4,Ministry of Environment - National Waste Management Program
South Upper Egypt Region,Qena,Lower Middle Income,2023-12,3700,59.2,15.5,11,3.7,3.5,7.1,16.3,3495106,52427,1079761,150670,3138,15065,4049,637857,35.2,29.7,13.6,2,Ministry of Environment - National Waste Management Program
South Upper Egypt Region,Qena,Lower Middle Income,2024-01,3200,56.4,13.2,6.3,1.7,8.9,13.5,16.7,3500000,52500,1087209,144842,3267,14178,3771,638750,41.6,35.8,12.9,2.4,Ministry of Environment - National Waste Management Program
South Upper Egypt Region,Qena,Lower Middle Income,2024-02,3200,71.5,6.6,8.8,0.6,0.6,11.9,16.7,3504900,52574,1087209,144842,3267,14178,3771,639644,45.9,39.8,13.3,2.5,Ministry of Environment - National Waste Management Program
South Upper Egypt Region,Qena,Lower Middle Income,2024-03,3200,59.4,13.2,6.7,0.5,8.2,12,17,3509806,62123,1087209,144842,3267,14178,3771,640540,44.7,38.7,11.9,1.4,Ministry of Environment - National Waste Management Program
South Upper Egypt Region,Qena,Lower Middle Income,2024-04,3200,55.9,15.4,11.7,2.8,3.9,10.3,17.2,3514720,52721,1039528,146987,3271,14341,4165,641436,38,32.3,12.4,1.8,Ministry of Environment - National Waste Management Program
South Upper Egypt Region,Qena,Lower Middle Income,2024-05,3200,53.4,8.1,6.9,6,7.2,18.5,17.5,3519641,52795,1039528,146987,3271,14341,4165,642334,39.5,33.8,10.6,1.3,Ministry of Environment - National Waste Management Program
South Upper Egypt Region,Qena,Lower Middle Income,2024-06,3200,57.1,11.2,3.6,9.2,7.9,10.9,17.5,3524568,52869,1039528,146987,3271,14341,4165,643234,40.2,34.5,13.3,2.6,Ministry of Environment - National Waste Management Program
South Upper Egypt Region,Qena,Lower Middle Income,2024-07,3200,50.8,9.8,13.6,1.7,9.4,14.7,17.8,3529503,52943,1138128,154136,3064,14461,4174,644134,40.9,35.1,11.5,2.3,Ministry of Environment - National Waste Management Program
South Upper Egypt Region,Qena,Lower Middle Income,2024-08,3200,57.2,10.2,10.5,0.5,5.8,15.9,17.7,3534444,53017,1138128,154136,3064,14461,4174,645036,37.5,31.8,11.7,2.2,Ministry of Environment - National Waste Management Program
South Upper Egypt Region,Qena,Lower Middle Income,2024-09,3200,58,13.1,11.2,2,4.6,11.1,17.1,3539392,53091,1138128,154136,3064,14461,4174,645939,39.9,34.2,10.3,1.4,Ministry of Environment - National Waste Management Program
South Upper Egypt Region,Qena,Lower Middle Income,2024-10,3200,58.3,14.2,8.8,4.5,1.3,12.9,17.6,3544347,53165,1051271,157116,3103,15710,3974,646843,46.9,40.8,12.4,2.3,Ministry of Environment - National Waste Management Program
South Upper Egypt Region,Qena,Lower Middle Income,2024-11,3200,56.5,12.7,10.8,0.5,4.4,15.2,18,3549309,53240,1051271,157116,3103,15710,3974,647749,48.1,41.9,11.1,1.9,Ministry of Environment - National Waste Management Program
South Upper Egypt Region,Qena,Lower Middle Income,2024-12,3200,51.7,20.3,0.7,6.7,5.4,15.3,17.8,3554278,53314,1051271,157116,3103,15710,3974,648656,45.9,39.9,14,1.4,Ministry of Environment - National Waste Management Program
South Upper Egypt Region,Qena,Lower Middle Income,2025-01,3350,54.8,14.5,12.9,1.2,4,12.7,18.6,3559254,53389,1077021,153825,3282,14847,4080,649564,48.8,42.6,12.8,1.8,Ministry of Environment - National Waste Management Program
South Upper Egypt Region,Qena,Lower Middle Income,2025-02,3350,59,18.1,8.8,0.6,1.2,12.4,19.1,3564237,53464,1077021,153825,3282,14847,4080,650473,36.9,26.6,12.8,1.7,Ministry of Environment - National Waste Management Program
South Upper Egypt Region,Qena,Lower Middle Income,2025-03,3350,51.7,10.6,12,1.1,5,19.6,19.2,3569227,63175,1077021,153825,3282,14847,4080,651384,41.6,35.8,10.1,2.4,Ministry of Environment - National Waste Management Program
South Upper Egypt Region,Qena,Lower Middle Income,2025-04,3350,53.4,15.2,11.9,0.5,5,14.1,18.7,3574224,53613,1057344,156651,3145,15527,4139,652296,47.9,41.7,10,2.6,Ministry of Environment - National Waste Management Program
South Upper Egypt Region,Qena,Lower Middle Income,2025-05,3350,53.2,9.2,12.2,0.5,11,13.9,19.5,3579228,53688,1057344,156651,3145,15527,4139,653209,39.4,33.7,11.9,2.6,Ministry of Environment - National Waste Management Program
South Upper Egypt Region,Qena,Lower Middle Income,2025-06,3350,52,11,9.2,13.7,0.5,13.6,19.2,3584239,53764,1057344,156651,3145,15527,4139,654124,45.6,39.5,10.7,1.8,Ministry of Environment - National Waste Management Program
South Upper Egypt Region,Qena,Lower Middle Income,2025-07,3350,58.2,16.1,8.7,0.5,2.5,14,19.1,3589257,53839,1077402,156670,3306,15266,4110,655039,46.1,40.1,12.1,2,Ministry of Environment - National Waste Management Program
South Upper Egypt Region,Qena,Lower Middle Income,2025-08,3350,56.8,11.4,15.7,2.9,0.5,12.8,19.1,3594282,53914,1077402,156670,3306,15266,4110,655956,41.3,35.5,10.8,2.2,Ministry of Environment - National Waste Management Program
South Upper Egypt Region,Qena,Lower Middle Income,2025-09,3350,50.1,6.7,14.8,6.7,7.9,13.9,19.4,3599314,53990,1077402,156670,3306,15266,4110,656875,36.4,30.9,13.2,1.4,Ministry of Environment - National Waste Management Program
South Upper Egypt Region,Qena,Lower Middle Income,2025-10,3350,48.9,19.7,6.6,0.9,3.7,20.2,19.4,3604353,54065,1115854,153488,3369,15413,4087,657794,45.2,39.2,11.3,1.9,Ministry of Environment - National Waste Management Program
South Upper Egypt Region,Qena,Lower Middle Income,2025-11,3350,56.6,15.6,8.2,2.6,4.1,12.8,19.8,3609399,54141,1115854,153488,3369,15413,4087,658715,41.5,35.7,11,2,Ministry of Environment - National Waste Management Program
South Upper Egypt Region,Qena,Lower Middle Income,2025-12,3350,56.1,15.3,11.8,0.5,3.4,12.9,20,3614452,54217,1115854,153488,3369,15413,4087,659637,35.3,29.7,12.1,1.7,Ministry of Environment - National Waste Management Program
South Upper Egypt Region,Red Sea,Middle/High Urban,2021-01,3690,59.8,10.3,4.8,6.3,1.4,17.3,12.2,380353,5705,121454,15387,100,462,131,69414,49.7,43.4,12.6,2.5,Red Sea Governorate - Tourism Waste Collection System
South Upper Egypt Region,Red Sea,Middle/High Urban,2021-02,3690,48.2,16.8,12.6,4.7,2,15.7,12.6,380885,5713,121454,15387,100,462,131,69512,47.7,41.5,12.6,1.6,Red Sea Governorate - Tourism Waste Collection System
South Upper Egypt Region,Red Sea,Middle/High Urban,2021-03,3690,54.3,13.3,13.5,9.3,0.5,9.3,12.7,381418,5721,121454,15387,100,462,131,69609,41.4,35.6,13.5,2,Red Sea Governorate - Tourism Waste Collection System
South Upper Egypt Region,Red Sea,Middle/High Urban,2021-04,3690,61,7.2,10.1,6.5,3,12.2,11.8,381952,6760,118810,15789,104,505,130,69706,47.6,41.4,12.5,2,Red Sea Governorate - Tourism Waste Collection System
South Upper Egypt Region,Red Sea,Middle/High Urban,2021-05,3690,50.9,11.4,9.6,7.2,2.2,18.7,11.5,382487,5737,118810,15789,104,505,130,69804,41.1,35.3,11.3,2.6,Red Sea Governorate - Tourism Waste Collection System
South Upper Egypt Region,Red Sea,Middle/High Urban,2021-06,3690,51.1,19.7,5.6,5.7,0.5,17.4,13.1,383022,7181,118810,15789,104,505,130,69902,43.1,37.2,12.8,1.8,Red Sea Governorate - Tourism Waste Collection System
South Upper Egypt Region,Red Sea,Middle/High Urban,2021-07,3690,51.5,13.7,7.1,7.4,0.5,19.8,12.3,383559,7191,121609,16962,103,510,125,70000,49,42.8,12,2.4,Red Sea Governorate - Tourism Waste Collection System
South Upper Egypt Region,Red Sea,Middle/High Urban,2021-08,3690,57.5,8.3,15.2,1.9,3.2,13.9,12.8,384096,7201,121609,16962,103,510,125,70098,41.6,35.8,10.7,1.6,Red Sea Governorate - Tourism Waste Collection System
South Upper Egypt Region,Red Sea,Middle/High Urban,2021-09,3690,46.6,11.6,13.8,7.3,3.6,17.1,12.6,384633,5769,121609,16962,103,510,125,70196,43.9,37.9,11.9,2.4,Red Sea Governorate - Tourism Waste Collection System
South Upper Egypt Region,Red Sea,Middle/High Urban,2021-10,3690,57.9,12.8,12.9,3.9,2.1,10.4,12.5,385172,5778,124150,15778,100,470,129,70294,36.7,31.1,12,1.3,Red Sea Governorate - Tourism Waste Collection System
South Upper Egypt Region,Red Sea,Middle/High Urban,2021-11,3690,50.3,17,11.7,8,1.4,11.6,13.5,385711,5786,124150,15778,100,470,129,70392,42.9,37,11.5,1.3,Red Sea Governorate - Tourism Waste Collection System
South Upper Egypt Region,Red Sea,Middle/High Urban,2021-12,3690,54.4,16,8.9,7.1,0.5,13.1,13.8,386251,5794,124150,15778,100,470,129,70491,36.7,31.1,10.5,2.4,Red Sea Governorate - Tourism Waste Collection System
South Upper Egypt Region,Red Sea,Middle/High Urban,2022-01,4295,50.7,16,9.8,9.9,0.5,13.2,13.4,386792,5802,120622,15993,100,495,136,70590,45,39,13.3,1.3,Red Sea Governorate - Tourism Waste Collection System
South Upper Egypt Region,Red Sea,Middle/High Urban,2022-02,4295,55.3,15.1,6.8,10.4,3,9.5,12.7,387333,5810,120622,15993,100,495,136,70688,47.7,41.5,10.2,1.3,Red Sea Governorate - Tourism Waste Collection System
South Upper Egypt Region,Red Sea,Middle/High Urban,2022-03,4295,49.2,10.3,18.6,7.1,2.9,11.9,13.7,387876,5818,120622,15993,100,495,136,70787,44.7,38.7,10.7,2.7,Red Sea Governorate - Tourism Waste Collection System
South Upper Egypt Region,Red Sea,Middle/High Urban,2022-04,4295,64.9,16.7,0.5,6.4,3,8.5,14.2,388419,6875,123312,17039,107,480,128,70886,38.8,33.1,11.5,1.5,Red Sea Governorate - Tourism Waste Collection System
South Upper Egypt Region,Red Sea,Middle/High Urban,2022-05,4295,48.5,17.8,9.9,6.8,8.3,8.7,13.5,388962,5834,123312,17039,107,480,128,70986,36.6,31,14,1.4,Red Sea Governorate - Tourism Waste Collection System
South Upper Egypt Region,Red Sea,Middle/High Urban,2022-06,4295,52.1,16.6,9.7,0.5,3,18.1,14.4,389507,7304,123312,17039,107,480,128,71085,47.8,41.7,11,2.6,Red Sea Governorate - Tourism Waste Collection System
South Upper Egypt Region,Red Sea,Middle/High Urban,2022-07,4295,60.2,10.7,9.7,4.1,0.5,14.8,14.4,390052,7314,124611,16266,102,520,138,71184,47.3,41.2,12,2.5,Red Sea Governorate - Tourism Waste Collection System
South Upper Egypt Region,Red Sea,Middle/High Urban,2022-08,4295,55.4,17.2,4.2,8.7,1.5,13,14.7,390598,7324,124611,16266,102,520,138,71284,35.8,30.3,10.9,2.6,Red Sea Governorate - Tourism Waste Collection System
South Upper Egypt Region,Red Sea,Middle/High Urban,2022-09,4295,60,9.9,11.5,1,0.9,16.6,14.7,391145,5867,124611,16266,102,520,138,71384,43.3,37.4,10.6,2.1,Red Sea Governorate - Tourism Waste Collection System
South Upper Egypt Region,Red Sea,Middle/High Urban,2022-10,4295,55.3,8.7,11.8,4.1,3.7,16.3,14.4,391693,5875,117456,16862,106,483,127,71484,44.3,38.4,13.3,2.7,Red Sea Governorate - Tourism Waste Collection System
South Upper Egypt Region,Red Sea,Middle/High Urban,2022-11,4295,53.6,14.7,9.9,0.5,0.5,20.8,15.4,392241,5884,117456,16862,106,483,127,71584,43.6,37.6,12.9,1.6,Red Sea Governorate - Tourism Waste Collection System
South Upper Egypt Region,Red Sea,Middle/High Urban,2022-12,4295,51.1,15.2,7.8,3.4,0.9,21.5,15,392790,5892,117456,16862,106,483,127,71684,47.4,41.3,13.7,1.5,Red Sea Governorate - Tourism Waste Collection System
South Upper Egypt Region,Red Sea,Middle/High Urban,2023-01,3700,55.7,10.7,3.3,11.6,2.2,16.4,15.2,393340,5900,127743,17027,104,516,127,71785,41.1,35.3,11.7,2.2,Red Sea Governorate - Tourism Waste Collection System
South Upper Egypt Region,Red Sea,Middle/High Urban,2023-02,3700,57.1,10.7,12.2,1.6,0.5,17.8,14.9,393891,5908,127743,17027,104,516,127,71885,44.3,38.3,12.4,2.4,Red Sea Governorate - Tourism Waste Collection System
South Upper Egypt Region,Red Sea,Middle/High Urban,2023-03,3700,57.4,14.1,10.9,6.1,0.5,11.1,15.3,394442,6982,127743,17027,104,516,127,71986,49.6,43.3,12.2,1.6,Red Sea Governorate - Tourism Waste Collection System
South Upper Egypt Region,Red Sea,Middle/High Urban,2023-04,3700,51.8,9.1,10.9,8.3,7.8,12.1,15.2,394995,5925,123679,17170,111,512,140,72087,44.8,38.8,13.1,1.4,Red Sea Governorate - Tourism Waste Collection System
South Upper Egypt Region,Red Sea,Middle/High Urban,2023-05,3700,50.8,13.3,11,0.4,9,15.5,15.6,395548,5933,123679,17170,111,512,140,72188,40.6,34.8,13.5,2.1,Red Sea Governorate - Tourism Waste Collection System
South Upper Egypt Region,Red Sea,Middle/High Urban,2023-06,3700,59.7,17.8,12.2,0.5,2.4,7.3,16.6,396101,7428,123679,17170,111,512,140,72288,42.2,36.3,12.8,1.4,Red Sea Governorate - Tourism Waste Collection System
South Upper Egypt Region,Red Sea,Middle/High Urban,2023-07,3700,56.1,12.2,9.6,8.6,1,12.5,15.5,396656,7438,126799,17583,102,510,131,72390,49.7,43.4,12.6,1.6,Red Sea Governorate - Tourism Waste Collection System
South Upper Egypt Region,Red Sea,Middle/High Urban,2023-08,3700,63,6.1,10,0.6,0.6,19.7,15.5,397211,7448,126799,17583,102,510,131,72491,42.9,37,13.5,2.3,Red Sea Governorate - Tourism Waste Collection System
South Upper Egypt Region,Red Sea,Middle/High Urban,2023-09,3700,53.6,9.8,9.5,0.5,2.8,23.9,16.9,397767,5967,126799,17583,102,510,131,72592,45.5,39.4,13,1.4,Red Sea Governorate - Tourism Waste Collection System
South Upper Egypt Region,Red Sea,Middle/High Urban,2023-10,3700,61.2,12.9,10.2,0.5,0.5,14.7,16.3,398324,5975,122197,17320,111,482,133,72694,36.1,26,11.2,1.9,Red Sea Governorate - Tourism Waste Collection System
South Upper Egypt Region,Red Sea,Middle/High Urban,2023-11,3700,52.5,16.1,15.9,5.2,3.1,7.1,16.2,398882,5983,122197,17320,111,482,133,72796,46.3,40.3,10.2,2.5,Red Sea Governorate - Tourism Waste Collection System
South Upper Egypt Region,Red Sea,Middle/High Urban,2023-12,3700,57.5,8.1,8.1,7.6,6.9,11.7,17.1,399440,5992,122197,17320,111,482,133,72898,44.7,38.7,11.6,1.7,Red Sea Governorate - Tourism Waste Collection System
South Upper Egypt Region,Red Sea,Middle/High Urban,2024-01,3200,61.5,11.5,5.9,1.6,0.6,18.9,16.6,400000,6000,130617,17702,103,501,139,73000,35.4,29.9,13.6,1.4,Red Sea Governorate - Tourism Waste Collection System
South Upper Egypt Region,Red Sea,Middle/High Urban,2024-02,3200,59.2,15.8,6.5,0.5,3.3,14.7,17.6,400560,6008,130617,17702,103,501,139,73102,40.2,34.5,12.9,2.3,Red Sea Governorate - Tourism Waste Collection System
South Upper Egypt Region,Red Sea,Middle/High Urban,2024-03,3200,49.1,9.5,13.3,4.6,8.5,15.2,17.4,401120,7100,130617,17702,103,501,139,73204,38.9,33.2,12.5,1.6,Red Sea Governorate - Tourism Waste Collection System
South Upper Egypt Region,Red Sea,Middle/High Urban,2024-04,3200,58.8,8.1,11.7,2,0.5,18.9,17,401682,6025,121316,17654,104,504,132,73307,49.8,43.6,10.2,1.9,Red Sea Governorate - Tourism Waste Collection System
South Upper Egypt Region,Red Sea,Middle/High Urban,2024-05,3200,63.3,10.1,9.8,0.9,0.6,15.3,18.2,402244,6034,121316,17654,104,504,132,73410,37.8,32.2,10.3,2.4,Red Sea Governorate - Tourism Waste Collection System
South Upper Egypt Region,Red Sea,Middle/High Urban,2024-06,3200,52.8,8.7,14.1,6.2,3.8,14.3,17.3,402807,7552,121316,17654,104,504,132,73512,37.2,31.6,10.6,2.4,Red Sea Governorate - Tourism Waste Collection System
South Upper Egypt Region,Red Sea,Middle/High Urban,2024-07,3200,51.6,16.7,11.3,0.5,4,15.8,17.9,403371,7564,120716,16930,106,511,133,73615,38.2,32.5,13.5,2.1,Red Sea Governorate - Tourism Waste Collection System
South Upper Egypt Region,Red Sea,Middle/High Urban,2024-08,3200,64.7,15.9,8.8,0.6,0.6,9.4,17.8,403936,7574,120716,16930,106,511,133,73718,42.2,36.3,12.5,1.8,Red Sea Governorate - Tourism Waste Collection System
South Upper Egypt Region,Red Sea,Middle/High Urban,2024-09,3200,74.9,4,9.4,1.1,2.3,8.4,18.4,404502,6068,120716,16930,106,511,133,73822,44.9,38.9,10.5,1.3,Red Sea Governorate - Tourism Waste Collection System
South Upper Egypt Region,Red Sea,Middle/High Urban,2024-10,3200,58.8,8.1,14.9,1.3,2.7,14.3,18.6,405068,6076,130025,16386,107,529,138,73925,46.8,40.7,10.7,2.1,Red Sea Governorate - Tourism Waste Collection System
South Upper Egypt Region,Red Sea,Middle/High Urban,2024-11,3200,57.2,13.2,8.4,5.4,5,10.9,18.1,405635,6085,130025,16386,107,529,138,74028,44.9,38.9,10,2.1,Red Sea Governorate - Tourism Waste Collection System
South Upper Egypt Region,Red Sea,Middle/High Urban,2024-12,3200,52.2,16.2,11.7,7.1,3.4,9.3,18,406203,6093,130025,16386,107,529,138,74132,39.8,34.1,10.5,2,Red Sea Governorate - Tourism Waste Collection System
South Upper Egypt Region,Red Sea,Middle/High Urban,2025-01,3350,47.2,12.8,12.3,13.2,6.1,8.4,18.6,406771,6102,123758,18130,114,498,131,74236,44.7,38.7,13.8,2.1,Red Sea Governorate - Tourism Waste Collection System
South Upper Egypt Region,Red Sea,Middle/High Urban,2025-02,3350,48.6,20.2,8.4,3.8,0.5,18.6,18.2,407341,6110,123758,18130,114,498,131,74340,42.5,36.6,10.4,2.7,Red Sea Governorate - Tourism Waste Collection System
South Upper Egypt Region,Red Sea,Middle/High Urban,2025-03,3350,60.7,9.2,5.8,4.9,3.1,16.3,19.5,407911,7220,123758,18130,114,498,131,74444,47.8,35.4,10.4,1.9,Red Sea Governorate - Tourism Waste Collection System
South Upper Egypt Region,Red Sea,Middle/High Urban,2025-04,3350,60.9,12.5,8.1,3.6,0.8,14,18.9,408482,6127,128396,17856,113,531,137,74548,49.5,43.3,10.3,2,Red Sea Governorate - Tourism Waste Collection System
South Upper Egypt Region,Red Sea,Middle/High Urban,2025-05,3350,60,9.9,13.3,2.8,0.5,13.5,18.8,409054,6136,128396,17856,113,531,137,74652,43.2,37.3,11.9,1.4,Red Sea Governorate - Tourism Waste Collection System
South Upper Egypt Region,Red Sea,Middle/High Urban,2025-06,3350,50.3,11.9,10.3,6.8,7.3,13.4,19.2,409627,7680,128396,17856,113,531,137,74757,48.8,42.6,10.2,1.9,Red Sea Governorate - Tourism Waste Collection System
South Upper Egypt Region,Red Sea,Middle/High Urban,2025-07,3350,47.8,11.2,5.6,9.9,10.2,15.4,18.7,410200,7691,123202,17361,110,503,140,74862,36.8,31.2,10.3,1.5,Red Sea Governorate - Tourism Waste Collection System
South Upper Egypt Region,Red Sea,Middle/High Urban,2025-08,3350,60.1,14.3,11.7,0.5,2.6,10.7,18.9,410775,7702,123202,17361,110,503,140,74966,48.1,42,10.2,1.7,Red Sea Governorate - Tourism Waste Collection System
South Upper Egypt Region,Red Sea,Middle/High Urban,2025-09,3350,51.1,11.3,15.7,6.7,3.6,11.5,20,411350,6170,123202,17361,110,503,140,75071,46.8,40.7,10.3,2.5,Red Sea Governorate - Tourism Waste Collection System
South Upper Egypt Region,Red Sea,Middle/High Urban,2025-10,3350,58.8,12.1,10.6,3.8,1.3,13.4,19.3,411926,6179,126458,17555,115,543,145,75176,40.7,35,12.5,1.3,Red Sea Governorate - Tourism Waste Collection System
South Upper Egypt Region,Red Sea,Middle/High Urban,2025-11,3350,52.4,7.5,12.2,11.1,4.7,12.2,19.3,412502,6188,126458,17555,115,543,145,75282,44.9,38.9,13.6,2.1,Red Sea Governorate - Tourism Waste Collection System
South Upper Egypt Region,Red Sea,Middle/High Urban,2025-12,3350,49.9,16,7.6,6.5,4.4,15.6,20.1,413080,6196,126458,17555,115,543,145,75387,42.4,36.5,10.8,1.5,Red Sea Governorate - Tourism Waste Collection System
Suez Canal Region,Sharqia,Lower Middle Income,2021-01,3690,64.9,16.9,11.1,1.6,0.6,5,12.3,7416883,111253,2297178,327663,6888,30167,8387,1353581,43.6,37.7,12.2,1.7,Ministry of Environment - Central Administration for East Delta Region
Suez Canal Region,Sharqia,Lower Middle Income,2021-02,3690,50,17.2,11.7,4.3,0.5,16.3,12.5,7427267,111409,2297178,327663,6888,30167,8387,1355476,38.3,32.6,10,2.7,Ministry of Environment - Central Administration for East Delta Region
Suez Canal Region,Sharqia,Lower Middle Income,2021-03,3690,61.6,21.4,6.6,1.1,0.6,8.7,12,7437665,111565,2297178,327663,6888,30167,8387,1357374,45.4,39.4,10.8,2.6,Ministry of Environment - Central Administration for East Delta Region
Suez Canal Region,Sharqia,Lower Middle Income,2021-04,3690,62.8,14.2,7.4,0.5,7.6,7.5,11.8,7448078,131831,2309233,328847,6541,32048,8066,1359274,47.6,35.3,12.6,2.5,Ministry of Environment - Central Administration for East Delta Region
Suez Canal Region,Sharqia,Lower Middle Income,2021-05,3690,52.8,12.1,16.7,7.3,1,10.2,13.1,7458505,111878,2309233,328847,6541,32048,8066,1361177,44.4,32.6,11.2,2.3,Ministry of Environment - Central Administration for East Delta Region
Suez Canal Region,Sharqia,Lower Middle Income,2021-06,3690,61.6,7,10.8,3.6,1.6,15.4,12.6,7468947,112034,2309233,328847,6541,32048,8066,1363083,42.9,37,13.2,2.7,Ministry of Environment - Central Administration for East Delta Region
Suez Canal Region,Sharqia,Lower Middle Income,2021-07,3690,55.2,14.5,10.3,5.4,3.4,11.2,12.7,7479403,112191,2213977,328371,6387,32880,8702,1364991,37.1,31.5,11.5,1.7,Ministry of Environment - Central Administration for East Delta Region
Suez Canal Region,Sharqia,Lower Middle Income,2021-08,3690,60.7,11,7.3,2.9,2.7,15.3,13.4,7489875,112348,2213977,328371,6387,32880,8702,1366902,36,30.4,10.3,2.6,Ministry of Environment - Central Administration for East Delta Region
Suez Canal Region,Sharqia,Lower Middle Income,2021-09,3690,59.2,10.9,10.8,4.3,0.5,14.3,13.3,7500360,112505,2213977,328371,6387,32880,8702,1368816,41.4,35.6,13,2.7,Ministry of Environment - Central Administration for East Delta Region
Suez Canal Region,Sharqia,Lower Middle Income,2021-10,3690,55.6,12.5,10.1,1,10.2,10.7,13.4,7510861,112663,2246675,328527,6592,33177,8089,1370732,48.8,42.6,10.8,1.5,Ministry of Environment - Central Administration for East Delta Region
Suez Canal Region,Sharqia,Lower Middle Income,2021-11,3690,49.3,16.4,9.4,2.8,0.7,21.4,14.2,7521376,112821,2246675,328527,6592,33177,8089,1372651,41.1,35.3,13.6,2.2,Ministry of Environment - Central Administration for East Delta Region
Suez Canal Region,Sharqia,Lower Middle Income,2021-12,3690,52.2,13.9,9.6,4.6,7.7,11.8,13.2,7531906,112979,2246675,328527,6592,33177,8089,1374573,41.6,35.8,10.9,2.7,Ministry of Environment - Central Administration for East Delta Region
Suez Canal Region,Sharqia,Lower Middle Income,2022-01,4295,50,16.3,11.9,4.4,4.9,12.5,14,7542451,113137,2426851,304313,6928,33535,8429,1376497,36,25.9,12.1,2.3,Ministry of Environment - Central Administration for East Delta Region
Suez Canal Region,Sharqia,Lower Middle Income,2022-02,4295,51.6,11.5,7,8.1,0.5,21.4,13.7,7553010,113295,2426851,304313,6928,33535,8429,1378424,44.4,38.4,10.9,1.3,Ministry of Environment - Central Administration for East Delta Region
Suez Canal Region,Sharqia,Lower Middle Income,2022-03,4295,64.3,6.3,9.8,3.7,4.9,11,14,7563584,113454,2426851,304313,6928,33535,8429,1380354,45.6,39.5,10.7,1.4,Ministry of Environment - Central Administration for East Delta Region
Suez Canal Region,Sharqia,Lower Middle Income,2022-04,4295,64.8,13.1,7.3,0.6,6.7,7.5,14.6,7574173,134063,2304192,327319,7012,31225,8403,1382287,44.4,38.4,12.2,2.7,Ministry of Environment - Central Administration for East Delta Region
Suez Canal Region,Sharqia,Lower Middle Income,2022-05,4295,54.5,15.3,8.6,3.9,7.3,10.4,14.3,7584777,113772,2304192,327319,7012,31225,8403,1384222,36.9,31.3,10.3,2,Ministry of Environment - Central Administration for East Delta Region
Suez Canal Region,Sharqia,Lower Middle Income,2022-06,4295,50.4,10.2,13.6,8.6,0.5,16.8,14.5,7595396,113931,2304192,327319,7012,31225,8403,1386160,43.9,37.9,11.2,1.8,Ministry of Environment - Central Administration for East Delta Region
Suez Canal Region,Sharqia,Lower Middle Income,2022-07,4295,50,16.4,9.7,3.2,6.5,14.3,14.8,7606030,114090,2276215,337314,6552,31020,8531,1388100,42.6,36.7,11.8,1.9,Ministry of Environment - Central Administration for East Delta Region
Suez Canal Region,Sharqia,Lower Middle Income,2022-08,4295,63.8,16.6,10.4,0.5,0.7,8.1,14.4,7616678,114250,2276215,337314,6552,31020,8531,1390044,49.4,43.2,10.6,1.3,Ministry of Environment - Central Administration for East Delta Region
Suez Canal Region,Sharqia,Lower Middle Income,2022-09,4295,51.7,15.6,9.5,7.6,4.3,11.4,14.4,7627341,114410,2276215,337314,6552,31020,8531,1391990,41.5,35.7,11,1.6,Ministry of Environment - Central Administration for East Delta Region
Suez Canal Region,Sharqia,Lower Middle Income,2022-10,4295,56.8,15,10.8,4.5,0.5,12.4,14.4,7638020,114570,2328254,320299,6844,32453,8946,1393939,43.3,37.3,12.1,2.7,Ministry of Environment - Central Administration for East Delta Region
Suez Canal Region,Sharqia,Lower Middle Income,2022-11,4295,60,16.5,3.8,0.5,3,16.4,14.1,7648713,114731,2328254,320299,6844,32453,8946,1395890,44.7,38.7,11.6,1.5,Ministry of Environment - Central Administration for East Delta Region
Suez Canal Region,Sharqia,Lower Middle Income,2022-12,4295,52.7,16.6,10,3.4,6,11.5,15.9,7659421,114891,2328254,320299,6844,32453,8946,1397844,48.1,41.9,10.8,2.4,Ministry of Environment - Central Administration for East Delta Region
Suez Canal Region,Sharqia,Lower Middle Income,2023-01,3700,47.8,13.7,8.6,10.2,5.2,14.5,14.8,7670144,115052,2315552,326276,6982,32100,8929,1399801,47.1,41,10.1,1.5,Ministry of Environment - Central Administration for East Delta Region
Suez Canal Region,Sharqia,Lower Middle Income,2023-02,3700,53.1,15.7,8.3,5.1,0.5,17.4,15.2,7680882,115213,2315552,326276,6982,32100,8929,1401761,38.6,32.9,11.6,1.9,Ministry of Environment - Central Administration for East Delta Region
Suez Canal Region,Sharqia,Lower Middle Income,2023-03,3700,51,16.7,15.7,5.6,2.7,8.3,15.4,7691636,136142,2315552,326276,6982,32100,8929,1403724,40.5,34.7,12.4,1.6,Ministry of Environment - Central Administration for East Delta Region
Suez Canal Region,Sharqia,Lower Middle Income,2023-04,3700,55.5,12.9,11.4,10.1,0.5,9.6,15.7,7702404,115536,2419307,342913,7110,32332,8327,1405689,44,38.1,13.5,1.5,Ministry of Environment - Central Administration for East Delta Region
Suez Canal Region,Sharqia,Lower Middle Income,2023-05,3700,55.5,16.3,12.3,0.5,6,9.3,16,7713187,115698,2419307,342913,7110,32332,8327,1407657,40.2,34.4,10.6,2.4,Ministry of Environment - Central Administration for East Delta Region
Suez Canal Region,Sharqia,Lower Middle Income,2023-06,3700,49.7,11.9,7.3,7.2,4,19.8,16.2,7723986,115860,2419307,342913,7110,32332,8327,1409627,45.8,39.7,10.3,1.7,Ministry of Environment - Central Administration for East Delta Region
Suez Canal Region,Sharqia,Lower Middle Income,2023-07,3700,49.7,11.2,13.3,3.4,8,14.5,15.8,7734799,116022,2364728,327719,6885,31321,9058,1411601,39,33.3,13.1,2.2,Ministry of Environment - Central Administration for East Delta Region
Suez Canal Region,Sharqia,Lower Middle Income,2023-08,3700,47.8,18.1,13.8,8,0.5,11.8,16,7745628,116184,2364728,327719,6885,31321,9058,1413577,47.6,41.5,12.7,1.3,Ministry of Environment - Central Administration for East Delta Region
Suez Canal Region,Sharqia,Lower Middle Income,2023-09,3700,52,9.3,16.4,3.7,2.9,15.7,16.4,7756472,116347,2364728,327719,6885,31321,9058,1415556,41.6,35.8,13,1.9,Ministry of Environment - Central Administration for East Delta Region
Suez Canal Region,Sharqia,Lower Middle Income,2023-10,3700,69.5,0.6,8.8,0.6,5.4,15.2,16.3,7767331,116510,2471607,332068,7279,33712,8463,1417538,50,43.7,12,2.7,Ministry of Environment - Central Administration for East Delta Region
Suez Canal Region,Sharqia,Lower Middle Income,2023-11,3700,53.9,4.6,8.3,8.3,8.5,16.3,17.1,7778205,116673,2471607,332068,7279,33712,8463,1419522,42.1,36.2,13,1.8,Ministry of Environment - Central Administration for East Delta Region
Suez Canal Region,Sharqia,Lower Middle Income,2023-12,3700,49.1,17.5,12.4,3.4,0.5,17.1,16.9,7789095,116836,2471607,332068,7279,33712,8463,1421510,47.3,41.2,10.6,2.7,Ministry of Environment - Central Administration for East Delta Region
Suez Canal Region,Sharqia,Lower Middle Income,2024-01,3200,51.2,13.7,9.8,9.7,2.4,13.3,17.1,7800000,117000,2371711,327548,7151,34374,8758,1423500,49.9,43.6,12,2,Ministry of Environment - Central Administration for East Delta Region
Suez Canal Region,Sharqia,Lower Middle Income,2024-02,3200,60.3,10,12.8,2.9,0.5,13.5,17.2,7810920,117164,2371711,327548,7151,34374,8758,1425493,46.3,40.2,13.4,2.6,Ministry of Environment - Central Administration for East Delta Region
Suez Canal Region,Sharqia,Lower Middle Income,2024-03,3200,56.4,15.9,13.8,2.5,0.4,10.9,17.6,7821855,138447,2371711,327548,7151,34374,8758,1427489,49.7,43.4,10.7,2.6,Ministry of Environment - Central Administration for East Delta Region
Suez Canal Region,Sharqia,Lower Middle Income,2024-04,3200,56.9,13.4,9.5,7.5,0.6,12.1,17.3,7832805,117492,2521403,339824,6973,34655,8922,1429487,48.8,42.6,13.2,1.8,Ministry of Environment - Central Administration for East Delta Region
Suez Canal Region,Sharqia,Lower Middle Income,2024-05,3200,51.8,17.5,5.5,4.7,2.5,17.9,16.8,7843771,117657,2521403,339824,6973,34655,8922,1431488,39.4,33.7,11.4,1.8,Ministry of Environment - Central Administration for East Delta Region
Suez Canal Region,Sharqia,Lower Middle Income,2024-06,3200,58.5,13.4,7.8,0.5,3.8,16,17.7,7854753,117821,2521403,339824,6973,34655,8922,1433492,40.4,34.6,11,1.7,Ministry of Environment - Central Administration for East Delta Region
Suez Canal Region,Sharqia,Lower Middle Income,2024-07,3200,57.3,9.6,12.6,6.5,0.6,13.4,17.3,7865749,117986,2494535,327362,7152,33795,8785,1435499,49.7,43.5,12.6,2.3,Ministry of Environment - Central Administration for East Delta Region
Suez Canal Region,Sharqia,Lower Middle Income,2024-08,3200,48.7,18.4,4.7,6.3,2.7,19.2,17.5,7876761,118151,2494535,327362,7152,33795,8785,1437509,39.8,29,13.3,1.5,Ministry of Environment - Central Administration for East Delta Region
Suez Canal Region,Sharqia,Lower Middle Income,2024-09,3200,64.3,16,3.9,0.6,6.7,8.5,18.1,7887789,118317,2494535,327362,7152,33795,8785,1439521,47.1,41,10.2,2.2,Ministry of Environment - Central Administration for East Delta Region
Suez Canal Region,Sharqia,Lower Middle Income,2024-10,3200,53.6,16.6,12.5,1.1,0.5,15.7,18.5,7898832,118482,2424170,319738,6967,35078,8668,1441537,40.5,34.7,13.6,2.6,Ministry of Environment - Central Administration for East Delta Region
Suez Canal Region,Sharqia,Lower Middle Income,2024-11,3200,58.4,10,6.4,1.9,5.2,18.1,18.1,7909890,118648,2424170,319738,6967,35078,8668,1443555,49.3,43.1,13,1.7,Ministry of Environment - Central Administration for East Delta Region
Suez Canal Region,Sharqia,Lower Middle Income,2024-12,3200,53.1,7.3,20.2,3.5,4.2,11.6,18.4,7920964,118814,2424170,319738,6967,35078,8668,1445576,40.5,34.7,12.7,1.6,Ministry of Environment - Central Administration for East Delta Region
Suez Canal Region,Sharqia,Lower Middle Income,2025-01,3350,52.1,15.1,10,9.7,1.6,11.5,19.1,7932053,118981,2423442,330485,6968,32767,8561,1447600,37.6,32,10.1,2.5,Ministry of Environment - Central Administration for East Delta Region
Suez Canal Region,Sharqia,Lower Middle Income,2025-02,3350,57,14.8,10.9,0.5,4.4,12.5,18.6,7943158,119147,2423442,330485,6968,32767,8561,1449626,36.2,30.6,12.6,2.2,Ministry of Environment - Central Administration for East Delta Region
Suez Canal Region,Sharqia,Lower Middle Income,2025-03,3350,59.4,13,6,0.5,0.5,20.7,19.7,7954279,140791,2423442,330485,6968,32767,8561,1451656,42.3,36.5,11.8,2.7,Ministry of Environment - Central Administration for East Delta Region
Suez Canal Region,Sharqia,Lower Middle Income,2025-04,3350,60.7,13.1,7.4,0.5,0.5,17.7,19,7965415,119481,2470709,339693,7009,34730,9396,1453688,35,29.5,12.2,2.1,Ministry of Environment - Central Administration for East Delta Region
Suez Canal Region,Sharqia,Lower Middle Income,2025-05,3350,52,13.5,9.2,7.9,1.5,15.9,18.2,7976566,119648,2470709,339693,7009,34730,9396,1455723,36.6,31,12.5,2,Ministry of Environment - Central Administration for East Delta Region
Suez Canal Region,Sharqia,Lower Middle Income,2025-06,3350,62.5,10.9,6.9,0.6,6.6,12.6,19.4,7987733,119816,2470709,339693,7009,34730,9396,1457761,43.7,37.8,11.1,1.4,Ministry of Environment - Central Administration for East Delta Region
Suez Canal Region,Sharqia,Lower Middle Income,2025-07,3350,50.3,15.5,11,7.5,4.8,10.8,19.4,7998916,119984,2578355,353871,7493,33803,9411,1459802,49,42.8,10.8,1.3,Ministry of Environment - Central Administration for East Delta Region
Suez Canal Region,Sharqia,Lower Middle Income,2025-08,3350,56.8,13.6,6.5,0.5,0.5,22.2,19.8,8010115,120152,2578355,353871,7493,33803,9411,1461846,47.5,41.4,11.4,2.7,Ministry of Environment - Central Administration for East Delta Region
Suez Canal Region,Sharqia,Lower Middle Income,2025-09,3350,48.3,15.9,7.1,6.8,6,15.8,19.8,8021329,120320,2578355,353871,7493,33803,9411,1463893,38.7,33,12.2,1.7,Ministry of Environment - Central Administration for East Delta Region
Suez Canal Region,Sharqia,Lower Middle Income,2025-10,3350,50.3,16.3,10.1,9.4,0.4,13.5,19.5,8032559,120488,2612605,354753,7497,34940,9326,1465942,49,42.8,13.1,1.4,Ministry of Environment - Central Administration for East Delta Region
Suez Canal Region,Sharqia,Lower Middle Income,2025-11,3350,66.7,10.7,14.4,0.6,0.6,7.1,19.2,8043804,120657,2612605,354753,7497,34940,9326,1467994,46.3,40.2,11.7,2.2,Ministry of Environment - Central Administration for East Delta Region
Suez Canal Region,Sharqia,Lower Middle Income,2025-12,3350,53.3,10.4,15.9,6.3,4.1,10,19.8,8055066,120826,2612605,354753,7497,34940,9326,1470050,41,35.2,13.3,2.4,Ministry of Environment - Central Administration for East Delta Region
South Upper Egypt Region,Sohag,Lower Middle Income,2021-01,3690,59.1,17.2,11,0.6,0.6,11.6,11.8,5229853,78448,1676058,232195,4670,22709,5978,954448,36.1,30.5,11.8,1.9,Sohag Governorate - Environment and Waste Management
South Upper Egypt Region,Sohag,Lower Middle Income,2021-02,3690,56.1,19.5,9.6,4.1,1.5,9.2,12.3,5237175,78558,1676058,232195,4670,22709,5978,955784,44.2,38.3,12.8,1.8,Sohag Governorate - Environment and Waste Management
South Upper Egypt Region,Sohag,Lower Middle Income,2021-03,3690,58.2,19.3,6.2,3.6,1,11.7,13,5244507,78668,1676058,232195,4670,22709,5978,957123,39.3,33.6,12.5,1.4,Sohag Governorate - Environment and Waste Management
South Upper Egypt Region,Sohag,Lower Middle Income,2021-04,3690,59.2,7,10.3,6.2,1.9,15.4,12.6,5251850,92958,1642371,228204,4816,23112,6170,958463,49.4,43.2,12.1,1.4,Sohag Governorate - Environment and Waste Management
South Upper Egypt Region,Sohag,Lower Middle Income,2021-05,3690,65,20.6,4.5,3,3,3.9,12,5259202,78888,1642371,228204,4816,23112,6170,959804,38.4,32.7,11.1,2.7,Sohag Governorate - Environment and Waste Management
South Upper Egypt Region,Sohag,Lower Middle Income,2021-06,3690,54.7,10.3,14.6,1.5,0.5,18.4,12.9,5266565,78998,1642371,228204,4816,23112,6170,961148,42.8,36.9,11,1.4,Sohag Governorate - Environment and Waste Management
South Upper Egypt Region,Sohag,Lower Middle Income,2021-07,3690,61.9,5.8,10.8,0.6,0.6,20.3,13.3,5273938,79109,1640716,233873,4665,22325,5864,962494,40.8,29.8,10.5,1.8,Sohag Governorate - Environment and Waste Management
South Upper Egypt Region,Sohag,Lower Middle Income,2021-08,3690,51.6,14,12.5,7.8,0.4,13.6,12.7,5281322,79220,1640716,233873,4665,22325,5864,963841,44.6,38.6,10.5,1.9,Sohag Governorate - Environment and Waste Management
South Upper Egypt Region,Sohag,Lower Middle Income,2021-09,3690,57.5,10.8,13.1,0.5,0.5,17.6,13,5288716,79331,1640716,233873,4665,22325,5864,965191,47.8,41.7,13.8,2.2,Sohag Governorate - Environment and Waste Management
South Upper Egypt Region,Sohag,Lower Middle Income,2021-10,3690,55.2,12.9,6.1,6.6,5.5,13.6,13.2,5296120,79442,1710160,226245,4697,22967,5855,966542,46.8,40.7,12.6,2.4,Sohag Governorate - Environment and Waste Management
South Upper Egypt Region,Sohag,Lower Middle Income,2021-11,3690,51.3,11.4,13.5,9.4,1.6,12.8,13,5303534,79553,1710160,226245,4697,22967,5855,967895,47.1,41,13.6,2.2,Sohag Governorate - Environment and Waste Management
South Upper Egypt Region,Sohag,Lower Middle Income,2021-12,3690,51.8,13.3,7,0.5,7.4,20,13.8,5310959,79664,1710160,226245,4697,22967,5855,969250,45.4,33.5,13.4,2.5,Sohag Governorate - Environment and Waste Management
South Upper Egypt Region,Sohag,Lower Middle Income,2022-01,4295,55.8,9.2,9.7,3.4,7.2,14.8,13.6,5318395,79776,1602809,216538,4757,22474,5948,970607,40.8,35,12.6,2.3,Sohag Governorate - Environment and Waste Management
South Upper Egypt Region,Sohag,Lower Middle Income,2022-02,4295,54.1,8,13.6,6.6,7.4,10.3,13.9,5325840,79888,1602809,216538,4757,22474,5948,971966,36.2,30.7,12.6,2,Sohag Governorate - Environment and Waste Management
South Upper Egypt Region,Sohag,Lower Middle Income,2022-03,4295,61.2,5.8,12.5,0.5,0.5,19.5,13.5,5333297,79999,1602809,216538,4757,22474,5948,973327,43.4,37.4,12.2,2,Sohag Governorate - Environment and Waste Management
South Upper Egypt Region,Sohag,Lower Middle Income,2022-04,4295,58.3,9.6,6.9,4,4.4,16.8,13.8,5340763,94531,1657468,227022,4573,21617,6090,974689,47,40.9,10.3,1.5,Sohag Governorate - Environment and Waste Management
South Upper Egypt Region,Sohag,Lower Middle Income,2022-05,4295,60.7,7.6,11.9,2.2,0.6,17.1,14.4,5348240,80224,1657468,227022,4573,21617,6090,976054,37.5,31.9,13.6,1.4,Sohag Governorate - Environment and Waste Management
South Upper Egypt Region,Sohag,Lower Middle Income,2022-06,4295,59.4,15.2,7,6.4,0.5,11.4,14.2,5355728,80336,1657468,227022,4573,21617,6090,977420,46.6,40.5,10.3,2.5,Sohag Governorate - Environment and Waste Management
South Upper Egypt Region,Sohag,Lower Middle Income,2022-07,4295,41.2,15,9.9,6.2,6.5,21.2,15.1,5363226,80448,1714582,238645,5023,23161,6181,978789,35.1,25.2,11.5,1.3,Sohag Governorate - Environment and Waste Management
South Upper Egypt Region,Sohag,Lower Middle Income,2022-08,4295,46.8,15.8,11.8,6.8,8.4,10.4,14.3,5370734,80561,1714582,238645,5023,23161,6181,980159,36.9,31.3,12.6,2.6,Sohag Governorate - Environment and Waste Management
South Upper Egypt Region,Sohag,Lower Middle Income,2022-09,4295,51.8,13.7,9,5,8.9,11.5,14.8,5378253,80674,1714582,238645,5023,23161,6181,981531,43.1,37.2,10.5,2.3,Sohag Governorate - Environment and Waste Management
South Upper Egypt Region,Sohag,Lower Middle Income,2022-10,4295,57.6,14.2,9.6,0.5,0.5,17.5,15.2,5385783,80787,1608118,221998,4693,22188,6148,982905,48.1,41.9,11.5,1.9,Sohag Governorate - Environment and Waste Management
South Upper Egypt Region,Sohag,Lower Middle Income,2022-11,4295,66.9,9,6,4.4,0.5,13.2,14.3,5393323,80900,1608118,221998,4693,22188,6148,984281,49.2,43,13.7,1.7,Sohag Governorate - Environment and Waste Management
South Upper Egypt Region,Sohag,Lower Middle Income,2022-12,4295,47.1,17.9,6.7,10.1,7.2,11.1,14.4,5400874,81013,1608118,221998,4693,22188,6148,985660,49.5,43.2,10.7,1.3,Sohag Governorate - Environment and Waste Management
South Upper Egypt Region,Sohag,Lower Middle Income,2023-01,3700,53.7,12.7,9.9,5.5,0.5,17.7,14.6,5408435,81127,1739430,238287,5078,23912,6337,987039,37.6,32,10.6,2.5,Sohag Governorate - Environment and Waste Management
South Upper Egypt Region,Sohag,Lower Middle Income,2023-02,3700,60.9,12.4,7.7,3.4,0.5,15.1,15.8,5416007,81240,1739430,238287,5078,23912,6337,988421,39.9,34.1,13.6,1.6,Sohag Governorate - Environment and Waste Management
South Upper Egypt Region,Sohag,Lower Middle Income,2023-03,3700,52.6,11.8,14.2,2.8,6,12.6,15.3,5423589,95998,1739430,238287,5078,23912,6337,989805,44.9,38.9,10.3,2.5,Sohag Governorate - Environment and Waste Management
South Upper Egypt Region,Sohag,Lower Middle Income,2023-04,3700,60.7,13.6,10.8,5.6,0.6,8.7,16.6,5431182,81468,1669875,234533,4906,21992,5877,991191,35.8,30.3,12.7,2,Sohag Governorate - Environment and Waste Management
South Upper Egypt Region,Sohag,Lower Middle Income,2023-05,3700,50.5,14.3,11.2,4.1,5.4,14.6,15.5,5438786,81582,1669875,234533,4906,21992,5877,992578,42.4,36.5,11.7,1.4,Sohag Governorate - Environment and Waste Management
South Upper Egypt Region,Sohag,Lower Middle Income,2023-06,3700,63.6,10.2,6.3,2.6,3.3,14,16,5446400,81696,1669875,234533,4906,21992,5877,993968,37.1,31.5,13.2,2.7,Sohag Governorate - Environment and Waste Management
South Upper Egypt Region,Sohag,Lower Middle Income,2023-07,3700,51.3,21.2,9.4,4.9,8.5,4.8,16.6,5454025,81810,1642585,231602,4886,23110,6186,995360,43.4,37.5,13.2,2.2,Sohag Governorate - Environment and Waste Management
South Upper Egypt Region,Sohag,Lower Middle Income,2023-08,3700,52.3,11.2,8.4,3.2,8.6,16.3,16.9,5461661,81925,1642585,231602,4886,23110,6186,996753,46.3,40.2,11.5,1.8,Sohag Governorate - Environment and Waste Management
South Upper Egypt Region,Sohag,Lower Middle Income,2023-09,3700,63.8,14.2,4.6,0.5,0.5,16.4,17.1,5469307,82040,1642585,231602,4886,23110,6186,998149,38.5,32.8,12.1,2.5,Sohag Governorate - Environment and Waste Management
South Upper Egypt Region,Sohag,Lower Middle Income,2023-10,3700,52.4,11.5,7.9,11.2,0.5,16.5,16.9,5476964,82154,1780876,236698,5036,23931,6070,999546,45.3,39.3,11.7,2.4,Sohag Governorate - Environment and Waste Management
South Upper Egypt Region,Sohag,Lower Middle Income,2023-11,3700,49.7,11.5,13,8.8,1.7,15.3,16.9,5484632,82269,1780876,236698,5036,23931,6070,1000945,40.3,34.5,12.2,2.4,Sohag Governorate - Environment and Waste Management
South Upper Egypt Region,Sohag,Lower Middle Income,2023-12,3700,59.9,13.8,11.1,1.2,1.9,12.2,16.9,5492310,82385,1780876,236698,5036,23931,6070,1002347,49,42.8,10.5,2.7,Sohag Governorate - Environment and Waste Management
South Upper Egypt Region,Sohag,Lower Middle Income,2024-01,3200,65.6,13.9,5.4,1.4,0.6,13.1,17.1,5500000,82500,1778967,228624,4711,24206,6127,1003750,49,42.8,13.6,1.5,Sohag Governorate - Environment and Waste Management
South Upper Egypt Region,Sohag,Lower Middle Income,2024-02,3200,53.3,11.8,16.8,6.2,4.7,7.2,16.7,5507700,82616,1778967,228624,4711,24206,6127,1005155,48.8,42.7,11.9,2.7,Sohag Governorate - Environment and Waste Management
South Upper Egypt Region,Sohag,Lower Middle Income,2024-03,3200,68.3,12.4,7.7,0.9,0.6,10.2,16.8,5515410,97623,1778967,228624,4711,24206,6127,1006562,49.5,43.3,10.8,2.4,Sohag Governorate - Environment and Waste Management
South Upper Egypt Region,Sohag,Lower Middle Income,2024-04,3200,56.2,11.8,7.6,3.8,7.4,13.3,17.2,5523132,82847,1742258,226607,5019,23230,6496,1007972,40.5,34.8,12.5,1.4,Sohag Governorate - Environment and Waste Management
South Upper Egypt Region,Sohag,Lower Middle Income,2024-05,3200,52.2,8.7,6.8,4.9,9.6,17.7,17.2,5530864,82963,1742258,226607,5019,23230,6496,1009383,48.2,42.1,11.4,1.4,Sohag Governorate - Environment and Waste Management
South Upper Egypt Region,Sohag,Lower Middle Income,2024-06,3200,55.4,12.8,14.9,6.9,0.5,9.4,17.3,5538607,83079,1742258,226607,5019,23230,6496,1010796,44.3,38.3,11.1,1.3,Sohag Governorate - Environment and Waste Management
South Upper Egypt Region,Sohag,Lower Middle Income,2024-07,3200,66.9,6.8,7.5,1.5,2.3,15,17.9,5546362,83195,1709237,232767,5075,22840,6061,1012211,41.4,35.6,10.8,1.7,Sohag Governorate - Environment and Waste Management
South Upper Egypt Region,Sohag,Lower Middle Income,2024-08,3200,54.1,16.2,8.8,2.5,0.5,17.9,18.1,5554126,83312,1709237,232767,5075,22840,6061,1013628,48,41.9,11.5,2,Sohag Governorate - Environment and Waste Management
South Upper Egypt Region,Sohag,Lower Middle Income,2024-09,3200,59.4,9.5,12.2,1.1,1.1,16.6,17.9,5561902,83429,1709237,232767,5075,22840,6061,1015047,40.1,34.3,10.2,2.1,Sohag Governorate - Environment and Waste Management
South Upper Egypt Region,Sohag,Lower Middle Income,2024-10,3200,52.6,21.3,9.3,6.2,0.5,10.1,18.6,5569689,83545,1728368,246989,5097,23372,6072,1016468,48.4,42.3,11.3,1.6,Sohag Governorate - Environment and Waste Management
South Upper Egypt Region,Sohag,Lower Middle Income,2024-11,3200,52.5,9.2,11.9,8.3,4.6,13.5,17.6,5577486,83662,1728368,246989,5097,23372,6072,1017891,45.2,39.2,11.7,1.9,Sohag Governorate - Environment and Waste Management
South Upper Egypt Region,Sohag,Lower Middle Income,2024-12,3200,46.2,14.9,15.8,3.9,5.8,13.4,18.2,5585295,83779,1728368,246989,5097,23372,6072,1019316,35.4,29.9,13,2.7,Sohag Governorate - Environment and Waste Management
South Upper Egypt Region,Sohag,Lower Middle Income,2025-01,3350,59.2,8.3,8,5.7,7.9,11,18.1,5593114,83897,1664087,230584,4845,24408,6048,1020743,40.9,35.1,10.7,2,Sohag Governorate - Environment and Waste Management
South Upper Egypt Region,Sohag,Lower Middle Income,2025-02,3350,54,12.4,16,0.6,0.6,16.4,17.8,5600945,84014,1664087,230584,4845,24408,6048,1022172,46.6,40.5,10.1,1.3,Sohag Governorate - Environment and Waste Management
South Upper Egypt Region,Sohag,Lower Middle Income,2025-03,3350,60.5,15.2,5,2.6,7.6,9,18.7,5608786,99276,1664087,230584,4845,24408,6048,1023603,39.2,33.5,12.5,2.4,Sohag Governorate - Environment and Waste Management
South Upper Egypt Region,Sohag,Lower Middle Income,2025-04,3350,62.4,8.8,13.5,2.6,0.5,12.2,18.8,5616638,84250,1756073,226921,5152,24912,6520,1025036,44.6,38.6,13.6,1.5,Sohag Governorate - Environment and Waste Management
South Upper Egypt Region,Sohag,Lower Middle Income,2025-05,3350,55.7,12.4,13.7,9.2,0.5,8.6,19.5,5624502,84368,1756073,226921,5152,24912,6520,1026472,37.8,32.2,12.1,2.6,Sohag Governorate - Environment and Waste Management
South Upper Egypt Region,Sohag,Lower Middle Income,2025-06,3350,52.9,10,15.2,6.4,0.9,14.5,19.4,5632376,84486,1756073,226921,5152,24912,6520,1027909,43.4,37.5,10.1,2,Sohag Governorate - Environment and Waste Management
South Upper Egypt Region,Sohag,Lower Middle Income,2025-07,3350,53.3,17.8,9.5,0.4,3.6,15.3,18.8,5640261,84604,1833356,236789,5234,24999,6536,1029348,45,39,11.7,1.6,Sohag Governorate - Environment and Waste Management
South Upper Egypt Region,Sohag,Lower Middle Income,2025-08,3350,58,16.2,11.8,0.5,0.5,13,20,5648158,84722,1833356,236789,5234,24999,6536,1030789,43.1,37.2,10.2,2.7,Sohag Governorate - Environment and Waste Management
South Upper Egypt Region,Sohag,Lower Middle Income,2025-09,3350,54.6,9.3,10.7,4.7,8.3,12.4,20,5656065,84841,1833356,236789,5234,24999,6536,1032232,43.3,37.4,11.1,2.1,Sohag Governorate - Environment and Waste Management
South Upper Egypt Region,Sohag,Lower Middle Income,2025-10,3350,48.7,15.5,18.6,6.8,0.5,9.8,19.8,5663983,84960,1745334,244304,4888,23662,6405,1033677,37.9,32.3,12.4,2.7,Sohag Governorate - Environment and Waste Management
South Upper Egypt Region,Sohag,Lower Middle Income,2025-11,3350,53.1,21.4,8.7,1.5,2.4,12.9,19.6,5671913,85079,1745334,244304,4888,23662,6405,1035124,40.7,35,10.4,2,Sohag Governorate - Environment and Waste Management
South Upper Egypt Region,Sohag,Lower Middle Income,2025-12,3350,52.6,7.5,12.4,3.9,6.6,17.1,19.5,5679854,85198,1745334,244304,4888,23662,6405,1036573,35.3,29.8,10.8,1.4,Sohag Governorate - Environment and Waste Management
Suez Canal Region,South Sinai,Middle/High Urban,2021-01,3690,54.8,11.5,10.1,3.6,0.5,19.5,12.4,104597,1569,31986,4594,27,129,36,19089,41.1,35.3,10.4,1.6,South Sinai Governorate - Environmental Sustainability Report
Suez Canal Region,South Sinai,Middle/High Urban,2021-02,3690,66.7,9.9,2.1,0.6,7.4,13.4,12.9,104743,1571,31986,4594,27,129,36,19116,45.8,39.8,13.4,2.7,South Sinai Governorate - Environmental Sustainability Report
Suez Canal Region,South Sinai,Middle/High Urban,2021-03,3690,53.8,15,8,6.3,3.4,13.6,12.9,104890,1573,31986,4594,27,129,36,19142,38.7,33.1,13.4,1.5,South Sinai Governorate - Environmental Sustainability Report
Suez Canal Region,South Sinai,Middle/High Urban,2021-04,3690,50.6,8.9,11,1.1,7.1,21.3,12.2,105037,1860,32297,4323,27,128,36,19169,48.9,42.7,12.4,2.6,South Sinai Governorate - Environmental Sustainability Report
Suez Canal Region,South Sinai,Middle/High Urban,2021-05,3690,49.7,16,10.8,1.7,3.1,18.6,12.1,105184,1578,32297,4323,27,128,36,19196,46.6,40.5,10.1,2.4,South Sinai Governorate - Environmental Sustainability Report
Suez Canal Region,South Sinai,Middle/High Urban,2021-06,3690,58.3,9.5,5.8,3.4,0.5,22.5,12.8,105331,1975,32297,4323,27,128,36,19223,45.5,39.4,13.8,1.9,South Sinai Governorate - Environmental Sustainability Report
Suez Canal Region,South Sinai,Middle/High Urban,2021-07,3690,60.6,17.9,9.4,0.5,0.5,11,12.1,105478,1978,34432,4351,29,137,36,19250,43.9,38,12,2.7,South Sinai Governorate - Environmental Sustainability Report
Suez Canal Region,South Sinai,Middle/High Urban,2021-08,3690,58.2,15.3,12.7,0.5,2.9,10.3,13,105626,1980,34432,4351,29,137,36,19277,38.1,32.4,12,2.6,South Sinai Governorate - Environmental Sustainability Report
Suez Canal Region,South Sinai,Middle/High Urban,2021-09,3690,50,12.9,4.6,6.8,10.7,15,13,105774,1587,34432,4351,29,137,36,19304,41.2,35.4,11.9,1.7,South Sinai Governorate - Environmental Sustainability Report
Suez Canal Region,South Sinai,Middle/High Urban,2021-10,3690,60.9,13,10.1,0.9,4.5,10.5,13,105922,1589,33753,4282,29,133,36,19331,35.3,29.8,13.8,1.3,South Sinai Governorate - Environmental Sustainability Report
Suez Canal Region,South Sinai,Middle/High Urban,2021-11,3690,53.8,15.3,11.2,2,0.6,17.1,12.7,106070,1591,33753,4282,29,133,36,19358,35.6,30,12,2.7,South Sinai Governorate - Environmental Sustainability Report
Suez Canal Region,South Sinai,Middle/High Urban,2021-12,3690,53.3,12.7,17.6,6.8,0.5,9.1,13.7,106219,1593,33753,4282,29,133,36,19385,36.7,31.1,12.7,1.3,South Sinai Governorate - Environmental Sustainability Report
Suez Canal Region,South Sinai,Middle/High Urban,2022-01,4295,61.1,8.2,2.1,6.7,4.5,17.3,13.4,106367,1596,31499,4557,29,134,35,19412,38.6,32.9,10.1,1.3,South Sinai Governorate - Environmental Sustainability Report
Suez Canal Region,South Sinai,Middle/High Urban,2022-02,4295,54.6,12.2,7,5.9,8.8,11.5,13.2,106516,1598,31499,4557,29,134,35,19439,42.1,36.2,12,2.2,South Sinai Governorate - Environmental Sustainability Report
Suez Canal Region,South Sinai,Middle/High Urban,2022-03,4295,59,9.5,7.4,5.5,0.6,18,12.8,106665,1600,31499,4557,29,134,35,19466,46,39.9,12.1,1.4,South Sinai Governorate - Environmental Sustainability Report
Suez Canal Region,South Sinai,Middle/High Urban,2022-04,4295,65.1,5.9,6.1,4.2,2.4,16.2,14,106815,1890,31964,4508,28,140,36,19494,45.3,39.3,12.9,2,South Sinai Governorate - Environmental Sustainability Report
Suez Canal Region,South Sinai,Middle/High Urban,2022-05,4295,55.3,18.1,8.8,0.5,0.5,16.9,14.8,106964,1604,31964,4508,28,140,36,19521,42.9,37.1,13.4,2.7,South Sinai Governorate - Environmental Sustainability Report
Suez Canal Region,South Sinai,Middle/High Urban,2022-06,4295,59.2,16.4,12.9,0.5,0.5,10.4,15,107114,2009,31964,4508,28,140,36,19548,49.9,43.7,11.3,2.5,South Sinai Governorate - Environmental Sustainability Report
Suez Canal Region,South Sinai,Middle/High Urban,2022-07,4295,51.9,11.1,13.8,8.6,1.8,12.8,14.2,107264,2011,34899,4469,29,137,36,19576,48.1,42,11.4,2.7,South Sinai Governorate - Environmental Sustainability Report
Suez Canal Region,South Sinai,Middle/High Urban,2022-08,4295,55.5,14.1,11.3,7.7,6.5,5,14.3,107414,2014,34899,4469,29,137,36,19603,37.7,32.1,12.7,1.7,South Sinai Governorate - Environmental Sustainability Report
Suez Canal Region,South Sinai,Middle/High Urban,2022-09,4295,51.8,17.4,7.7,7.8,1.7,13.6,14.9,107565,1613,34899,4469,29,137,36,19631,35.1,29.6,10.8,2.6,South Sinai Governorate - Environmental Sustainability Report
Suez Canal Region,South Sinai,Middle/High Urban,2022-10,4295,55.6,9.4,13.9,8.1,3.2,9.8,14.4,107715,1616,35004,4355,28,138,36,19658,37.4,31.7,13.6,2.3,South Sinai Governorate - Environmental Sustainability Report
Suez Canal Region,South Sinai,Middle/High Urban,2022-11,4295,50.3,16,15.3,2.4,0.4,15.5,15,107866,1618,35004,4355,28,138,36,19686,44.1,38.2,10.7,1.4,South Sinai Governorate - Environmental Sustainability Report
Suez Canal Region,South Sinai,Middle/High Urban,2022-12,4295,51.6,16,10.6,0.5,3.2,18.2,15.4,108017,1620,35004,4355,28,138,36,19713,35.3,29.8,11.2,2,South Sinai Governorate - Environmental Sustainability Report
Suez Canal Region,South Sinai,Middle/High Urban,2023-01,3700,63.6,10.1,4.1,0.9,1.5,19.8,15.7,108168,1623,33330,4432,28,135,36,19741,37.5,31.8,12.9,1.7,South Sinai Governorate - Environmental Sustainability Report
Suez Canal Region,South Sinai,Middle/High Urban,2023-02,3700,45.6,16.9,4.1,11.7,8.8,12.8,15.3,108320,1625,33330,4432,28,135,36,19768,40.2,34.4,10.9,1.3,South Sinai Governorate - Environmental Sustainability Report
Suez Canal Region,South Sinai,Middle/High Urban,2023-03,3700,60.3,13.8,9.3,0.5,4.5,11.5,15.4,108471,1920,33330,4432,28,135,36,19796,47.1,41,13.1,2.3,South Sinai Governorate - Environmental Sustainability Report
Suez Canal Region,South Sinai,Middle/High Urban,2023-04,3700,52.3,11.9,7.6,12,0.7,15.6,15.2,108623,1629,33858,4413,30,139,37,19824,35.5,30,12.2,2.5,South Sinai Governorate - Environmental Sustainability Report
Suez Canal Region,South Sinai,Middle/High Urban,2023-05,3700,52,13.2,10.8,6.7,3.6,13.7,15.4,108775,1632,33858,4413,30,139,37,19851,39.7,33.9,10.3,2.2,South Sinai Governorate - Environmental Sustainability Report
Suez Canal Region,South Sinai,Middle/High Urban,2023-06,3700,57.1,12.6,6.6,3.8,4,16,15.8,108928,2042,33858,4413,30,139,37,19879,49.9,43.7,10.4,1.3,South Sinai Governorate - Environmental Sustainability Report
Suez Canal Region,South Sinai,Middle/High Urban,2023-07,3700,58.2,12.4,9.9,1.9,4.3,13.3,16.1,109080,2045,33511,4758,27,140,36,19907,36,30.5,10.1,2.6,South Sinai Governorate - Environmental Sustainability Report
Suez Canal Region,South Sinai,Middle/High Urban,2023-08,3700,50.4,15.2,6.4,5.8,2.8,19.5,16.5,109233,2048,33511,4758,27,140,36,19935,44.9,38.9,13,2.6,South Sinai Governorate - Environmental Sustainability Report
Suez Canal Region,South Sinai,Middle/High Urban,2023-09,3700,55.2,15.9,10.1,0.5,0.8,17.5,16,109386,1641,33511,4758,27,140,36,19963,45.9,39.8,12.1,1.7,South Sinai Governorate - Environmental Sustainability Report
Suez Canal Region,South Sinai,Middle/High Urban,2023-10,3700,58.6,4.5,10.8,0.5,3.7,22,17,109539,1643,33242,4716,30,146,38,19991,45.6,39.6,10.9,2.6,South Sinai Governorate - Environmental Sustainability Report
Suez Canal Region,South Sinai,Middle/High Urban,2023-11,3700,58.1,18.9,7.7,3.5,0.5,11.3,16.4,109692,1645,33242,4716,30,146,38,20019,47.8,41.6,13,2.1,South Sinai Governorate - Environmental Sustainability Report
Suez Canal Region,South Sinai,Middle/High Urban,2023-12,3700,50.5,7.3,15,0.5,8.3,18.4,16.7,109846,1648,33242,4716,30,146,38,20047,44.9,38.9,13.8,1.3,South Sinai Governorate - Environmental Sustainability Report
Suez Canal Region,South Sinai,Middle/High Urban,2024-01,3200,63.3,9.4,4,1.9,6.1,15.3,16.5,110000,1650,34296,4513,28,134,36,20075,47.3,41.2,10.4,2.1,South Sinai Governorate - Environmental Sustainability Report
Suez Canal Region,South Sinai,Middle/High Urban,2024-02,3200,51.4,17.4,16.7,3.1,3.5,7.9,15.9,110154,1652,34296,4513,28,134,36,20103,42.8,36.9,13.4,1.3,South Sinai Governorate - Environmental Sustainability Report
Suez Canal Region,South Sinai,Middle/High Urban,2024-03,3200,58.9,14.4,11,2,1.9,11.7,17.5,110308,1953,34296,4513,28,134,36,20131,36.1,30.6,13.7,1.5,South Sinai Governorate - Environmental Sustainability Report
Suez Canal Region,South Sinai,Middle/High Urban,2024-04,3200,60,16.1,2.2,4.2,4.8,12.8,17.5,110462,1657,33534,4850,29,143,37,20159,42,36.2,13.7,2.3,South Sinai Governorate - Environmental Sustainability Report
Suez Canal Region,South Sinai,Middle/High Urban,2024-05,3200,62.4,13,9.5,4.8,3.8,6.5,17.2,110617,1659,33534,4850,29,143,37,20188,42.2,36.3,11,2.3,South Sinai Governorate - Environmental Sustainability Report
Suez Canal Region,South Sinai,Middle/High Urban,2024-06,3200,57.5,11.5,17.3,0.5,0.5,12.8,17.5,110772,2078,33534,4850,29,143,37,20216,48.9,42.7,13.2,2.6,South Sinai Governorate - Environmental Sustainability Report
Suez Canal Region,South Sinai,Middle/High Urban,2024-07,3200,60.2,5.5,7.1,6.5,0.5,20.2,17.8,110927,2080,35136,4601,28,135,36,20244,43,37.1,12.3,1.5,South Sinai Governorate - Environmental Sustainability Report
Suez Canal Region,South Sinai,Middle/High Urban,2024-08,3200,49.1,8.5,11.3,9.5,4.2,17.4,17.1,111082,2082,35136,4601,28,135,36,20272,44.1,38.1,11.5,1.3,South Sinai Governorate - Environmental Sustainability Report
Suez Canal Region,South Sinai,Middle/High Urban,2024-09,3200,59.9,9.1,13,0.5,4.5,13,17.7,111238,1669,35136,4601,28,135,36,20301,40.9,35.1,10.9,1.3,South Sinai Governorate - Environmental Sustainability Report
Suez Canal Region,South Sinai,Middle/High Urban,2024-10,3200,52.7,15.4,10.6,4.6,4.4,12.3,18.3,111393,1671,33201,4961,28,137,36,20329,41,35.2,12.6,2,South Sinai Governorate - Environmental Sustainability Report
Suez Canal Region,South Sinai,Middle/High Urban,2024-11,3200,49.6,16.6,14.6,3.2,3.3,12.7,17.6,111549,1673,33201,4961,28,137,36,20358,35.3,29.8,12.1,2.3,South Sinai Governorate - Environmental Sustainability Report
Suez Canal Region,South Sinai,Middle/High Urban,2024-12,3200,45.6,10.8,15.1,0.8,10.6,17.1,18.4,111705,1676,33201,4961,28,137,36,20386,43.1,37.2,13.2,1.4,South Sinai Governorate - Environmental Sustainability Report
Suez Canal Region,South Sinai,Middle/High Urban,2025-01,3350,56.2,14.9,6.2,2.9,8.5,11.4,17.9,111862,1678,34393,4577,28,139,37,20415,35.8,30.3,10.6,2.6,South Sinai Governorate - Environmental Sustainability Report
Suez Canal Region,South Sinai,Middle/High Urban,2025-02,3350,60.5,7.6,5.3,11.6,3,12,18.7,112018,1680,34393,4577,28,139,37,20443,40.9,35.1,10.6,2.6,South Sinai Governorate - Environmental Sustainability Report
Suez Canal Region,South Sinai,Middle/High Urban,2025-03,3350,57.4,15.4,11.6,1.5,1.6,12.6,18.7,112175,1986,34393,4577,28,139,37,20472,42.2,36.4,13.5,2.6,South Sinai Governorate - Environmental Sustainability Report
Suez Canal Region,South Sinai,Middle/High Urban,2025-04,3350,53.1,9.8,9.9,4.5,7.3,15.4,18.2,112332,1685,33593,4915,29,147,36,20501,45.1,33.2,13.6,2.7,South Sinai Governorate - Environmental Sustainability Report
Suez Canal Region,South Sinai,Middle/High Urban,2025-05,3350,52,12.8,6.7,6.4,7.1,15.1,19.4,112490,1687,33593,4915,29,147,36,20529,46.5,40.4,13.9,1.3,South Sinai Governorate - Environmental Sustainability Report
Suez Canal Region,South Sinai,Middle/High Urban,2025-06,3350,63,15.3,12.5,1.9,0.6,6.8,18.8,112647,2112,33593,4915,29,147,36,20558,49,42.8,11.6,2.4,South Sinai Governorate - Environmental Sustainability Report
Suez Canal Region,South Sinai,Middle/High Urban,2025-07,3350,58.7,14.4,10.8,8.7,0.5,6.9,18.9,112805,2115,34152,4643,29,141,39,20587,50,37.1,10.8,2.4,South Sinai Governorate - Environmental Sustainability Report
Suez Canal Region,South Sinai,Middle/High Urban,2025-08,3350,62.1,15.5,3.3,5.9,1.6,11.5,19.4,112963,2118,34152,4643,29,141,39,20616,49.2,43,13.4,2.5,South Sinai Governorate - Environmental Sustainability Report
Suez Canal Region,South Sinai,Middle/High Urban,2025-09,3350,64.4,3.7,8.7,1.3,6,15.8,20,113121,1697,34152,4643,29,141,39,20645,39.6,33.9,10.4,2.2,South Sinai Governorate - Environmental Sustainability Report
Suez Canal Region,South Sinai,Middle/High Urban,2025-10,3350,62.8,2.9,7.2,6.8,1.8,18.5,19.2,113279,1699,36226,4801,29,147,37,20673,39.8,34.1,11.3,2,South Sinai Governorate - Environmental Sustainability Report
Suez Canal Region,South Sinai,Middle/High Urban,2025-11,3350,49.5,16.1,7.6,1,7,18.8,19.7,113438,1702,36226,4801,29,147,37,20702,35.1,29.6,13.1,1.3,South Sinai Governorate - Environmental Sustainability Report
Suez Canal Region,South Sinai,Middle/High Urban,2025-12,3350,53.2,18.5,13.2,0.8,3.2,11.1,20.1,113597,1704,36226,4801,29,147,37,20731,35.4,29.9,12.3,2.2,South Sinai Governorate - Environmental Sustainability Report
Suez Canal Region,Suez,Lower Middle Income,2021-01,3690,56.4,15.2,8.2,6.3,0.4,13.3,12.1,741688,20026,239819,30730,633,3094,823,243645,83.1,78.9,10.6,2.4,Suez Governorate - Environmental Affairs Department
Suez Canal Region,Suez,Lower Middle Income,2021-02,3690,53.5,6.5,13.5,7.9,5.2,13.4,12,742726,20054,239819,30730,633,3094,823,243985,89.7,85.2,12.1,2.1,Suez Governorate - Environmental Affairs Department
Suez Canal Region,Suez,Lower Middle Income,2021-03,3690,54.2,8.9,6.4,3.3,7.8,19.4,12,743766,20082,239819,30730,633,3094,823,244327,84.4,80.1,10.4,1.7,Suez Governorate - Environmental Affairs Department
Suez Canal Region,Suez,Lower Middle Income,2021-04,3690,60.6,11.2,7.8,0.5,5.7,14.1,12.4,744807,23730,241906,32026,694,3095,877,244669,86.7,82.4,11.5,2.7,Suez Governorate - Environmental Affairs Department
Suez Canal Region,Suez,Lower Middle Income,2021-05,3690,50.5,16.8,9.4,2.2,4.7,16.4,12.1,745850,20138,241906,32026,694,3095,877,245012,86.9,82.6,13.8,1.8,Suez Governorate - Environmental Affairs Department
Suez Canal Region,Suez,Lower Middle Income,2021-06,3690,56.9,15.8,9.3,3.8,3.4,10.8,11.5,746894,20166,241906,32026,694,3095,877,245355,88.3,83.8,11,2,Suez Governorate - Environmental Affairs Department
Suez Canal Region,Suez,Lower Middle Income,2021-07,3690,49.1,16.9,16.5,9.5,0.5,7.6,13,747940,20194,227705,31781,672,3268,833,245698,89.1,84.7,10.8,2.4,Suez Governorate - Environmental Affairs Department
Suez Canal Region,Suez,Lower Middle Income,2021-08,3690,54.9,14.5,0.5,1.9,9.1,19.2,13.3,748987,20223,227705,31781,672,3268,833,246042,84.6,80.3,10.3,1.5,Suez Governorate - Environmental Affairs Department
Suez Canal Region,Suez,Lower Middle Income,2021-09,3690,54.4,11.4,12.3,7.8,1,13.2,12.2,750036,20251,227705,31781,672,3268,833,246387,84.2,80,12.9,2.2,Suez Governorate - Environmental Affairs Department
Suez Canal Region,Suez,Lower Middle Income,2021-10,3690,59.4,8.6,10.1,3,0.6,18.4,12.8,751086,20279,234696,30677,664,3343,851,246732,89.9,85.4,11.2,1.7,Suez Governorate - Environmental Affairs Department
Suez Canal Region,Suez,Lower Middle Income,2021-11,3690,59.5,16.1,7.1,0.5,5,11.8,13.5,752137,20308,234696,30677,664,3343,851,247077,85.7,81.4,10.1,1.4,Suez Governorate - Environmental Affairs Department
Suez Canal Region,Suez,Lower Middle Income,2021-12,3690,58.1,8.6,10,11.5,1.1,10.7,14.3,753190,20336,234696,30677,664,3343,851,247423,83.6,79.4,10.8,2.5,Suez Governorate - Environmental Affairs Department
Suez Canal Region,Suez,Lower Middle Income,2022-01,4295,61.3,14.3,1.5,7,12.2,3.8,13.6,754245,20365,240341,31125,665,3049,866,247769,84,79.8,11.1,2.6,Suez Governorate - Environmental Affairs Department
Suez Canal Region,Suez,Lower Middle Income,2022-02,4295,54.7,1.7,10.5,8.5,3.7,20.9,13.4,755301,20393,240341,31125,665,3049,866,248116,85.3,81.1,13.8,2.7,Suez Governorate - Environmental Affairs Department
Suez Canal Region,Suez,Lower Middle Income,2022-03,4295,54,18,13.4,2.2,2.9,9.6,13.8,756358,20422,240341,31125,665,3049,866,248464,83.5,79.4,13,1.6,Suez Governorate - Environmental Affairs Department
Suez Canal Region,Suez,Lower Middle Income,2022-04,4295,58.5,12.6,9,8.8,1.4,9.6,14.5,757417,24131,224069,32416,666,3174,865,248811,88.1,83.7,11.9,2.5,Suez Governorate - Environmental Affairs Department
Suez Canal Region,Suez,Lower Middle Income,2022-05,4295,52.9,15.8,4.4,3.3,8.3,15.3,13.8,758477,20479,224069,32416,666,3174,865,249160,83.4,79.2,12.2,2.4,Suez Governorate - Environmental Affairs Department
Suez Canal Region,Suez,Lower Middle Income,2022-06,4295,60.6,13.9,6.3,0.5,2.3,16.3,14,759539,20508,224069,32416,666,3174,865,249509,86.2,81.9,12.5,2.5,Suez Governorate - Environmental Affairs Department
Suez Canal Region,Suez,Lower Middle Income,2022-07,4295,48.3,10.9,12.4,8.3,5,15.2,14.2,760603,20536,229665,33898,657,3295,902,249858,84.4,80.2,11.7,2.7,Suez Governorate - Environmental Affairs Department
Suez Canal Region,Suez,Lower Middle Income,2022-08,4295,56.6,9,13.1,0.5,2,18.7,14.1,761667,20565,229665,33898,657,3295,902,250208,85,80.8,11.6,2.3,Suez Governorate - Environmental Affairs Department
Suez Canal Region,Suez,Lower Middle Income,2022-09,4295,61.8,11.9,7.3,5.3,0.5,13.2,14.7,762734,20594,229665,33898,657,3295,902,250558,89.2,84.8,13.1,2.2,Suez Governorate - Environmental Affairs Department
Suez Canal Region,Suez,Lower Middle Income,2022-10,4295,61.1,14.2,11.3,0.6,0.5,12.2,15.4,763802,20623,243573,33824,666,3359,864,250909,86.9,82.6,11.1,1.9,Suez Governorate - Environmental Affairs Department
Suez Canal Region,Suez,Lower Middle Income,2022-11,4295,50.9,14.7,13.9,7.5,1.9,11,15,764871,20652,243573,33824,666,3359,864,251260,89.3,84.8,13.8,1.9,Suez Governorate - Environmental Affairs Department
Suez Canal Region,Suez,Lower Middle Income,2022-12,4295,52.6,13.7,9.8,9.9,2.6,11.4,15,765942,20680,243573,33824,666,3359,864,251612,86.6,82.2,12.4,2,Suez Governorate - Environmental Affairs Department
Suez Canal Region,Suez,Lower Middle Income,2023-01,3700,52.3,6.6,12.2,3.5,4.9,20.6,15.1,767014,20709,241548,32700,706,3267,833,251964,85.2,68.8,12.6,2.7,Suez Governorate - Environmental Affairs Department
Suez Canal Region,Suez,Lower Middle Income,2023-02,3700,60.3,4,13.1,5,0.6,17,14.7,768088,20738,241548,32700,706,3267,833,252317,84.5,80.3,13.7,2.7,Suez Governorate - Environmental Affairs Department
Suez Canal Region,Suez,Lower Middle Income,2023-03,3700,60.5,8.6,8.2,9,0.5,13.2,15.9,769163,24505,241548,32700,706,3267,833,252670,83.7,79.5,12.5,1.3,Suez Governorate - Environmental Affairs Department
Suez Canal Region,Suez,Lower Middle Income,2023-04,3700,52.4,8.1,12.3,10.4,0.6,16.2,15.6,770240,20796,246803,33969,668,3401,908,253024,83.5,79.3,12.2,2.5,Suez Governorate - Environmental Affairs Department
Suez Canal Region,Suez,Lower Middle Income,2023-05,3700,55.6,17.3,5.3,5.8,0.5,15.4,15.6,771318,20826,246803,33969,668,3401,908,253378,87.3,83,12.7,2.6,Suez Governorate - Environmental Affairs Department
Suez Canal Region,Suez,Lower Middle Income,2023-06,3700,56.9,12,11.8,4.2,2.5,12.6,17.2,772398,20855,246803,33969,668,3401,908,253733,84.4,80.2,13.2,2.4,Suez Governorate - Environmental Affairs Department
Suez Canal Region,Suez,Lower Middle Income,2023-07,3700,60.3,15,6.5,2.7,0.5,15,16.1,773479,20884,242227,32276,721,3376,910,254088,88.3,83.9,10.5,1.4,Suez Governorate - Environmental Affairs Department
Suez Canal Region,Suez,Lower Middle Income,2023-08,3700,52.3,15.5,12.4,0.5,3,16.3,15.8,774562,20913,242227,32276,721,3376,910,254444,89,84.6,12.7,2.5,Suez Governorate - Environmental Affairs Department
Suez Canal Region,Suez,Lower Middle Income,2023-09,3700,56.3,10.3,5.6,7.6,6.6,13.6,16.1,775647,20942,242227,32276,721,3376,910,254800,84,67.8,13.6,2,Suez Governorate - Environmental Affairs Department
Suez Canal Region,Suez,Lower Middle Income,2023-10,3700,62.3,1.3,16.1,3.5,3.6,13.3,16.9,776733,20972,230096,33042,674,3355,883,255157,84.8,80.6,13,2.3,Suez Governorate - Environmental Affairs Department
Suez Canal Region,Suez,Lower Middle Income,2023-11,3700,56,8.1,14.5,5.1,4.9,11.5,16.5,777820,21001,230096,33042,674,3355,883,255514,86.4,82,11,2.1,Suez Governorate - Environmental Affairs Department
Suez Canal Region,Suez,Lower Middle Income,2023-12,3700,49.4,16.3,11,9.2,2.1,12,16.1,778909,21031,230096,33042,674,3355,883,255872,84.7,80.4,13.1,1.6,Suez Governorate - Environmental Affairs Department
Suez Canal Region,Suez,Lower Middle Income,2024-01,3200,54.8,18.3,9,0.9,5.6,11.5,17.2,780000,21060,242551,31483,676,3407,901,256230,85,80.7,10.5,1.8,Suez Governorate - Environmental Affairs Department
Suez Canal Region,Suez,Lower Middle Income,2024-02,3200,55.8,11.5,15.5,1.1,4.7,11.5,16.6,781092,21089,242551,31483,676,3407,901,256589,87.8,83.4,12.3,2.6,Suez Governorate - Environmental Affairs Department
Suez Canal Region,Suez,Lower Middle Income,2024-03,3200,54.9,10.1,11.6,6.8,4.6,12.1,17.8,782185,24920,242551,31483,676,3407,901,256948,84.8,80.6,10.8,1.5,Suez Governorate - Environmental Affairs Department
Suez Canal Region,Suez,Lower Middle Income,2024-04,3200,55,16.3,13.4,0.5,2,12.8,17.6,783280,21149,242884,32248,724,3198,849,257307,84.1,79.9,11.8,2.7,Suez Governorate - Environmental Affairs Department
Suez Canal Region,Suez,Lower Middle Income,2024-05,3200,55.2,12,12,0.5,3.7,16.6,17.1,784377,21178,242884,32248,724,3198,849,257668,86.5,82.2,12.7,2.2,Suez Governorate - Environmental Affairs Department
Suez Canal Region,Suez,Lower Middle Income,2024-06,3200,47.5,21.9,13.9,3.5,0.5,12.7,18,785475,21208,242884,32248,724,3198,849,258029,87.3,82.9,10.2,1.8,Suez Governorate - Environmental Affairs Department
Suez Canal Region,Suez,Lower Middle Income,2024-07,3200,54.3,14.2,15.5,2,5.2,8.7,17.6,786574,21237,238162,34535,672,3201,927,258390,85.8,81.6,13.8,1.5,Suez Governorate - Environmental Affairs Department
Suez Canal Region,Suez,Lower Middle Income,2024-08,3200,52.5,14,12.2,0.9,1.2,19.3,18,787676,21267,238162,34535,672,3201,927,258752,83.7,79.5,12.5,1.5,Suez Governorate - Environmental Affairs Department
Suez Canal Region,Suez,Lower Middle Income,2024-09,3200,57.6,13.1,0.9,13.2,2.9,12.2,18.1,788778,21297,238162,34535,672,3201,927,259114,85.8,81.5,10,2,Suez Governorate - Environmental Affairs Department
Suez Canal Region,Suez,Lower Middle Income,2024-10,3200,53.4,14.4,11.4,7.9,0.5,12.5,17.7,789883,21327,245426,32798,683,3491,896,259477,87.9,83.5,12,2.1,Suez Governorate - Environmental Affairs Department
Suez Canal Region,Suez,Lower Middle Income,2024-11,3200,57.6,12.5,8.4,0.4,4.5,16.5,17.8,790989,21357,245426,32798,683,3491,896,259840,87,82.7,13.1,2.4,Suez Governorate - Environmental Affairs Department
Suez Canal Region,Suez,Lower Middle Income,2024-12,3200,53.2,10.7,10.3,9.4,6.5,9.9,18.7,792096,21387,245426,32798,683,3491,896,260204,86.3,82,13.2,1.7,Suez Governorate - Environmental Affairs Department
Suez Canal Region,Suez,Lower Middle Income,2025-01,3350,51.3,15.7,14.8,0.6,3.3,14.4,18.3,793205,21417,254973,33851,737,3492,892,260568,85,68.6,11.2,2.6,Suez Governorate - Environmental Affairs Department
Suez Canal Region,Suez,Lower Middle Income,2025-02,3350,53.6,10.2,14.6,4.5,0.5,16.6,18.3,794315,21447,254973,33851,737,3492,892,260932,85,80.7,12.3,1.8,Suez Governorate - Environmental Affairs Department
Suez Canal Region,Suez,Lower Middle Income,2025-03,3350,50.8,15.9,12.2,8.4,2,10.7,18.3,795427,25343,254973,33851,737,3492,892,261298,86.3,82,12.1,1.6,Suez Governorate - Environmental Affairs Department
Suez Canal Region,Suez,Lower Middle Income,2025-04,3350,63.1,14.2,8.6,2,1.6,10.5,19,796541,21507,242377,32551,720,3376,939,261664,85.8,81.5,12,2.6,Suez Governorate - Environmental Affairs Department
Suez Canal Region,Suez,Lower Middle Income,2025-05,3350,56.9,12.4,8.6,0.5,0.5,21.1,19.7,797656,21537,242377,32551,720,3376,939,262030,87.9,83.5,12.2,2.6,Suez Governorate - Environmental Affairs Department
Suez Canal Region,Suez,Lower Middle Income,2025-06,3350,49.9,14.5,9.9,0.5,9.7,15.5,18.7,798773,21567,242377,32551,720,3376,939,262397,87.6,83.2,11.9,2.5,Suez Governorate - Environmental Affairs Department
Suez Canal Region,Suez,Lower Middle Income,2025-07,3350,55.6,13.5,5.7,12.1,0.5,12.6,19.2,799891,21597,254537,35219,738,3330,948,262764,84.1,79.9,13.8,1.8,Suez Governorate - Environmental Affairs Department
Suez Canal Region,Suez,Lower Middle Income,2025-08,3350,48.4,12.2,13.9,10.1,1.3,14.1,19.9,801011,21627,254537,35219,738,3330,948,263132,87.9,83.5,12.6,2.2,Suez Governorate - Environmental Affairs Department
Suez Canal Region,Suez,Lower Middle Income,2025-09,3350,47.4,7.6,16.5,8,3.2,17.2,19.5,802132,21658,254537,35219,738,3330,948,263500,87.8,83.4,10.2,2.6,Suez Governorate - Environmental Affairs Department
Suez Canal Region,Suez,Lower Middle Income,2025-10,3350,52.1,11.5,9.7,8.6,0.4,17.7,19.8,803255,21688,238851,34744,705,3503,920,263869,88.1,83.7,10.5,2.2,Suez Governorate - Environmental Affairs Department
Suez Canal Region,Suez,Lower Middle Income,2025-11,3350,53,18.3,9.6,5.2,2.6,11.3,19.3,804380,21718,238851,34744,705,3503,920,264239,83,78.9,13.6,2.2,Suez Governorate - Environmental Affairs Department
Suez Canal Region,Suez,Lower Middle Income,2025-12,3350,64.7,21.7,0.9,0.6,0.6,11.5,20.1,805506,21749,238851,34744,705,3503,920,264609,84.1,79.9,12,2.3,Suez Governorate - Environmental Affairs Department
